user_id,hafta,sehir,arac_sahibi,dolmus_km,otobus_km,metro_km,otomobil_km,ucak_km,haftalik_co2_kg
1,1,diger,1,0.0,19.01,28.76,65.37,0.0,15.24953
1,2,diger,1,43.59,54.5,27.78,101.9,0.0,30.400450000000003
1,3,diger,1,36.0,24.92,37.49,72.2,0.0,21.53243
1,4,diger,1,49.76,39.2,22.45,64.98,0.0,22.47311
1,5,diger,1,37.7,50.31,53.68,64.69,0.0,23.11237
1,6,diger,1,40.73,62.38,26.48,52.85,0.0,21.30977
1,7,diger,1,43.64,53.1,20.31,82.96,0.0,26.38367
1,8,diger,1,45.74,47.36,36.7,78.54,0.0,25.83932
1,9,diger,1,7.98,37.85,22.88,59.9,0.0,16.58795
1,10,diger,1,17.87,62.0,8.08,68.99,0.0,21.10193
1,11,diger,1,43.68,58.36,24.48,65.0,0.0,23.55404
1,12,diger,1,10.92,22.99,17.32,90.67,0.0,21.316750000000003
1,13,diger,1,25.0,46.84,36.57,69.31,0.0,21.63123
1,14,diger,1,25.67,36.4,13.85,89.83,0.0,23.92376
1,15,diger,1,39.54,51.57,36.67,74.32,0.0,24.68972
1,16,diger,1,4.17,17.19,12.3,49.68,0.0,11.97852
1,17,diger,1,25.1,65.87,23.76,95.38,0.0,27.89349
1,18,diger,1,15.96,36.76,38.21,29.59,0.0,12.12567
1,19,diger,1,21.64,16.98,28.91,61.53,0.0,16.82543
1,20,diger,1,56.29,38.11,15.59,79.7,0.0,25.71319
2,1,ankara,1,25.75,32.31,42.2,47.92,0.0,16.51448
2,2,ankara,1,9.52,30.92,58.53,123.02,0.0,29.51507
2,3,ankara,1,49.32,32.77,4.63,108.07,0.0,29.49982
2,4,ankara,1,27.17,51.18,76.24,101.62,0.0,29.85901
2,5,ankara,1,5.51,43.39,51.17,156.5,0.0,36.33431
2,6,ankara,1,30.29,28.3,31.55,73.65,0.0,21.247100000000003
2,7,ankara,1,57.62,34.44,74.35,111.05,0.0,33.61531
2,8,ankara,1,27.04,66.31,43.32,56.19,0.0,21.31587
2,9,ankara,1,74.33,60.01,51.39,109.67,0.0,36.74413
2,10,ankara,1,32.46,82.47,64.32,154.14,0.0,42.91880999999999
2,11,ankara,1,12.04,94.07,93.27,92.44,0.0,30.76976
2,12,ankara,1,18.0,35.95,70.37,87.36,0.0,24.50562
2,13,ankara,1,48.24,89.44,56.37,122.52,0.0,39.00455
2,14,ankara,1,23.28,27.74,33.83,88.05,0.0,23.23571
2,15,ankara,1,41.11,44.31,45.92,133.08,0.0,35.829800000000006
2,16,ankara,1,38.14,40.35,49.45,109.24,0.0,30.68208
2,17,ankara,1,42.13,60.46,110.47,162.52,0.0,45.29618000000001
2,18,ankara,1,9.98,41.73,60.49,139.74,0.0,33.8089
2,19,ankara,1,0.0,51.08,28.73,78.91,0.0,20.70239
2,20,ankara,1,38.43,14.82,19.79,171.8,0.0,39.41668000000001
3,1,diger,0,24.04,46.47,46.47,0.0,0.0,8.52688
3,2,diger,0,37.33,35.28,25.88,0.0,0.0,8.33867
3,3,diger,0,34.08,32.09,32.94,43.82,0.0,16.341549999999998
3,4,diger,0,31.72,42.34,19.19,26.02,0.0,13.08355
3,5,diger,0,66.16,72.34,33.42,0.0,0.0,15.21636
3,6,diger,0,13.38,64.17,31.31,30.74,0.0,14.24776
3,7,diger,0,39.06,23.33,22.73,25.25,0.0,12.21182
3,8,diger,0,29.75,38.57,30.13,57.59,0.0,18.96581
3,9,diger,0,34.43,48.63,23.88,0.0,0.0,9.12332
3,10,diger,0,6.82,60.22,24.97,16.75,0.0,10.23383
3,11,diger,0,52.88,54.01,49.69,50.09,0.0,22.24452
3,12,diger,0,39.69,59.73,25.44,20.35,0.0,14.67792
3,13,diger,0,12.66,58.44,26.56,50.62,0.0,17.305699999999998
3,14,diger,0,44.52,15.31,28.29,0.0,0.0,7.47254
3,15,diger,0,42.74,31.28,16.38,19.3,0.0,11.97792
3,16,diger,0,36.41,63.75,35.61,0.0,0.0,11.10725
3,17,diger,0,38.17,72.23,3.28,2.04,0.0,11.3245
3,18,diger,0,54.14,48.69,37.75,2.53,0.0,12.366519999999998
3,19,diger,0,35.18,47.3,31.55,0.0,0.0,9.35965
3,20,diger,0,36.89,59.86,15.15,14.3,0.0,12.84574
4,1,bursa,0,34.03,72.08,41.63,43.74,0.0,20.1837
4,2,bursa,0,30.97,7.84,52.59,6.2,0.0,7.290360000000001
4,3,bursa,0,11.96,15.32,19.93,31.83,0.0,9.54779
4,4,bursa,0,9.43,1.77,31.75,5.76,0.0,3.45915
4,5,bursa,0,37.35,62.98,34.47,35.77,0.0,17.97476
4,6,bursa,0,38.31,64.03,26.03,35.42,0.0,17.816010000000002
4,7,bursa,0,0.0,22.29,11.6,0.0,0.0,2.38981
4,8,bursa,0,38.7,70.03,49.6,17.99,0.0,15.87325
4,9,bursa,0,59.92,50.31,20.39,2.19,0.0,12.50252
4,10,bursa,0,28.68,64.35,54.97,0.0,0.0,10.9493
4,11,bursa,0,33.3,11.61,44.92,1.89,0.0,6.79787
4,12,bursa,0,23.34,56.85,29.1,30.02,0.0,14.52609
4,13,bursa,0,29.68,19.01,47.26,10.35,0.0,8.74639
4,14,bursa,0,33.25,56.0,58.92,83.84,0.0,26.96723
4,15,bursa,0,55.13,31.52,36.5,19.49,0.0,14.16481
4,16,bursa,0,6.39,6.54,16.42,6.24,0.0,3.08969
4,17,bursa,0,56.23,29.45,37.06,7.97,0.0,11.914840000000002
4,18,bursa,0,46.18,41.25,45.9,0.0,0.0,10.58845
4,19,bursa,0,39.74,78.1,33.35,38.12,0.0,20.00729
4,20,bursa,0,20.63,55.68,19.68,39.32,0.0,15.566210000000002
5,1,istanbul,1,65.17,14.3,49.73,31.78,0.0,16.609560000000002
5,2,istanbul,1,65.91,43.34,21.21,0.0,0.0,12.17926
5,3,istanbul,1,56.26,48.35,72.79,50.14,0.0,22.94758
5,4,istanbul,1,43.28,82.57,68.61,135.92,0.0,40.82392
5,5,istanbul,1,84.49,37.57,37.6,164.3,0.0,45.92168
5,6,istanbul,1,35.93,102.46,64.85,123.25,0.0,39.18464
5,7,istanbul,1,23.71,51.25,72.43,49.93,0.0,19.40951
5,8,istanbul,1,73.31,0.15,40.34,45.32,0.0,18.557340000000003
5,9,istanbul,1,42.35,57.22,57.38,121.42,0.0,35.283770000000004
5,10,istanbul,1,63.02,74.8,76.84,126.09,0.0,40.80318
5,11,istanbul,1,39.34,43.95,34.39,63.62,0.0,21.85434
5,12,istanbul,1,25.28,61.97,70.26,115.11,0.0,32.98275
5,13,istanbul,1,65.17,60.44,44.88,136.86,0.0,40.721630000000005
5,14,istanbul,1,44.43,70.04,37.34,119.32,0.0,35.55935
5,15,istanbul,1,77.57,57.98,72.08,17.15,0.0,19.89637
5,16,istanbul,1,20.78,82.43,113.48,65.78,0.0,26.327530000000003
5,17,istanbul,1,84.78,31.2,67.73,184.97,0.0,50.41129
5,18,istanbul,1,6.89,29.29,49.48,90.8,0.0,22.56456
5,19,istanbul,1,3.99,76.34,45.51,161.33,0.0,39.82132
5,20,istanbul,1,57.63,81.49,70.94,44.35,0.0,24.87816
6,1,istanbul,0,25.94,28.31,76.43,34.52,0.0,14.80558
6,2,istanbul,0,34.93,62.77,66.49,1.82,0.0,12.28007
6,3,istanbul,0,76.03,34.73,0.0,87.27,0.0,28.59026
6,4,istanbul,0,0.18,53.8,52.18,18.41,0.0,10.16992
6,5,istanbul,0,58.19,23.72,78.63,106.83,0.0,32.06634
6,6,istanbul,0,42.37,78.76,15.58,32.56,0.0,18.67901
6,7,istanbul,0,42.77,109.21,32.68,50.5,0.0,25.47804
6,8,istanbul,0,75.39,55.09,16.85,25.83,0.0,19.12197
6,9,istanbul,0,44.43,18.4,18.83,45.66,0.0,16.172819999999998
6,10,istanbul,0,63.81,69.43,41.65,0.0,0.0,14.975170000000002
6,11,istanbul,0,94.85625,75.62,72.23,20.1,0.0,24.02589875
6,12,istanbul,0,77.41,50.56,50.56,7.57,0.0,16.625030000000002
6,13,istanbul,0,36.29,53.61,71.14,17.14,0.0,14.72542
6,14,istanbul,0,27.69,2.11,35.91,0.0,0.0,4.62899
6,15,istanbul,0,41.2,36.88,60.71,69.33,0.0,23.45653
6,16,istanbul,0,59.25,57.3,77.62,25.76,0.0,19.57607
6,17,istanbul,0,45.48,57.26,28.93,0.0,0.0,11.33889
6,18,istanbul,0,21.74,60.34,89.76,0.0,0.0,11.01196
6,19,istanbul,0,79.31,69.41,79.43,0.0,0.0,18.07819
6,20,istanbul,0,46.95,76.81,55.33,36.92,0.0,21.260530000000003
7,1,istanbul,1,71.81,35.14,11.94,112.05,0.0,33.31711
7,2,istanbul,1,57.36,52.53,36.93,110.51,0.0,33.78204
7,3,istanbul,1,91.25,106.26,87.21,72.84,0.0,36.98852
7,4,istanbul,1,55.89,94.96,76.47,139.45,0.0,44.32964
7,5,istanbul,1,3.78,64.89,45.97,60.88,0.0,19.50782
7,6,istanbul,1,79.28,70.8,97.24,113.8,0.0,40.6714
7,7,istanbul,1,54.93,64.14,26.6,108.79,0.0,33.84409000000001
7,8,istanbul,1,47.04,70.79,62.9,105.44,0.0,34.15589
7,9,istanbul,1,28.63,30.52,74.77,128.42,0.0,33.28232
7,10,istanbul,1,70.48,92.14,88.58,114.76,0.0,41.43988
7,11,istanbul,1,54.44,73.45,94.73,155.92,0.0,46.04984
7,12,istanbul,1,38.63,69.11,55.72,89.34,0.0,29.69672000000001
7,13,istanbul,1,31.51,72.13,50.86,122.79,0.0,35.399
7,14,istanbul,1,34.76,101.3,30.61,28.37,0.0,19.53149
7,15,istanbul,1,47.37,60.82,93.58,6.42,0.0,15.36847
7,16,istanbul,1,19.82,54.48,42.19,78.43,0.0,23.66323
7,17,istanbul,1,91.26,55.34,112.5,115.38,0.0,41.51062
7,18,istanbul,1,49.06,72.63,114.47875,145.14,0.0,43.97960625
7,19,istanbul,1,37.57,50.39,84.65,113.33,0.0,33.527370000000005
7,20,istanbul,1,53.24,73.27,10.18,136.16,0.0,39.14265
8,1,istanbul,0,62.57,26.5,47.77,3.07,0.0,11.81544
8,2,istanbul,0,21.5,79.71,60.52,0.0,0.0,11.68489
8,3,istanbul,0,39.78,58.9,58.54,34.33,0.0,18.45706
8,4,istanbul,0,17.77,33.4,66.36,73.3,0.0,21.41235
8,5,istanbul,0,5.49,39.78,44.62,9.83,0.0,7.620830000000001
8,6,istanbul,0,70.39,45.04,38.05,44.89,0.0,22.05404
8,7,istanbul,0,48.75,59.61,102.73,1.76,0.0,14.84501
8,8,istanbul,0,15.87,65.27,32.89,0.0,0.0,8.785229999999999
8,9,istanbul,0,31.82,90.58,92.41,84.35,0.0,31.15047
8,10,istanbul,0,1.55,56.29,39.25,31.87,0.0,12.68085
8,11,istanbul,0,91.87,59.49,72.55,17.38,0.0,21.73587
8,12,istanbul,0,57.59,95.35,105.4,39.16,0.0,26.31672
8,13,istanbul,0,44.16,88.27,83.7,34.81,0.0,22.54745
8,14,istanbul,0,75.95,72.17,52.54,40.35,0.0,24.74348
8,15,istanbul,0,0.0,18.09,73.73,45.9,0.0,13.00336
8,16,istanbul,0,78.63,50.5,114.47875,26.28,0.0,22.58946625
8,17,istanbul,0,50.18,37.54,59.13,25.43,0.0,16.06387
8,18,istanbul,0,28.37,87.16,61.46,15.1,0.0,16.07009
8,19,istanbul,0,60.35,36.66,33.48,69.56,0.0,24.73031
8,20,istanbul,0,54.94,73.18,20.31,34.36,0.0,20.139090000000003
9,1,diger,1,25.43,32.99,37.21,111.32,0.0,28.53635
9,2,diger,1,28.94,48.25,36.68,77.68,0.0,23.82071
9,3,diger,1,29.84,29.38,22.78,91.47,0.0,24.40596
9,4,diger,1,41.51,35.72,36.79,84.99,0.0,25.55846
9,5,diger,1,23.34,13.38,15.62,48.83,0.0,13.79698
9,6,diger,1,25.71,53.67,32.07,83.96,0.0,24.97605
9,7,diger,1,0.0,36.71,1.86,77.62,0.0,18.23533
9,8,diger,1,51.3,47.37,22.52,90.59,0.0,28.29691
9,9,diger,1,47.69,33.31,38.31,95.22,0.0,28.07203
9,10,diger,1,43.56,45.82,19.42,54.23,0.0,20.17924
9,11,diger,1,16.26,51.84,13.46,72.05,0.0,20.78836
9,12,diger,1,9.51,72.15,31.23,90.69,0.0,26.02053
9,13,diger,1,29.43,70.39,23.14,108.63,0.0,31.31602
9,14,diger,1,14.25,51.81,46.28,75.02,0.0,22.27348
9,15,diger,1,27.65,14.46,17.17,82.21,0.0,20.85196
9,16,diger,1,22.69,71.2,32.3,74.69,0.0,24.41713
9,17,diger,1,33.26,35.82,11.35,34.79,0.0,14.08981
9,18,diger,1,21.63,42.93,37.64,80.58,0.0,23.09698
9,19,diger,1,57.03,52.05,40.14,109.92,0.0,33.70044
9,20,diger,1,40.61,51.8,14.8,94.06,0.0,27.85787
10,1,diger,1,26.21,21.72,24.59,76.64,0.0,20.52276
10,2,diger,1,24.93,48.15,15.88,86.18,0.0,24.25466
10,3,diger,1,26.62,38.36,24.11,119.57,0.0,30.27663
10,4,diger,1,0.0,26.41,24.51,56.49,0.0,14.05442
10,5,diger,1,51.43,43.51,28.28,72.77,0.0,24.74848
10,6,diger,1,0.0,7.22,21.91,77.44,0.0,16.27791
10,7,diger,1,25.29,61.57,40.89,81.51,0.0,25.469150000000003
10,8,diger,1,22.48,55.95,29.79,76.79,0.0,23.351080000000003
10,9,diger,1,8.36,21.39,23.45,68.21,0.0,16.782179999999997
10,10,diger,1,17.51,87.21,50.11,65.22,0.0,24.05143
10,11,diger,1,0.59,41.0,16.19,74.04,0.0,18.499180000000003
10,12,diger,1,33.99,49.92,33.51,40.95,0.0,17.38698
10,13,diger,1,41.83,43.09,11.65,68.09,0.0,22.12649
10,14,diger,1,29.65,71.83,41.2,70.61,0.0,24.80174
10,15,diger,1,64.91,21.65,17.54,119.63,0.0,32.97436
10,16,diger,1,23.38,50.23,26.82,58.32,0.0,19.29531
10,17,diger,1,17.1,83.53,31.68,99.56,0.0,29.62499
10,18,diger,1,19.76,0.0,11.5,27.37,0.0,7.92994
10,19,diger,1,51.63,41.33,42.92,85.39,0.0,27.5129
10,20,diger,1,38.82,54.67,20.72,88.92,0.0,27.12777
11,1,istanbul,0,51.61,40.58,58.98,46.85,0.0,20.60627
11,2,istanbul,0,74.91,36.14,102.74,5.26,0.0,16.43693
11,3,istanbul,0,35.4,15.2,54.94,0.0,0.0,7.3467
11,4,istanbul,0,27.11,70.91,41.78,1.5,0.0,11.17894
11,5,istanbul,0,86.3,49.92,85.88,29.83,0.0,23.10054
11,6,istanbul,0,44.49,59.6,38.67,52.0,0.0,21.7582
11,7,istanbul,0,83.08,102.07,51.41,41.35,0.0,28.37698
11,8,istanbul,0,32.06,106.5,70.74,17.83,0.0,19.06466
11,9,istanbul,0,0.0,83.12,61.64,35.78,0.0,16.42484
11,10,istanbul,0,94.74,85.96,66.07,9.1,0.0,22.60519
11,11,istanbul,0,51.82,84.86,19.61,0.21,0.0,14.23851
11,12,istanbul,0,47.62,8.36,77.28,56.43,0.0,19.7597
11,13,istanbul,0,22.24,94.7,0.0,12.48,0.0,13.38206
11,14,istanbul,0,30.75,75.48,77.25,101.06,0.0,32.36124
11,15,istanbul,0,74.03,43.02,46.05,25.36,0.0,18.8231
11,16,istanbul,0,69.73,71.66,19.61,21.67,0.0,19.24368
11,17,istanbul,0,20.29,84.95,66.82,41.95,0.0,20.287
11,18,istanbul,0,61.86,117.43875,55.42,0.0,0.0,19.50564875
11,19,istanbul,0,33.48,35.88,114.47875,39.1,0.0,18.55747625
11,20,istanbul,0,43.23,56.2,75.03,0.0,0.0,12.5993
12,1,istanbul,0,32.5,49.99,51.73,10.89,0.0,12.08804
12,2,istanbul,0,63.14,50.51,67.08,0.0,0.0,14.10429
12,3,istanbul,0,67.88,22.99,81.31,41.74,0.0,20.71224
12,4,istanbul,0,53.71,76.4,64.24,37.14,0.0,22.35553
12,5,istanbul,0,0.0,54.89,56.59,0.0,0.0,6.86586
12,6,istanbul,0,20.49,72.61,37.24,0.0,0.0,10.122039999999998
12,7,istanbul,0,56.78,13.86,108.89,49.91,0.0,21.157110000000003
12,8,istanbul,0,12.82,95.44,52.99,18.49,0.0,15.37319
12,9,istanbul,0,62.79,70.21,78.12,26.09,0.0,21.21302
12,10,istanbul,0,94.85625,22.1,94.49,81.05,0.0,31.74411875
12,11,istanbul,0,72.29,92.1,63.87,18.42,0.0,22.28234
12,12,istanbul,0,80.84,69.3,37.79,60.05,0.0,28.31655
12,13,istanbul,0,65.16,57.3,37.42,0.0,0.0,13.9028
12,14,istanbul,0,44.83,52.46,0.0,0.0,0.0,9.82439
12,15,istanbul,0,54.89,26.71,98.81,20.74,0.0,16.12997
12,16,istanbul,0,84.64,56.88,46.81,13.9,0.0,19.10307
12,17,istanbul,0,36.81,102.1,58.0,117.47,0.0,37.90429
12,18,istanbul,0,55.44,90.0,42.62,0.0,0.0,15.8773
12,19,istanbul,0,47.12,29.38,25.41,0.0,0.0,8.92297
12,20,istanbul,0,71.72,61.96,1.87,18.53,0.0,17.38545
13,1,istanbul,0,55.28,76.02,62.17,38.35,0.0,22.66213
13,2,istanbul,0,64.1,25.92,66.49,32.0,0.0,18.14953
13,3,istanbul,0,30.51,34.06,50.26,0.0,0.0,8.29909
13,4,istanbul,0,61.09,31.14,44.7,1.61,0.0,11.67043
13,5,istanbul,0,40.74,75.73,5.85,24.43,0.0,16.32038
13,6,istanbul,0,47.53,77.37,83.89,0.0,0.0,15.288030000000004
13,7,istanbul,0,29.23,98.05,52.77,0.0,0.0,13.93485
13,8,istanbul,0,39.64,56.96,48.67,67.43,0.0,24.27805
13,9,istanbul,0,0.0,80.09,75.91,38.86,0.0,17.24598
13,10,istanbul,0,93.77,37.97,80.43,0.0,0.0,16.97793
13,11,istanbul,0,41.1,87.89,69.03,22.86,0.0,19.35388
13,12,istanbul,0,3.93,42.6,76.19,42.51,0.0,15.07192
13,13,istanbul,0,32.55,54.0,25.16,1.52,0.0,9.72169
13,14,istanbul,0,66.69,60.66,51.72,32.56,0.0,21.12981
13,15,istanbul,0,23.8,46.48,30.49,32.73,0.0,14.22503
13,16,istanbul,0,46.3,56.95,69.17,25.61,0.0,17.73112
13,17,istanbul,0,46.35,89.46,3.08,39.62,0.0,21.00703
13,18,istanbul,0,58.93,44.54,57.53,0.0,0.0,12.75456
13,19,istanbul,0,22.77,51.27,24.72,0.0,0.0,8.04678
13,20,istanbul,0,53.8,73.42,67.63,34.95,0.0,21.79883
14,1,diger,0,8.17,36.26,43.28,30.6,0.0,11.55669
14,2,diger,0,24.25,46.4,24.25,16.16,0.0,10.86982
14,3,diger,0,38.61,92.07,6.51,25.74,0.0,17.80431
14,4,diger,0,31.68,55.9,41.88,22.78,0.0,14.45786
14,5,diger,0,55.0,47.98,39.81,0.0,0.0,11.98857
14,6,diger,0,30.96,47.89,41.17,0.0,0.0,9.26356
14,7,diger,0,28.08,16.65,34.32,0.0,0.0,5.91225
14,8,diger,0,31.9,40.46,41.95,12.99,0.0,11.23177
14,9,diger,0,52.09,52.82,23.65,11.61,0.0,13.7482
14,10,diger,0,3.03,57.38,30.25,83.39,0.0,22.5249
14,11,diger,0,61.14,65.19,20.06,24.25,0.0,18.19111
14,12,diger,0,20.45,42.14,9.05,21.93,0.0,10.62952
14,13,diger,0,5.38,61.47,33.03,0.0,0.0,7.24558
14,14,diger,0,14.79,33.3,42.99,0.73,0.0,6.30936
14,15,diger,0,35.55,40.69,38.99,3.56,0.0,9.75783
14,16,diger,0,9.12,33.67,13.19,29.11,0.0,10.0962
14,17,diger,0,3.42,47.92,14.97,4.78,0.0,6.09989
14,18,diger,0,34.26,75.1,22.15,24.26,0.0,16.05697
14,19,diger,0,21.76,2.2,35.6,14.72,0.0,6.770440000000001
14,20,diger,0,21.62,33.04,35.03,0.0,0.0,6.652909999999999
15,1,istanbul,1,46.88,37.23,45.56,111.21,0.0,31.65159
15,2,istanbul,1,43.77,55.55,22.43,88.33,0.0,27.72191
15,3,istanbul,1,39.96,39.98,61.23,92.77,0.0,28.108510000000003
15,4,istanbul,1,14.79,79.8,40.09,87.94,0.0,27.09068
15,5,istanbul,1,66.16,42.12,43.97,84.61,0.0,29.14115
15,6,istanbul,1,61.37,108.9,114.47875,71.65,0.0,34.51320625
15,7,istanbul,1,27.35,46.1,32.91,69.6,0.0,21.7632
15,8,istanbul,1,65.61,38.78,114.47875,93.47,0.0,32.949566250000004
15,9,istanbul,1,86.22,92.36,68.34,58.52,0.0,31.76308
15,10,istanbul,1,80.84,84.62,63.4,15.7,0.0,22.06118
15,11,istanbul,1,76.45,94.41,19.75,126.52,0.0,42.17733
15,12,istanbul,1,45.83,70.31,52.91,38.7,0.0,20.81029
15,13,istanbul,1,33.18,52.25,60.62,131.18,0.0,35.77421
15,14,istanbul,1,48.75,12.74,73.98,112.99,0.0,31.02349
15,15,istanbul,1,0.0,11.46,69.42,114.03,0.0,25.343400000000003
15,16,istanbul,1,62.04,88.06,73.7,101.96,0.0,37.12776
15,17,istanbul,1,75.9,81.09,38.33,140.12,0.0,44.1901
15,18,istanbul,1,25.67,58.04,81.43,115.78,0.0,33.19742
15,19,istanbul,1,59.56,65.26,66.29,101.3,0.0,34.42729
15,20,istanbul,1,31.38,61.95,81.71,51.49,0.0,21.86818
16,1,istanbul,0,58.92,44.18,63.79,13.84,0.0,15.59775
16,2,istanbul,0,28.81,57.04,85.46,40.64,0.0,19.18369
16,3,istanbul,0,19.98,98.44,85.82,37.05,0.0,21.17616
16,4,istanbul,0,36.86,68.6,82.59,4.09,0.0,14.020230000000002
16,5,istanbul,0,20.37,14.71,78.01,95.53,0.0,24.72385
16,6,istanbul,0,61.93,98.53,47.89,29.7,0.0,23.26967
16,7,istanbul,0,20.95,68.7,20.2,47.95,0.0,18.436950000000003
16,8,istanbul,0,19.1,6.41,53.77,3.35,0.0,5.292140000000001
16,9,istanbul,0,35.93,35.37,47.04,69.64,0.0,22.29716
16,10,istanbul,0,61.45,33.0,62.38,32.52,0.0,18.43089
16,11,istanbul,0,28.11,78.09,76.66,0.0,0.0,12.86576
16,12,istanbul,0,30.99,88.79,51.73,0.0,0.0,13.27671
16,13,istanbul,0,0.56,95.33,60.93,0.0,0.0,10.68132
16,14,istanbul,0,66.85,82.78,16.07,10.43,0.0,17.62018
16,15,istanbul,0,14.44,108.06,61.45,0.0,0.0,13.42869
16,16,istanbul,0,15.87,65.69,28.82,0.0,0.0,8.68016
16,17,istanbul,0,27.84,38.68,37.56,103.83,0.0,27.89408
16,18,istanbul,0,3.99,46.01,66.49,0.0,0.0,6.880889999999999
16,19,istanbul,0,38.5,46.8,63.8,1.01,0.0,11.019620000000002
16,20,istanbul,0,28.17,74.64,65.86,22.43,0.0,16.49417
17,1,ankara,1,72.81,23.54,68.26,31.33,0.0,18.87267
17,2,ankara,1,49.8,58.46,39.91,97.71,0.0,31.087110000000003
17,3,ankara,1,33.35,58.19,34.72,68.09,0.0,23.30264
17,4,ankara,1,51.18,60.1,74.58,100.07,0.0,33.05834
17,5,ankara,1,38.33,42.96,103.47,82.1,0.0,27.61604
17,6,ankara,1,45.79,23.05,79.25,95.17,0.0,28.36369
17,7,ankara,1,54.29,26.65,95.52,122.95,0.0,35.564800000000005
17,8,ankara,1,40.26,40.61,67.37,115.91,0.0,32.85686
17,9,ankara,1,43.34,54.09,22.98,47.41,0.0,19.70513
17,10,ankara,1,44.22,43.92,82.39,80.21,0.0,27.27815
17,11,ankara,1,43.38,73.46,43.37,134.54,0.0,38.87627
17,12,ankara,1,60.91,72.23,99.31,73.28,0.0,30.97873
17,13,ankara,1,54.61,67.5,56.16,59.76,0.0,25.72717
17,14,ankara,1,64.82,117.43875,62.03,118.93,0.0,42.91195875
17,15,ankara,1,27.79,30.08,20.19,157.26,0.0,36.77354
17,16,ankara,1,34.52,52.23,76.57,98.53,0.0,30.21598
17,17,ankara,1,33.47,23.05,8.17,89.54,0.0,23.37813
17,18,ankara,1,13.63,54.4,54.35,23.37,0.0,12.79834
17,19,ankara,1,48.43,28.77,56.94,133.49,0.0,35.75296
17,20,ankara,1,30.29,40.37,63.22,103.56,0.0,29.1725
18,1,diger,1,43.8,27.58,6.13,113.49,0.0,29.49625
18,2,diger,1,18.83,53.93,23.57,59.2,0.0,19.15657
18,3,diger,1,17.81,45.07,31.73,86.2,0.0,23.72033
18,4,diger,1,38.58,37.71,28.49,77.7,0.0,23.70844
18,5,diger,1,40.14,43.61,18.36,77.64,0.0,24.04687
18,6,diger,1,66.71,33.5,33.21,104.5,0.0,31.8795
18,7,diger,1,25.86,49.97,19.0,68.29,0.0,21.19791
18,8,diger,1,37.0,66.46,27.44,68.15,0.0,24.21514
18,9,diger,1,20.01,30.96,17.04,102.65,0.0,25.36179
18,10,diger,1,43.65,28.15,15.39,83.12,0.0,24.02279
18,11,diger,1,18.62,56.1,19.56,63.22,0.0,19.95704
18,12,diger,1,42.74,55.36,44.53,156.03,0.0,41.358450000000005
18,13,diger,1,21.57,27.96,15.3,68.58,0.0,18.67185
18,14,diger,1,32.73,52.49,34.94,93.91,0.0,27.68918
18,15,diger,1,36.28,9.95,16.62,30.33,0.0,11.46281
18,16,diger,1,23.95,79.53,35.08,96.27,0.0,29.54406
18,17,diger,1,34.26,9.77,26.13,76.79,0.0,20.46766
18,18,diger,1,22.41,39.41,29.01,91.42,0.0,24.65263
18,19,diger,1,23.72,50.25,35.19,63.73,0.0,20.66786
18,20,diger,1,51.87,74.41,17.63,76.06,0.0,27.80811
19,1,izmir,0,22.45,52.72,32.32,0.0,0.0,8.40503
19,2,izmir,0,79.9,57.55,59.97,0.0,0.0,16.409399999999998
19,3,izmir,0,20.11,29.68,49.72,18.93,0.0,10.32893
19,4,izmir,0,61.84,34.51,20.14,52.26,0.0,20.92181
19,5,izmir,0,7.09,35.98,49.03,59.74,0.0,17.2037
19,6,izmir,0,51.86,0.41,73.32,0.0,0.0,8.56659
19,7,izmir,0,60.51,65.5,0.0,0.0,0.0,12.78815
19,8,izmir,0,48.4,70.82,64.67,15.07,0.0,17.025869999999998
19,9,izmir,0,47.24,29.12,65.25,52.53,0.0,20.393790000000003
19,10,izmir,0,13.02,93.05,38.4,0.0,0.0,11.122749999999998
19,11,izmir,0,61.61,60.09,62.04,34.67,0.0,21.2612
19,12,izmir,0,60.3,18.84,63.25,62.33,0.0,22.79237
19,13,izmir,0,62.58,74.42,108.61,0.0,0.0,17.62143
19,14,izmir,0,21.18,0.0,41.95,34.68,0.0,10.56251
19,15,izmir,0,40.2,84.21,58.61,51.1,0.0,23.98024
19,16,izmir,0,49.01,61.72,45.17,35.87,0.0,19.59722
19,17,izmir,0,47.1,80.98,76.14,22.53,0.0,19.614380000000004
19,18,izmir,0,0.0,85.9,55.0,55.48,0.0,20.22226
19,19,izmir,0,42.86,51.1,39.38,24.34,0.0,15.52838
19,20,izmir,0,59.19,71.26,82.92,15.7,0.0,19.06559
20,1,istanbul,0,28.39,98.24,76.84,49.78,0.0,24.25537
20,2,istanbul,0,49.03,30.89,3.7,31.16,0.0,14.49988
20,3,istanbul,0,82.15,103.07,34.32,12.24,0.0,22.17176
20,4,istanbul,0,81.7,93.29,51.06,0.0,0.0,19.48541
20,5,istanbul,0,39.54,58.85,100.09,12.05,0.0,15.6015
20,6,istanbul,0,29.52,64.34,58.59,15.53,0.0,14.15347
20,7,istanbul,0,33.34,80.04,44.17,0.0,0.0,12.50361
20,8,istanbul,0,45.79,11.76,80.59,0.0,0.0,9.13314
20,9,istanbul,0,18.61,51.6,56.09,0.89,0.0,8.86658
20,10,istanbul,0,69.88,71.18,42.99,0.0,0.0,15.87587
20,11,istanbul,0,38.34,0.75,47.69,0.0,0.0,6.1450000000000005
20,12,istanbul,0,11.9,92.25,96.02,0.0,0.0,12.93945
20,13,istanbul,0,0.0,14.5,54.67,89.45,0.0,20.37835
20,14,istanbul,0,94.85625,49.24,61.94,100.82,0.0,36.81616875
20,15,istanbul,0,22.43,67.36,55.71,0.0,0.0,10.52434
20,16,istanbul,0,22.58,69.85,86.01,21.02,0.0,15.85954
20,17,istanbul,0,23.27,83.46,82.97,130.4,0.0,38.04474
20,18,istanbul,0,65.89,49.4,50.62,47.99,0.0,22.95973
20,19,istanbul,0,47.62,88.33,44.52,0.0,0.0,14.89587
20,20,istanbul,0,14.54,57.48,29.0,0.0,0.0,7.80282
21,1,istanbul,0,33.68,49.61,66.46,47.33,0.0,19.70195
21,2,istanbul,0,0.0,66.47,77.99,14.76,0.0,11.479399999999998
21,3,istanbul,0,49.47,60.11,56.21,21.06,0.0,17.04971
21,4,istanbul,0,77.95,62.51,81.27,0.0,0.0,17.37209
21,5,istanbul,0,70.58,117.43875,56.57,0.0,0.0,20.54869875
21,6,istanbul,0,59.64,70.28,87.78,45.81,0.0,24.98134
21,7,istanbul,0,82.98,73.39,85.29,14.35,0.0,21.81476
21,8,istanbul,0,52.39,86.34,65.53,3.24,0.0,16.624740000000003
21,9,istanbul,0,60.69,18.57,56.56,99.09,0.0,29.63696
21,10,istanbul,0,41.77,16.08,112.2,54.26,0.0,20.579590000000003
21,11,istanbul,0,72.51,49.46,91.75,48.27,0.0,25.219680000000004
21,12,istanbul,0,42.65,92.28,38.92,0.0,0.0,14.47987
21,13,istanbul,0,58.72,75.55,53.62,58.69,0.0,26.62193
21,14,istanbul,0,39.04,117.43875,15.74,46.49,0.0,24.41862875
21,15,istanbul,0,36.18,8.38,71.72,11.44,0.0,9.6132
21,16,istanbul,0,81.43,104.15,71.36,28.62,0.0,26.62644
21,17,istanbul,0,74.46,39.2,67.45,44.6,0.0,22.97565
21,18,istanbul,0,94.85625,80.29,99.54,33.66,0.0,28.00089875
21,19,istanbul,0,26.63,37.66,93.44,80.2,0.0,25.08299
21,20,istanbul,0,43.78,71.75,72.42,65.24,0.0,26.48123
22,1,diger,0,62.81,48.81,34.97,0.0,0.0,12.79119
22,2,diger,0,35.17,8.52,39.86,3.23,0.0,6.818090000000001
22,3,diger,0,33.71,62.37,16.89,0.0,0.0,10.01873
22,4,diger,0,9.79,12.97,37.77,1.69,0.0,3.92661
22,5,diger,0,19.79,41.57,38.28,0.0,0.0,7.31538
22,6,diger,0,20.09,69.69,30.4,3.04,0.0,10.16044
22,7,diger,0,55.77,28.76,28.09,20.62,0.0,13.91538
22,8,diger,0,31.59,63.73,43.02,9.11,0.0,12.55964
22,9,diger,0,22.27,54.4,27.59,0.0,0.0,8.3683
22,10,diger,0,29.61,74.34,22.6,26.44,0.0,15.88889
22,11,diger,0,0.75,66.27,18.28,17.42,0.0,9.96872
22,12,diger,0,16.31,40.48,34.26,0.0,0.0,6.67747
22,13,diger,0,8.41,35.83,29.99,7.26,0.0,6.599589999999999
22,14,diger,0,21.06,56.11,46.19,5.51,0.0,10.09026
22,15,diger,0,37.57,71.66,34.67,0.0,0.0,11.91174
22,16,diger,0,28.34,62.06,20.27,0.0,0.0,9.49189
22,17,diger,0,27.08,65.08,5.05,0.0,0.0,9.08307
22,18,diger,0,25.38,67.86,39.64,31.13,0.0,16.3226
22,19,diger,0,17.37,58.08,14.7,40.18,0.0,15.39573
22,20,diger,0,28.12,49.48,0.0,25.68,0.0,12.56808
23,1,diger,1,27.51,41.84,28.02,76.18,0.0,22.494670000000003
23,2,diger,1,32.65,63.14,6.92,77.33,0.0,24.46377
23,3,diger,1,16.26,38.76,48.97,40.9,0.0,14.88629
23,4,diger,1,57.33,33.62,27.03,63.25,0.0,22.67518
23,5,diger,1,69.99,66.98,17.65,92.23,0.0,32.33598
23,6,diger,1,46.69,62.31,39.93,62.05,0.0,24.22609
23,7,diger,1,37.28,35.58,8.55,78.4,0.0,22.80587
23,8,diger,1,41.37,48.6,37.03,98.9,0.0,29.367800000000003
23,9,diger,1,22.59,58.5,21.51,57.08,0.0,19.51656
23,10,diger,1,46.01,58.5,41.12,94.4,0.0,30.06165
23,11,diger,1,24.76,91.33,35.38,64.47,0.0,24.59231
23,12,diger,1,55.87,31.3,34.44,105.28,0.0,30.62991
23,13,diger,1,30.9,33.15,23.12,117.63,0.0,29.89801
23,14,diger,1,23.15,63.05,36.59,91.7,0.0,27.16075
23,15,diger,1,21.33,39.0,40.62,101.33,0.0,26.80101
23,16,diger,1,33.07,73.84,5.05,83.53,0.0,26.58932
23,17,diger,1,21.07,36.37,23.07,61.63,0.0,18.30039
23,18,diger,1,43.18,55.52,37.76,34.14,0.0,17.78346
23,19,diger,1,30.9,40.14,49.54,125.43,0.0,32.94242
23,20,diger,1,16.75,61.12,40.32,49.84,0.0,18.34641
24,1,ankara,0,40.83,50.14,76.26,42.02,0.0,19.89485
24,2,ankara,0,18.0,40.75,37.7,48.46,0.0,16.32057
24,3,ankara,0,68.47,84.93,57.49,0.0,0.0,17.444969999999998
24,4,ankara,0,42.37,46.84,32.49,0.0,0.0,10.17846
24,5,ankara,0,94.85625,29.87,24.22,40.13,0.0,22.11955875
24,6,ankara,0,52.27,12.84,37.83,0.0,0.0,8.477860000000002
24,7,ankara,0,0.0,25.03,41.29,0.0,0.0,3.67282
24,8,ankara,0,59.72,73.7,80.41,23.31,0.0,20.71697
24,9,ankara,0,44.16,47.11,46.59,0.0,0.0,10.901840000000002
24,10,ankara,0,27.04,40.74,26.07,57.87,0.0,18.75895
24,11,ankara,0,57.75,42.88,21.39,59.01,0.0,22.53614
24,12,ankara,0,41.88,83.03,54.6,0.0,0.0,14.11687
24,13,ankara,0,80.75,56.17,2.28,35.96,0.0,21.2695
24,14,ankara,0,81.11,32.95,76.7,0.0,0.0,14.9447
24,15,ankara,0,27.07,39.89,74.04,50.93,0.0,19.03322
24,16,ankara,0,33.86,38.11,73.07,63.77,0.0,22.08698
24,17,ankara,0,0.0,14.61,85.8,9.19,0.0,6.06777
24,18,ankara,0,67.93,57.02,47.49,18.86,0.0,18.17
24,19,ankara,0,49.76,73.02,81.0,0.0,0.0,15.05618
24,20,ankara,0,0.0,6.18,29.62,40.88,0.0,9.43568
25,1,ankara,0,44.91,36.92,51.88,0.0,0.0,10.26633
25,2,ankara,0,79.56,52.64,73.99,20.46,0.0,20.35233
25,3,ankara,0,41.68,60.99,34.42,18.23,0.0,14.926170000000004
25,4,ankara,0,38.85,91.82,49.26,32.33,0.0,20.57119
25,5,ankara,0,44.24,90.92,57.71,70.16,0.0,28.67005
25,6,ankara,0,39.77,112.28,42.88,0.0,0.0,16.06727
25,7,ankara,0,59.05,49.04,84.19,48.23,0.0,23.36212
25,8,ankara,0,34.67,44.46,8.17,59.44,0.0,19.64242
25,9,ankara,0,91.32,48.25,44.63,27.77,0.0,21.68994
25,10,ankara,0,27.58,80.67,62.65,0.0,0.0,12.54408
25,11,ankara,0,50.41,39.09,51.11,24.34,0.0,15.73829
25,12,ankara,0,23.05,62.04,51.32,43.12,0.0,18.24755
25,13,ankara,0,64.52,68.17,57.8,20.22,0.0,19.39217
25,14,ankara,0,67.71,53.56,33.56,6.14,0.0,14.90697
25,15,ankara,0,51.07,68.26,74.5,73.22,0.0,28.61393
25,16,ankara,0,21.68,53.78,43.12,0.0,0.0,8.78882
25,17,ankara,0,26.51,48.24,80.47,30.06,0.0,15.92998
25,18,ankara,0,34.5,55.71,59.41,38.3,0.0,18.35864
25,19,ankara,0,57.5,59.43,17.2,49.13,0.0,21.936730000000004
25,20,ankara,0,39.4,15.26,24.06,58.18,0.0,17.9018
26,1,ankara,1,53.36,27.35,31.23,98.99,0.0,28.66968
26,2,ankara,1,26.1,75.64,34.76,158.41,0.0,41.36478
26,3,ankara,1,26.51,100.95,66.23,62.35,0.0,26.322450000000003
26,4,ankara,1,61.84,53.41,53.98,123.52,0.0,37.47023
26,5,ankara,1,23.03,59.6,79.46,150.94,0.0,39.71443
26,6,ankara,1,56.06,40.09,49.92,69.71,0.0,25.14643
26,7,ankara,1,44.61,71.86,66.34,107.38,0.0,34.46455
26,8,ankara,1,49.43,39.0,62.34,122.37,0.0,34.832390000000004
26,9,ankara,1,27.83,43.86,28.01,143.95,0.0,35.722739999999995
26,10,ankara,1,83.17,52.16,114.47875,92.23,0.0,35.92170625
26,11,ankara,1,48.83,75.77,51.46,161.94,0.0,45.25256
26,12,ankara,1,21.99,66.51,51.38,78.76,0.0,25.36846
26,13,ankara,1,36.56,22.79,39.11,100.82,0.0,26.959000000000003
26,14,ankara,1,55.74,41.47,62.55,69.37,0.0,25.60922
26,15,ankara,1,15.8,80.45,69.48,132.73,0.0,36.89301
26,16,ankara,1,3.88,76.83,58.52,122.22,0.0,32.79851
26,17,ankara,1,9.25,38.87,66.07,121.69,0.0,30.20011
26,18,ankara,1,25.17,46.78,22.02,48.48,0.0,17.13683
26,19,ankara,1,15.82,52.55,77.25,52.85,0.0,19.3472
26,20,ankara,1,31.67,42.11,79.82,87.4,0.0,26.96434
27,1,istanbul,0,67.53,46.85,59.48,22.97,0.0,18.42764
27,2,istanbul,0,67.11,72.17,25.34,70.81,0.0,28.6232
27,3,istanbul,0,78.62,64.39,17.23,0.0,0.0,15.37506
27,4,istanbul,0,23.82,60.06,75.02,0.0,0.0,10.71034
27,5,istanbul,0,20.68,86.43,48.37,48.07,0.0,20.99286
27,6,istanbul,0,67.81,32.96,90.1,0.0,0.0,13.885090000000002
27,7,istanbul,0,57.78,72.33,38.97,0.0,0.0,14.44602
27,8,istanbul,0,73.89,62.5,24.38,64.99,0.0,27.39123
27,9,istanbul,0,31.15,107.91,38.48,13.18,0.0,17.0636
27,10,istanbul,0,54.0,105.81,48.12,42.01,0.0,25.37721
27,11,istanbul,0,39.22,42.24,90.29,13.64,0.0,14.04869
27,12,istanbul,0,0.66,33.78,86.89,0.0,0.0,6.12347
27,13,istanbul,0,88.39,84.38,46.82,78.74,0.0,34.43145
27,14,istanbul,0,14.22,93.69,51.47,0.0,0.0,11.77516
27,15,istanbul,0,34.85,78.91,46.29,51.57,0.0,22.55233
27,16,istanbul,0,35.89,67.7,75.74,108.58,0.0,33.65091
27,17,istanbul,0,94.85625,77.83,74.46,54.88,0.0,30.97839875
27,18,istanbul,0,33.87,79.75,55.94,31.59,0.0,19.01598
27,19,istanbul,0,42.27,45.58,90.48,56.93,0.0,23.015030000000003
27,20,istanbul,0,49.09,82.17,83.0,36.86,0.0,22.940600000000003
28,1,diger,0,29.48,8.82,22.42,18.6,0.0,8.53108
28,2,diger,0,37.78,22.8,8.22,8.24,0.0,8.243680000000001
28,3,diger,0,43.53,16.53,25.16,24.57,0.0,12.07516
28,4,diger,0,16.34,43.57,32.85,39.56,0.0,14.5021
28,5,diger,0,0.0,31.38,21.54,0.0,0.0,3.54672
28,6,diger,0,0.0,46.59,16.89,30.79,0.0,10.64934
28,7,diger,0,26.81,48.46,29.75,11.07,0.0,10.56278
28,8,diger,0,21.73,42.44,20.66,34.38,0.0,13.60017
28,9,diger,0,26.85,47.02,32.13,68.36,0.0,21.5222
28,10,diger,0,38.66,43.07,22.42,0.0,0.0,9.06383
28,11,diger,0,3.52,28.83,15.6,33.71,0.0,9.98899
28,12,diger,0,27.31,9.76,22.37,28.8,0.0,10.321840000000002
28,13,diger,0,48.68,15.96,13.23,37.26,0.0,14.63561
28,14,diger,0,58.87,52.34,28.0,0.0,0.0,12.40831
28,15,diger,0,25.9,23.47,29.37,21.27,0.0,10.17912
28,16,diger,0,51.62,43.53,27.06,46.94,0.0,19.77005
28,17,diger,0,38.59,51.4,35.66,70.53,0.0,23.80231
28,18,diger,0,52.98,36.21,28.97,0.0,0.0,10.32934
28,19,diger,0,32.47,37.33,50.72,70.11,0.0,22.29274
28,20,diger,0,24.95,61.86,23.87,6.49,0.0,10.456320000000002
29,1,istanbul,1,88.82,79.28,95.43,75.71,0.0,35.14659
29,2,istanbul,1,38.93,79.94,60.75,53.7,0.0,24.028260000000003
29,3,istanbul,1,55.46,112.92,92.55,35.57,0.0,26.496469999999995
29,4,istanbul,1,9.37,54.71,88.58,132.45,0.0,34.47744
29,5,istanbul,1,0.0,57.04,90.03,112.06,0.0,29.74313
29,6,istanbul,1,69.47,98.1,83.97,155.27,0.0,49.47074
29,7,istanbul,1,48.38,57.16,29.33,74.45,0.0,25.97189
29,8,istanbul,1,80.89,62.61,87.71,155.82,0.0,47.86193
29,9,istanbul,1,40.95,99.56,78.63,65.92,0.0,28.97878
29,10,istanbul,1,43.02,77.21,77.28,73.07,0.0,28.55323
29,11,istanbul,1,31.27,91.56,70.16,99.93,0.0,33.38705
29,12,istanbul,1,47.07,81.7,42.49,115.2,0.0,36.2899
29,13,istanbul,1,24.25,104.4,70.79,59.58,0.0,25.99736
29,14,istanbul,1,84.15,59.03,96.12,127.44,0.0,42.7636
29,15,istanbul,1,68.16,54.27,83.16,79.59,0.0,30.86031
29,16,istanbul,1,42.93,74.72,54.52,87.29,0.0,30.25491
29,17,istanbul,1,28.45,79.29,42.06,66.05,0.0,24.48226
29,18,istanbul,1,66.75,55.47,54.26,125.66,0.0,38.6389
29,19,istanbul,1,62.06,65.1,27.62,103.48,0.0,33.76566
29,20,istanbul,1,63.18,31.9,73.73,145.74,0.0,40.66743
30,1,istanbul,1,30.32,12.66,66.71,114.18,0.0,28.87095
30,2,istanbul,1,58.5,111.81,59.93,104.35,0.0,38.81134
30,3,istanbul,1,21.69,68.14,39.74,89.76,0.0,27.18363
30,4,istanbul,1,88.32,74.62,50.76,201.1675,0.0,57.19874
30,5,istanbul,1,3.95,98.28,84.62,201.1675,0.0,50.78703
30,6,istanbul,1,48.21,85.26,18.05,171.57,0.0,46.70548
30,7,istanbul,1,61.41,43.07,45.75,93.66,0.0,30.47935
30,8,istanbul,1,2.19,86.51,92.55,84.82,0.0,27.47593
30,9,istanbul,1,54.24,47.0,38.07,154.56,0.0,41.42857
30,10,istanbul,1,48.75,40.11,95.91,141.4,0.0,39.68169
30,11,istanbul,1,31.43,61.46,57.87,62.57,0.0,23.12328
30,12,istanbul,1,53.22,28.57,20.86,182.87,0.0,44.50417
30,13,istanbul,1,39.93,24.51,98.78,97.23,0.0,28.8988
30,14,istanbul,1,81.13,70.98,84.28,142.36,0.0,45.93009000000001
30,15,istanbul,1,41.18,115.36,37.75,113.79,0.0,38.17167
30,16,istanbul,1,36.34,72.36,57.12,50.03,0.0,22.2241
30,17,istanbul,1,4.94,66.3,73.0,131.72,0.0,34.31404
30,18,istanbul,1,13.53,112.71,32.81,133.14,0.0,38.29836999999999
30,19,istanbul,1,30.85,77.42,63.92,93.52,0.0,30.63117
30,20,istanbul,1,17.12,73.52,114.47875,163.17,0.0,43.84747625
31,1,diger,0,18.05,29.54,25.42,0.0,0.0,5.5945100000000005
31,2,diger,0,16.39,28.69,18.12,30.84,0.0,10.99374
31,3,diger,0,39.82,39.31,24.15,29.7,0.0,14.62554
31,4,diger,0,31.99,28.4,17.45,37.8,0.0,14.0748
31,5,diger,0,35.62,43.51,36.38,42.74,0.0,17.44807
31,6,diger,0,53.38,46.8,35.64,25.34,0.0,16.416580000000003
31,7,diger,0,42.36,93.32,23.52,19.69,0.0,17.78056
31,8,diger,0,56.28,30.95,22.49,0.0,0.0,10.0139
31,9,diger,0,41.2,92.4,23.59,0.0,0.0,13.78725
31,10,diger,0,52.55,38.13,20.68,13.2,0.0,12.69502
31,11,diger,0,23.62,39.9,12.99,28.92,0.0,12.27469
31,12,diger,0,44.05,48.93,35.73,16.34,0.0,13.80835
31,13,diger,0,39.48,61.06,38.2,6.25,0.0,12.511539999999998
31,14,diger,0,40.87,63.65,17.19,0.0,0.0,10.966549999999998
31,15,diger,0,0.96,50.23,5.88,0.0,0.0,4.78667
31,16,diger,0,12.06,38.07,29.49,67.51,0.0,18.7692
31,17,diger,0,56.23,36.22,36.89,0.0,0.0,10.98118
31,18,diger,0,4.61,24.18,38.52,16.64,0.0,7.22525
31,19,diger,0,27.35,47.61,39.46,0.0,0.0,8.76364
31,20,diger,0,29.34,49.51,31.01,9.59,0.0,10.70712
32,1,izmir,1,35.62,54.33,81.07,79.91,0.0,27.11184
32,2,izmir,1,36.62,47.36,42.93,83.64,0.0,25.98777
32,3,izmir,1,42.37,27.53,29.2,161.23,0.0,39.30087999999999
32,4,izmir,1,65.46,57.78,62.11,87.11,0.0,31.56929
32,5,izmir,1,11.04,50.48,56.84,153.4,0.0,37.20452
32,6,izmir,1,35.8,110.49,68.1,65.22,0.0,28.85635
32,7,izmir,1,11.68,45.09,52.75,31.68,0.0,13.28502
32,8,izmir,1,30.76,62.19,24.64,118.4,0.0,32.66751
32,9,izmir,1,4.67,29.69,61.83,153.18,0.0,34.75407
32,10,izmir,1,39.78,30.95,41.11,54.79,0.0,19.28778
32,11,izmir,1,16.66,61.29,23.01,105.79,0.0,28.48774
32,12,izmir,1,46.51,82.83,35.58,98.74,0.0,32.9239
32,13,izmir,1,33.86,37.44,24.75,47.63,0.0,17.237270000000002
32,14,izmir,1,51.36,17.79,21.2,153.92,0.0,37.78435
32,15,izmir,1,52.26,68.75,18.02,87.63,0.0,29.58431
32,16,izmir,1,7.19,30.9,29.25,45.82,0.0,13.39814
32,17,izmir,1,30.07,24.56,2.17,88.34,0.0,22.68112
32,18,izmir,1,42.76,61.31,57.68,82.82,0.0,28.29423
32,19,izmir,1,38.9,72.63,68.3,46.77,0.0,22.30791
32,20,izmir,1,17.28,68.2,57.45,127.5,0.0,34.54775
33,1,diger,1,52.9,43.17,23.51,51.37,0.0,20.61152
33,2,diger,1,29.85,64.94,4.3,72.98,0.0,23.37507
33,3,diger,1,67.45,40.41,22.51,74.27,0.0,26.40093
33,4,diger,1,45.97,30.9,17.72,108.41,0.0,29.47157
33,5,diger,1,23.86,38.45,18.37,49.08,0.0,16.23226
33,6,diger,1,14.5,14.81,30.52,81.5,0.0,19.70179
33,7,diger,1,35.9,48.29,24.99,95.54,0.0,27.644640000000003
33,8,diger,1,27.46,36.91,11.78,54.95,0.0,17.405590000000004
33,9,diger,1,38.36,64.3,17.2,83.58,0.0,26.78346
33,10,diger,1,20.41,54.27,20.19,104.27,0.0,27.90367
33,11,diger,1,11.23,47.89,39.34,84.11,0.0,23.07968
33,12,diger,1,27.18,38.41,34.9,55.21,0.0,18.36601
33,13,diger,1,36.14,56.33,49.96,82.23,0.0,26.70623
33,14,diger,1,48.31,38.33,29.1,83.75,0.0,26.065520000000003
33,15,diger,1,6.46,27.02,16.5,58.68,0.0,14.99174
33,16,diger,1,34.72,21.19,22.77,92.47,0.0,24.4299
33,17,diger,1,33.82,82.04,27.89,57.27,0.0,23.16285
33,18,diger,1,28.88,42.38,10.75,50.2,0.0,17.10767
33,19,diger,1,21.99,39.42,28.66,99.01,0.0,26.05025
33,20,diger,1,22.35,52.62,32.38,98.24,0.0,27.24881
34,1,bursa,1,22.53,34.32,32.88,94.4,0.0,24.92103
34,2,bursa,1,32.18,3.57,27.57,77.55,0.0,19.87298
34,3,bursa,1,12.97,31.15,0.0,69.77,0.0,17.65974
34,4,bursa,1,53.69,63.73,31.81,72.21,0.0,26.82399
34,5,bursa,1,20.05,13.53,25.27,106.48,0.0,24.83853
34,6,bursa,1,21.15,24.22,38.82,31.95,0.0,12.08093
34,7,bursa,1,43.27,44.04,39.51,91.01,0.0,27.75238
34,8,bursa,1,29.39,65.12,0.0,126.4,0.0,33.44433
34,9,bursa,1,45.54,59.81,23.07,102.5,0.0,31.04764
34,10,bursa,1,55.68,67.98,22.12,63.45,0.0,25.410020000000003
34,11,bursa,1,17.39,56.39,42.53,84.23,0.0,24.67927
34,12,bursa,1,31.56,28.83,45.82,62.82,0.0,19.86041
34,13,bursa,1,16.29,36.36,50.93,92.44,0.0,24.64042
34,14,bursa,1,94.85625,54.41,26.71,129.28,0.0,41.50756875
34,15,bursa,1,71.84,46.28,8.21,74.09,0.0,26.89315
34,16,bursa,1,20.15,34.73,24.25,97.05,0.0,24.89057
34,17,bursa,1,43.86,21.69,13.78,102.52,0.0,27.14045
34,18,bursa,1,40.34,25.16,17.61,81.9,0.0,23.219490000000004
34,19,bursa,1,46.08,49.63,21.5,53.04,0.0,20.65245
34,20,bursa,1,40.63,5.94,20.67,119.86,0.0,28.93768
35,1,bursa,1,27.31,32.19,57.87,110.75,0.0,29.29501
35,2,bursa,1,55.5,29.8,33.81,34.28,0.0,16.79981
35,3,bursa,1,19.98,8.03,37.94,145.31,0.0,32.23979
35,4,bursa,1,34.45,64.43,45.71,73.19,0.0,25.34835
35,5,bursa,1,44.63,45.0,29.65,125.44,0.0,34.25968
35,6,bursa,1,65.99,40.3,53.45,101.34,0.0,32.50358
35,7,bursa,1,22.36,55.79,36.48,142.01,0.0,36.07943
35,8,bursa,1,56.8,63.06,18.82,129.22,0.0,37.61328
35,9,bursa,1,39.32,53.39,30.94,105.95,0.0,30.69881
35,10,bursa,1,16.2,33.12,34.66,84.59,0.0,22.26506
35,11,bursa,1,24.19,78.9,28.46,73.47,0.0,24.90629
35,12,bursa,1,20.72,67.44,8.02,118.22,0.0,31.3639
35,13,bursa,1,40.74,71.24,25.51,112.39,0.0,33.49719
35,14,bursa,1,20.81,55.39,47.59,80.25,0.0,24.39651
35,15,bursa,1,42.15,84.98,36.86,73.48,0.0,27.808730000000004
35,16,bursa,1,17.84,76.55,0.0,109.47,0.0,29.88279
35,17,bursa,1,65.47,33.72,22.32,81.1,0.0,26.88253
35,18,bursa,1,6.63,30.51,48.52,86.76,0.0,21.83396
35,19,bursa,1,22.9,80.73,28.67,70.98,0.0,24.45008
35,20,bursa,1,23.76,47.15,30.82,90.76,0.0,25.433370000000004
36,1,istanbul,0,45.14,66.76,57.57,23.24,0.0,17.60977
36,2,istanbul,0,22.7,117.43875,40.52,29.1,0.0,20.06794875
36,3,istanbul,0,23.37,50.27,85.89,43.86,0.0,18.58885
36,4,istanbul,0,86.42,30.68,97.08,64.3,0.0,28.41222
36,5,istanbul,0,48.7,49.8,60.37,16.14,0.0,15.24453
36,6,istanbul,0,44.45,50.76,46.52,40.75,0.0,19.08159
36,7,istanbul,0,54.52,75.2,54.42,0.0,0.0,14.867300000000002
36,8,istanbul,0,21.54,43.04,82.08,11.9,0.0,11.46526
36,9,istanbul,0,56.05,74.26,52.71,2.86,0.0,15.448860000000002
36,10,istanbul,0,57.99,59.8,58.55,56.66,0.0,24.919020000000003
36,11,istanbul,0,19.32,110.8,84.38,0.0,0.0,15.0363
36,12,istanbul,0,35.38,28.73,113.11,39.23,0.0,18.11668
36,13,istanbul,0,63.72,53.62,53.88,50.88,0.0,23.75474
36,14,istanbul,0,51.94,99.88,33.79,0.0,0.0,16.04507
36,15,istanbul,0,48.32,51.69,34.88,0.0,0.0,11.37801
36,16,istanbul,0,29.94,104.29,58.88,76.76,0.0,29.523630000000004
36,17,istanbul,0,45.04,18.61,98.67,21.12,0.0,14.34438
36,18,istanbul,0,41.78,39.99,92.18,38.27,0.0,18.93795
36,19,istanbul,0,73.9,83.82,23.9,0.0,0.0,16.794980000000002
36,20,istanbul,0,49.73,26.37,55.46,0.0,0.0,10.00698
37,1,istanbul,0,87.61,82.07,47.79,56.27,0.0,29.85587
37,2,istanbul,0,51.65,6.09,57.27,0.0,0.0,8.48621
37,3,istanbul,0,54.09,61.39,93.79,25.63,0.0,19.88767
37,4,istanbul,0,13.93,72.36,74.63,121.3,0.0,33.94364
37,5,istanbul,0,31.99,67.83,69.8,23.89,0.0,16.7456
37,6,istanbul,0,59.15,63.2,52.89,122.81,0.0,37.85772
37,7,istanbul,0,28.41,110.65,84.28,0.0,0.0,16.064799999999998
37,8,istanbul,0,34.12,83.86,71.58,35.15,0.0,20.64144
37,9,istanbul,0,52.25,65.67,44.74,94.56,0.0,31.5748
37,10,istanbul,0,39.15,111.41,37.91,0.0,0.0,15.74459
37,11,istanbul,0,13.79,51.51,4.8,36.47,0.0,13.34048
37,12,istanbul,0,71.83,28.77,81.63,0.0,0.0,13.67803
37,13,istanbul,0,22.7,39.95,78.38,16.34,0.0,12.04663
37,14,istanbul,0,29.11,67.38,88.03,59.87,0.0,23.92056
37,15,istanbul,0,4.92,35.69,69.73,21.07,0.0,10.2282
37,16,istanbul,0,18.28,58.05,66.98,0.0,0.0,9.61295
37,17,istanbul,0,53.64,111.87,22.03,26.36,0.0,21.9572
37,18,istanbul,0,52.62,33.68,77.96,67.37,0.0,24.71246
37,19,istanbul,0,22.55,75.98,59.74,0.0,0.0,11.446370000000002
37,20,istanbul,0,26.3,88.16,42.57,0.0,0.0,12.36069
38,1,izmir,1,52.41,24.33,62.74,67.02,0.0,23.25626
38,2,izmir,1,39.87,0.0,53.42,111.97,0.0,27.95299
38,3,izmir,1,45.94,49.06,84.04,100.72,0.0,31.92908
38,4,izmir,1,45.56,32.96,0.0,77.55,0.0,23.06244
38,5,izmir,1,53.86,55.55,78.14,82.98,0.0,29.80491
38,6,izmir,1,68.62,15.34,41.07,122.2,0.0,34.15641
38,7,izmir,1,32.99,70.07,70.36,82.35,0.0,28.30388
38,8,izmir,1,77.7,70.75,52.99,93.85,0.0,35.1061
38,9,izmir,1,42.85,29.94,80.18,56.66,0.0,21.277430000000003
38,10,izmir,1,79.42,44.34,37.01,76.77,0.0,29.11475
38,11,izmir,1,18.48,111.9,63.13,56.51,0.0,25.14377
38,12,izmir,1,56.46,95.3,60.57,77.34,0.0,31.94383
38,13,izmir,1,18.29,14.27,16.96,64.79,0.0,16.406660000000002
38,14,izmir,1,15.09,0.0,28.72,79.7,0.0,18.04295
38,15,izmir,1,27.21,74.54,52.06,95.12,0.0,29.848350000000003
38,16,izmir,1,23.66,57.28,46.27,63.14,0.0,21.56115
38,17,izmir,1,30.03,56.76,49.66,65.74,0.0,22.865269999999995
38,18,izmir,1,6.33,44.64,62.79,70.16,0.0,20.36928
38,19,izmir,1,64.73,70.73,91.75,67.95,0.0,29.99657
38,20,izmir,1,29.34,64.37,53.53,101.47,0.0,30.458820000000003
39,1,ankara,1,70.31,54.9,37.17,72.84,0.0,28.257980000000003
39,2,ankara,1,13.23,20.0,47.06,74.7,0.0,19.29095
39,3,ankara,1,45.03,37.51,49.58,108.48,0.0,31.0803
39,4,ankara,1,61.85,54.73,70.34,79.89,0.0,29.7845
39,5,ankara,1,55.2,68.36,62.68,85.63,0.0,31.0668
39,6,ankara,1,49.48,42.65,79.04,67.85,0.0,25.27965
39,7,ankara,1,59.69,48.14,61.17,105.67,0.0,33.5784
39,8,ankara,1,39.36,47.19,59.0,137.28,0.0,37.14907
39,9,ankara,1,47.28,48.0,49.9,88.26,0.0,28.40162
39,10,ankara,1,32.13,54.97,35.25,128.45,0.0,34.48343
39,11,ankara,1,35.4,53.77,51.85,97.12,0.0,29.31832
39,12,ankara,1,57.28,27.6,29.96,38.39,0.0,17.46308
39,13,ankara,1,52.01,22.89,96.17,78.71,0.0,26.49663
39,14,ankara,1,20.42,43.93,58.95,201.1675,0.0,46.94548
39,15,ankara,1,67.54,65.94,31.7,139.12,0.0,41.4563
39,16,ankara,1,45.82,0.0,46.84,124.18,0.0,30.75126
39,17,ankara,1,23.07,25.63,52.46,100.67,0.0,26.09886
39,18,ankara,1,23.06,63.54,55.68,44.85,0.0,18.86696
39,19,ankara,1,81.22,68.49,13.83,0.0,0.0,15.91996
39,20,ankara,1,63.31,34.64,60.57,125.82,0.0,36.641
40,1,ankara,1,38.77,75.29,41.34,50.38,0.0,22.27922
40,2,ankara,1,27.56,51.94,52.88,81.66,0.0,25.32158
40,3,ankara,1,43.04,0.96,94.14,90.91,0.0,25.78466
40,4,ankara,1,29.75,38.76,84.47,75.63,0.0,24.3483
40,5,ankara,1,30.56,49.04,81.52,32.22,0.0,16.9184
40,6,ankara,1,17.44,35.92,16.09,71.2,0.0,19.43603
40,7,ankara,1,64.98,64.36,57.29,63.04,0.0,27.30957
40,8,ankara,1,39.43,75.3,73.81,119.72,0.0,36.80574
40,9,ankara,1,34.19,51.46,101.27,37.61,0.0,19.27736
40,10,ankara,1,10.23,41.72,42.43,93.0,0.0,24.230580000000003
40,11,ankara,1,55.58,68.8,34.26,103.6,0.0,33.6052
40,12,ankara,1,86.5,58.54,26.61,106.03,0.0,36.44667
40,13,ankara,1,18.9,45.46,75.25,118.95,0.0,31.69159
40,14,ankara,1,29.34,62.09,39.22,89.05,0.0,27.37041
40,15,ankara,1,45.63,93.27,49.99,140.6,0.0,42.29333
40,16,ankara,1,17.45,36.05,33.69,94.7,0.0,24.57675
40,17,ankara,1,47.75,46.03,5.86,102.6,0.0,29.49222
40,18,ankara,1,84.49,84.37,71.55,65.05,0.0,32.21913
40,19,ankara,1,24.16,66.6,61.16,60.11,0.0,22.38752
40,20,ankara,1,4.43,53.65,59.13,130.42,0.0,32.39449
41,1,ankara,1,60.4,78.68,57.54,142.09,0.0,43.2437
41,2,ankara,1,20.96,93.13,64.04,82.75,0.0,28.82837
41,3,ankara,1,5.57,70.15,30.91,108.76,0.0,28.84767
41,4,ankara,1,24.25,50.8,94.85,143.57,0.0,38.19514
41,5,ankara,1,57.49,80.86,34.1,94.7,0.0,33.18379
41,6,ankara,1,84.16,57.84,4.81,120.42,0.0,38.11515
41,7,ankara,1,53.31,61.16,42.09,75.47,0.0,27.53728
41,8,ankara,1,17.45,47.99,61.42,92.45,0.0,26.17796
41,9,ankara,1,0.0,46.17,40.08,105.69,0.0,25.80441
41,10,ankara,1,26.32,70.89,59.43,39.94,0.0,19.08454
41,11,ankara,1,49.3,64.65,59.85,81.29,0.0,29.12578
41,12,ankara,1,39.16,42.53,37.97,113.34,0.0,31.378800000000005
41,13,ankara,1,57.51,57.44,33.44,90.58,0.0,30.28757
41,14,ankara,1,49.83,61.47,17.16,41.36,0.0,19.743
41,15,ankara,1,47.01,73.95,24.45,49.58,0.0,22.362810000000003
41,16,ankara,1,48.28,46.27,32.37,81.4,0.0,26.431980000000003
41,17,ankara,1,24.66,81.98,44.9,63.01,0.0,23.801540000000003
41,18,ankara,1,36.96,50.21,70.4,31.99,0.0,17.32517
41,19,ankara,1,66.67,54.4,76.8,47.35,0.0,24.28785
41,20,ankara,1,5.97,28.89,52.42,68.23,0.0,18.19262
42,1,diger,1,13.94,41.48,39.17,84.43,0.0,22.876330000000003
42,2,diger,1,19.1,42.52,27.33,67.17,0.0,19.83397
42,3,diger,1,31.09,23.59,36.94,48.62,0.0,16.302799999999998
42,4,diger,1,0.0,58.06,19.72,107.26,0.0,26.45146
42,5,diger,1,61.45,37.57,42.67,76.25,0.0,26.54393
42,6,diger,1,44.82,30.58,16.24,58.71,0.0,19.71664
42,7,diger,1,52.79,25.71,19.49,37.83,0.0,16.30455
42,8,diger,1,39.42,19.15,28.44,90.58,0.0,24.62441
42,9,diger,1,70.01,26.56,16.18,53.61,0.0,21.274410000000003
42,10,diger,1,29.83,44.65,18.76,102.35,0.0,27.7121
42,11,diger,1,41.64,40.09,25.67,77.3,0.0,24.09666
42,12,diger,1,42.09,59.22,26.62,58.94,0.0,22.35911
42,13,diger,1,8.55,37.73,27.67,63.46,0.0,17.49399
42,14,diger,1,54.48,48.6,29.74,51.91,0.0,21.59822
42,15,diger,1,9.41,33.71,24.58,88.23,0.0,21.882800000000003
42,16,diger,1,38.98,39.8,0.0,63.22,0.0,20.16314
42,17,diger,1,32.71,70.4,18.75,75.14,0.0,25.11038
42,18,diger,1,30.43,44.45,45.23,95.25,0.0,27.32655
42,19,diger,1,38.74,31.33,2.57,73.58,0.0,21.46078
42,20,diger,1,34.22,26.79,19.78,25.38,0.0,11.88487
43,1,izmir,0,28.81,30.55,92.06,15.17,0.0,12.16684
43,2,izmir,0,3.97,37.57,35.7,19.07,0.0,8.71122
43,3,izmir,0,17.32,58.35,64.81,22.14,0.0,13.70418
43,4,izmir,0,39.66,62.56,56.61,39.87,0.0,19.76513
43,5,izmir,0,40.05,27.12,37.89,14.8,0.0,11.18718
43,6,izmir,0,19.89,26.55,14.8,14.19,0.0,7.892779999999999
43,7,izmir,0,30.59,23.32,58.87,46.25,0.0,16.53378
43,8,izmir,0,49.48,37.35,34.0,61.91,0.0,22.09107
43,9,izmir,0,58.04,9.5,82.03,35.69,0.0,17.24363
43,10,izmir,0,40.35,47.78,60.12,11.97,0.0,13.29511
43,11,izmir,0,27.88,98.17,37.33,14.18,0.0,15.97244
43,12,izmir,0,24.51,49.91,71.01,0.0,0.0,9.74599
43,13,izmir,0,61.13,57.53,114.47875,58.47,0.0,27.383116250000004
43,14,izmir,0,36.96,85.06,88.98,71.53,0.0,28.6688
43,15,izmir,0,48.35,25.6,18.5,30.02,0.0,14.249990000000002
43,16,izmir,0,49.45,65.97,30.05,18.96,0.0,16.25015
43,17,izmir,0,52.56,35.82,69.03,57.91,0.0,22.76715
43,18,izmir,0,25.65,12.31,54.02,6.52,0.0,7.18788
43,19,izmir,0,8.43,62.28,29.66,52.87,0.0,17.70151
43,20,izmir,0,19.67,35.74,70.58,79.95,0.0,23.26361
44,1,istanbul,1,27.73,60.34,74.81,124.01,0.0,34.987480000000005
44,2,istanbul,1,66.6,90.63,96.07,175.53,0.0,52.78928
44,3,istanbul,1,75.84,79.61,34.2,69.03,0.0,30.25765
44,4,istanbul,1,44.55,89.61,79.0,161.15,0.0,46.80434
44,5,istanbul,1,62.0,22.8,43.38,78.03,0.0,25.659260000000003
44,6,istanbul,1,94.85625,42.24,75.42,135.53,0.0,43.32928875
44,7,istanbul,1,53.55,108.17,90.01,70.39,0.0,32.45061
44,8,istanbul,1,54.34,94.37,66.71,121.61,0.0,40.332
44,9,istanbul,1,43.7,45.11,29.58,166.75,0.0,42.09159
44,10,istanbul,1,33.1,71.88,87.75,80.24,0.0,28.68115
44,11,istanbul,1,0.2,63.14,50.81,109.14,0.0,28.37569
44,12,istanbul,1,93.23,55.6,69.59,193.94,0.0,55.34198
44,13,istanbul,1,47.78,113.86,83.11,128.26,0.0,43.16301
44,14,istanbul,1,48.24,87.49,60.95,100.17,0.0,34.7001
44,15,istanbul,1,76.75,46.62,44.34,129.66,0.0,39.42205
44,16,istanbul,1,16.74,57.36,37.29,103.36,0.0,28.18041
44,17,istanbul,1,7.63,40.93,67.58,134.96,0.0,32.79784
44,18,istanbul,1,4.34,95.45,53.23,142.23,0.0,38.16535999999999
44,19,istanbul,1,51.27,92.88,19.34,112.22,0.0,36.38551
44,20,istanbul,1,63.84,96.1,46.4,147.03,0.0,45.74826
45,1,bursa,0,12.62,63.91,14.63,14.0,0.0,10.33934
45,2,bursa,0,23.1,33.4,31.97,48.87,0.0,16.13109
45,3,bursa,0,39.05,25.22,43.44,0.0,0.0,8.25573
45,4,bursa,0,32.84,53.19,37.14,19.36,0.0,13.52753
45,5,bursa,0,33.93,71.0,21.87,0.0,0.0,10.9864
45,6,bursa,0,38.23,44.4,19.93,73.38,0.0,23.13456
45,7,bursa,0,45.0,10.82,48.43,38.5,0.0,15.22503
45,8,bursa,0,32.49,27.06,29.97,0.0,0.0,7.19364
45,9,bursa,0,62.73,56.47,44.8,11.29,0.0,15.975459999999998
45,10,bursa,0,28.55,54.36,17.49,0.0,0.0,8.73344
45,11,bursa,0,17.68,62.91,24.9,21.0,0.0,12.53569
45,12,bursa,0,50.53,88.29,22.54,0.0,0.0,14.45766
45,13,bursa,0,0.0,44.44,24.47,44.1,0.0,13.27881
45,14,bursa,0,46.01,63.0,21.3,5.25,0.0,12.65165
45,15,bursa,0,21.66,49.54,18.76,4.6,0.0,8.43976
45,16,bursa,0,43.11,56.64,32.0,0.0,0.0,11.11861
45,17,bursa,0,27.75,49.51,50.75,44.37,0.0,17.89293
45,18,bursa,0,46.79,32.06,43.21,15.28,0.0,12.6803
45,19,bursa,0,38.79,43.32,30.91,0.0,0.0,9.39818
45,20,bursa,0,37.42,54.31,15.67,0.0,0.0,9.685340000000002
46,1,ankara,1,51.06,26.64,50.02,150.5,0.0,38.88956
46,2,ankara,1,46.43,31.54,68.31,90.73,0.0,27.95752
46,3,ankara,1,35.76,57.51,57.28,111.94,0.0,32.72807
46,4,ankara,1,72.09,109.73,61.78,50.81,0.0,29.97414
46,5,ankara,1,68.1,27.34,50.37,104.65,0.0,32.12051
46,6,ankara,1,7.87,69.44,78.68,94.83,0.0,28.046370000000003
46,7,ankara,1,22.83,79.1,62.18,115.09,0.0,33.93893
46,8,ankara,1,28.9,58.99,40.39,125.1,0.0,34.00646
46,9,ankara,1,41.91,59.54,74.95,112.11,0.0,34.26708
46,10,ankara,1,37.21,39.64,61.12,88.3,0.0,26.89991
46,11,ankara,1,55.28,66.21,52.98,56.2,0.0,24.89459
46,12,ankara,1,46.09,67.6,75.91,75.66,0.0,28.50032
46,13,ankara,1,58.34,47.97,52.61,97.78,0.0,31.59354
46,14,ankara,1,94.85625,61.14,70.03,40.62,0.0,26.60001875
46,15,ankara,1,50.13,0.0,70.66,169.15,0.0,40.714850000000006
46,16,ankara,1,0.0,79.18,54.59,17.2,0.0,12.26007
46,17,ankara,1,48.88,70.23,44.76,34.3,0.0,20.02387
46,18,ankara,1,65.13,9.7,19.08,70.18,0.0,22.49561
46,19,ankara,1,48.38,22.3,70.81,118.46,0.0,32.77107
46,20,ankara,1,0.0,47.1,52.79,102.58,0.0,25.73491
47,1,diger,1,28.83,47.08,25.11,56.82,0.0,19.29386
47,2,diger,1,36.08,41.77,23.57,64.65,0.0,21.10448
47,3,diger,1,35.93,45.14,36.86,59.23,0.0,20.81167
47,4,diger,1,16.85,24.63,7.09,114.69,0.0,26.39845
47,5,diger,1,16.81,75.01,23.83,68.52,0.0,22.59893
47,6,diger,1,66.93,47.52,23.45,59.78,0.0,24.22474
47,7,diger,1,49.69,53.6,28.4,49.29,0.0,20.94243
47,8,diger,1,38.89,46.7,18.87,100.99,0.0,28.67918
47,9,diger,1,73.75,16.18,25.63,76.93,0.0,25.588880000000003
47,10,diger,1,39.86,46.77,38.72,78.34,0.0,25.14291
47,11,diger,1,35.04,12.55,21.99,108.66,0.0,26.77892
47,12,diger,1,31.65,67.08,28.53,66.63,0.0,23.40138
47,13,diger,1,42.83,11.29,42.75,98.6,0.0,26.35771
47,14,diger,1,42.71,53.35,39.47,27.8,0.0,16.37885
47,15,diger,1,29.36,50.13,32.26,106.54,0.0,29.42275
47,16,diger,1,35.15,27.77,25.91,84.68,0.0,23.67919000000001
47,17,diger,1,41.6,33.22,52.95,68.65,0.0,22.77463
47,18,diger,1,57.57,40.82,29.81,107.71,0.0,31.9772
47,19,diger,1,48.8,87.67,31.76,78.55,0.0,29.60783
47,20,diger,1,21.63,37.91,9.6,44.21,0.0,14.68576
48,1,istanbul,0,27.36,94.34,85.61,26.05,0.0,19.54061
48,2,istanbul,0,22.02,71.83,114.47875,33.65,0.0,19.39272625
48,3,istanbul,0,34.18,25.91,77.37,68.94,0.0,22.18112
48,4,istanbul,0,22.78,57.95,45.15,0.0,0.0,9.3575
48,5,istanbul,0,59.26,85.89,80.4,9.95,0.0,19.18351
48,6,istanbul,0,56.05,71.66,50.47,0.0,0.0,14.58994
48,7,istanbul,0,1.28,76.48,85.9,126.06,0.0,34.163940000000004
48,8,istanbul,0,19.8,68.72,66.13,0.0,0.0,10.70763
48,9,istanbul,0,67.33,42.46,59.31,0.0,0.0,13.597740000000002
48,10,istanbul,0,46.27,76.58,99.32,55.82,0.0,26.33031
48,11,istanbul,0,61.34,64.07,89.7,70.74,0.0,29.47791
48,12,istanbul,0,26.16,56.0,81.21,25.51,0.0,15.73267
48,13,istanbul,0,76.65,97.68,34.77,46.71,0.0,27.69354000000001
48,14,istanbul,0,39.16,97.8,72.63,105.73,0.0,36.04981
48,15,istanbul,0,52.13,66.13,28.48,72.77,0.0,26.84916
48,16,istanbul,0,76.57,93.84,90.48,12.05,0.0,22.63771000000001
48,17,istanbul,0,64.83,104.43,70.64,104.66,0.0,39.31684
48,18,istanbul,0,65.45,107.67,112.46,72.91,0.0,35.044200000000004
48,19,istanbul,0,59.12,106.18,71.4,43.83,0.0,27.163180000000004
48,20,istanbul,0,41.46,65.53,103.66,16.55,0.0,17.40577
49,1,izmir,1,41.62,64.04,46.46,108.56,0.0,32.95548
49,2,izmir,1,40.07,60.98,43.17,83.1,0.0,27.501420000000003
49,3,izmir,1,14.74,25.24,30.15,90.63,0.0,22.39767
49,4,izmir,1,41.61,63.98,35.49,84.84,0.0,28.010800000000003
49,5,izmir,1,15.17,27.52,66.0,99.4,0.0,25.58863
49,6,izmir,1,8.96,66.19,0.0,131.52,0.0,32.17315
49,7,izmir,1,21.22,77.01,114.47875,18.76,0.0,16.902866250000002
49,8,izmir,1,46.62,47.91,53.27,62.96,0.0,23.57806
49,9,izmir,1,63.11,43.82,20.28,146.2,0.0,39.93783
49,10,izmir,1,65.05,36.57,50.82,101.18,0.0,31.94074
49,11,izmir,1,43.03,49.6,50.95,139.92,0.0,38.01074
49,12,izmir,1,27.96,22.29,35.0,145.13,0.0,34.28917
49,13,izmir,1,53.5,0.0,64.47,89.95,0.0,25.679350000000003
49,14,izmir,1,29.3,6.2,72.42,103.69,0.0,26.36448
49,15,izmir,1,9.46,58.14,86.58,100.92,0.0,28.669300000000003
49,16,izmir,1,38.04,72.95,65.06,0.0,0.0,13.14425
49,17,izmir,1,10.34,48.6,59.7,39.31,0.0,15.15152
49,18,izmir,1,39.88,34.1,29.83,128.81,0.0,33.39667
49,19,izmir,1,35.51,51.1,13.73,89.37,0.0,26.271140000000003
49,20,izmir,1,47.24,53.48,35.94,118.87,0.0,34.27326
50,1,diger,1,25.46,30.38,23.6,87.22,0.0,23.20396
50,2,diger,1,63.97,40.76,11.64,38.92,0.0,18.86423
50,3,diger,1,44.26,32.54,37.23,69.95,0.0,22.719410000000003
50,4,diger,1,11.78,76.85,26.44,91.34,0.0,26.65703
50,5,diger,1,26.97,61.34,21.43,51.58,0.0,19.21422
50,6,diger,1,57.83,49.32,35.99,95.44,0.0,30.62406
50,7,diger,1,13.75,18.95,37.49,83.16,0.0,20.54667
50,8,diger,1,63.15,26.41,51.92,36.42,0.0,18.42258
50,9,diger,1,36.7,22.96,15.04,38.74,0.0,14.22842
50,10,diger,1,61.75,31.31,31.46,42.3,0.0,19.11054
50,11,diger,1,39.19,61.76,40.56,53.97,0.0,21.78533
50,12,diger,1,26.5,30.75,21.76,124.76,0.0,30.49977
50,13,diger,1,27.57,88.26,44.73,57.71,0.0,23.67156
50,14,diger,1,34.09,30.78,33.9,116.47,0.0,30.20851
50,15,diger,1,23.55,35.16,52.36,103.02,0.0,27.44993
50,16,diger,1,26.87,17.07,37.86,89.78,0.0,23.17214
50,17,diger,1,28.16,40.75,30.5,100.84,0.0,27.29393
50,18,diger,1,31.18,24.16,3.02,72.85,0.0,19.82884
50,19,diger,1,37.39,78.79,27.93,102.6,0.0,31.98891
50,20,diger,1,20.0,5.95,42.87,57.67,0.0,15.40264
51,1,istanbul,0,6.57,52.67,33.11,63.93,0.0,18.87659
51,2,istanbul,0,45.89,48.6,98.79,46.02,0.0,21.89624
51,3,istanbul,0,42.19,111.93,90.45,0.0,0.0,17.97937
51,4,istanbul,0,84.03,67.54,39.58,26.85,0.0,22.215010000000003
51,5,istanbul,0,45.92,83.59,10.0,11.03,0.0,15.188070000000002
51,6,istanbul,0,50.52,63.69,103.49,16.91,0.0,18.34708
51,7,istanbul,0,14.79,57.93,49.42,21.05,0.0,12.62792
51,8,istanbul,0,28.66,67.56,100.82,0.0,0.0,12.83744
51,9,istanbul,0,44.94,20.42,98.37,0.0,0.0,10.42843
51,10,istanbul,0,31.46,95.75,87.29,34.8,0.0,21.8764
51,11,istanbul,0,46.42,46.31,85.39,0.0,0.0,12.44854
51,12,istanbul,0,47.14,84.2,62.21,14.75,0.0,17.92425
51,13,istanbul,0,31.12,61.34,62.59,61.97,0.0,23.12695
51,14,istanbul,0,43.75,58.79,58.21,0.0,0.0,12.30091
51,15,istanbul,0,73.45,62.71,48.49,75.24,0.0,30.17117
51,16,istanbul,0,26.41,51.21,110.38,36.61,0.0,18.48726
51,17,istanbul,0,70.72,48.68,67.28,63.62,0.0,27.03516
51,18,istanbul,0,19.64,37.24,46.07,45.1,0.0,15.84461
51,19,istanbul,0,46.61,32.51,70.95,69.98,0.0,24.17295
51,20,istanbul,0,53.98,9.61,73.53,146.28,0.0,37.7223
52,1,izmir,1,0.0,63.4,103.89,110.9,0.0,30.57155
52,2,izmir,1,12.8,77.85,29.22,93.47,0.0,27.36959
52,3,izmir,1,66.16,53.65,37.64,54.26,0.0,24.11857
52,4,izmir,1,39.69,72.48,37.64,141.65,0.0,39.52927
52,5,izmir,1,16.98,73.99,95.71,35.07,0.0,18.6211
52,6,izmir,1,9.98,66.14,78.46,97.37,0.0,28.475300000000004
52,7,izmir,1,78.94,52.68,40.17,64.67,0.0,27.58921
52,8,izmir,1,33.41,54.91,39.76,102.46,0.0,29.79306
52,9,izmir,1,30.3,76.19,56.82,142.97,0.0,39.70435
52,10,izmir,1,6.43,12.41,59.08,48.54,0.0,13.23142
52,11,izmir,1,34.36,34.94,65.69,68.33,0.0,22.47957
52,12,izmir,1,47.04,49.22,66.95,96.92,0.0,30.74207
52,13,izmir,1,80.48,40.55,85.76,88.35,0.0,32.82895
52,14,izmir,1,62.87,35.24,76.26,158.62,0.0,43.49055
52,15,izmir,1,32.01,91.51,29.29,63.14,0.0,24.97357
52,16,izmir,1,82.1,43.75,54.64,73.13,0.0,29.28861
52,17,izmir,1,51.59,59.38,49.12,79.89,0.0,28.27575
52,18,izmir,1,48.23,97.63,82.49,43.47,0.0,25.46891
52,19,izmir,1,10.75,61.07,50.43,156.14,0.0,38.41541
52,20,izmir,1,13.44,30.24,66.66,129.5,0.0,31.43406
53,1,izmir,0,29.02,45.95,25.46,0.59,0.0,8.43123
53,2,izmir,0,39.15,30.14,43.09,0.0,0.0,8.69286
53,3,izmir,0,35.42,93.71,48.39,20.66,0.0,18.07386
53,4,izmir,0,40.88,49.68,79.91,51.71,0.0,21.84789
53,5,izmir,0,33.53,33.12,55.48,15.41,0.0,11.70415
53,6,izmir,0,42.75,72.91,74.93,48.05,0.0,23.25339
53,7,izmir,0,42.34,81.07,49.45,23.39,0.0,18.30596
53,8,izmir,0,39.4,44.01,84.99,49.76,0.0,20.97646
53,9,izmir,0,45.61,52.95,36.79,26.57,0.0,16.34679
53,10,izmir,0,57.21,82.32,72.98,13.07,0.0,18.96937
53,11,izmir,0,52.21,56.43,108.11,70.62,0.0,28.36931
53,12,izmir,0,42.73,31.45,13.25,0.0,0.0,8.176749999999998
53,13,izmir,0,27.7,47.31,46.09,0.16,0.0,9.03996
53,14,izmir,0,53.54,41.98,51.17,21.85,0.0,15.87947
53,15,izmir,0,59.05,43.97,27.23,20.77,0.0,15.64497
53,16,izmir,0,37.44,71.42,60.25,94.95,0.0,31.00113
53,17,izmir,0,94.85625,71.14,55.67,55.43,0.0,29.83093875
53,18,izmir,0,25.8,61.85,36.8,0.0,0.0,9.75965
53,19,izmir,0,0.33,20.69,25.73,0.0,0.0,2.77991
53,20,izmir,0,59.13,68.83,73.6,41.75,0.0,23.51782
54,1,diger,1,0.0,36.64,23.77,103.85,0.0,24.03211
54,2,diger,1,51.49,20.94,13.72,66.46,0.0,21.02553
54,3,diger,1,40.09,52.87,39.26,61.81,0.0,22.5574
54,4,diger,1,57.45,0.0,16.33,74.83,0.0,21.54566
54,5,diger,1,28.9,30.77,28.58,91.69,0.0,24.66681
54,6,diger,1,28.4,42.44,7.1,87.68,0.0,24.126220000000004
54,7,diger,1,41.42,64.8,16.2,67.03,0.0,23.967260000000003
54,8,diger,1,51.45,69.52,14.31,63.71,0.0,24.8372
54,9,diger,1,3.02,14.5,34.66,24.13,0.0,7.48386
54,10,diger,1,38.58,41.02,24.12,100.21,0.0,28.172
54,11,diger,1,32.2,50.24,49.37,98.01,0.0,28.72023
54,12,diger,1,23.1,39.12,26.71,49.48,0.0,16.57319
54,13,diger,1,27.05,55.79,31.65,97.76,0.0,27.95373
54,14,diger,1,30.78,54.82,20.86,9.07,0.0,10.89022
54,15,diger,1,32.72,73.93,35.63,79.15,0.0,26.78642
54,16,diger,1,22.25,41.25,15.33,116.43,0.0,29.12111
54,17,diger,1,29.39,51.92,25.08,61.53,0.0,20.69229
54,18,diger,1,25.61,34.91,12.07,78.32,0.0,21.51203
54,19,diger,1,34.15,55.73,36.27,89.92,0.0,27.42131
54,20,diger,1,14.21,31.68,27.85,53.83,0.0,15.76378
55,1,istanbul,1,25.02,32.79,68.5,158.46,0.0,38.61743
55,2,istanbul,1,68.91,14.97,108.07,200.96,0.0,51.62375000000001
55,3,istanbul,1,28.26,54.72,48.58,140.12,0.0,36.72332
55,4,istanbul,1,40.86,74.66,29.15,45.61,0.0,21.12101
55,5,istanbul,1,42.07,51.8,73.8,178.74,0.0,46.34933
55,6,istanbul,1,13.01,51.64,52.76,43.02,0.0,16.19855
55,7,istanbul,1,80.66,110.03,53.81,127.96,0.0,45.52024
55,8,istanbul,1,20.33,55.62,48.72,99.15,0.0,28.03013
55,9,istanbul,1,87.36,28.36,103.13,71.89,0.0,29.98287
55,10,istanbul,1,38.23,84.95,100.7,160.17,0.0,46.23414
55,11,istanbul,1,28.0,37.7,31.46,96.2,0.0,26.1468
55,12,istanbul,1,44.8,102.7,89.71,88.44,0.0,34.41263
55,13,istanbul,1,0.0,94.29,56.37,187.94,0.0,46.44924
55,14,istanbul,1,44.72,55.76,25.71,138.62,0.0,37.62033
55,15,istanbul,1,72.06,48.98,35.69,59.59,0.0,25.336550000000003
55,16,istanbul,1,81.18,77.04,69.44,99.81,0.0,37.78618
55,17,istanbul,1,37.46,81.81,57.28,80.66,0.0,29.08051
55,18,istanbul,1,57.53,51.12,29.24,180.01,0.0,46.75095
55,19,istanbul,1,36.92,55.33,96.94,98.02,0.0,31.38291
55,20,istanbul,1,45.11,110.15,24.46,132.84,0.0,41.35238
56,1,ankara,0,23.71,51.72,24.41,74.83,0.0,22.55144
56,2,ankara,0,15.92,88.09,43.59,0.0,0.0,11.19646
56,3,ankara,0,9.89,39.86,68.33,9.8,0.0,8.95804
56,4,ankara,0,40.85,97.58,44.38,35.61,0.0,21.77279
56,5,ankara,0,30.72,80.27,50.9,44.6,0.0,21.02153
56,6,ankara,0,62.74,37.67,70.71,9.52,0.0,14.87042
56,7,ankara,0,41.44,30.6,58.99,24.62,0.0,14.280690000000002
56,8,ankara,0,27.9,53.01,30.68,105.46,0.0,29.24851
56,9,ankara,0,65.81,9.87,0.0,9.41,0.0,10.2533
56,10,ankara,0,45.31,77.74,27.7,37.45,0.0,20.28941
56,11,ankara,0,70.05,53.71,95.11,0.0,0.0,16.16479
56,12,ankara,0,34.22,71.32,47.36,0.0,0.0,11.94038
56,13,ankara,0,68.09,102.17,54.64,0.0,0.0,18.835880000000003
56,14,ankara,0,19.83,95.14,106.39,40.36,0.0,22.22068
56,15,ankara,0,72.69,57.29,46.82,39.83,0.0,22.74422
56,16,ankara,0,10.57,81.59,51.63,64.06,0.0,22.58363
56,17,ankara,0,15.3,73.39,33.51,6.28,0.0,10.66982
56,18,ankara,0,4.97,50.24,71.73,10.02,0.0,9.4773
56,19,ankara,0,37.68,31.53,52.35,57.35,0.0,19.98282
56,20,ankara,0,11.51,75.96,50.43,0.0,0.0,9.84914
57,1,izmir,0,16.49,78.44,33.07,35.48,0.0,16.84712
57,2,izmir,0,17.8,52.52,50.87,96.72,0.0,27.07197
57,3,izmir,0,50.69,97.2,14.92,0.0,0.0,15.00235
57,4,izmir,0,31.37,23.7,80.01,0.0,0.0,8.5172
57,5,izmir,0,18.99,22.99,45.53,0.0,0.0,5.823510000000001
57,6,izmir,0,53.87,54.6,54.22,68.62,0.0,26.12719
57,7,izmir,0,27.63,48.52,48.79,0.0,0.0,9.20338
57,8,izmir,0,45.88,56.11,77.38,87.01,0.0,29.68421
57,9,izmir,0,55.26,93.08,93.81,54.96,0.0,28.47469
57,10,izmir,0,38.29,46.1,65.39,0.0,0.0,10.7949
57,11,izmir,0,72.32,47.76,60.5,69.82,0.0,28.09038
57,12,izmir,0,14.41,109.34,77.18,29.94,0.0,19.83819
57,13,izmir,0,33.07,85.32,10.24,40.85,0.0,19.59813
57,14,izmir,0,7.44,91.72,40.17,7.54,0.0,11.87231
57,15,izmir,0,46.77,28.5,67.34,0.12,0.0,10.29499
57,16,izmir,0,45.54,47.08,51.99,45.34,0.0,19.95215
57,17,izmir,0,17.93,54.8,61.43,0.0,0.0,9.0892
57,18,izmir,0,34.26,35.93,65.98,0.0,0.0,9.44697
57,19,izmir,0,34.81,20.67,37.38,8.71,0.0,8.823400000000001
57,20,izmir,0,25.19,84.6,60.94,0.0,0.0,12.55915
58,1,diger,0,30.9,67.26,42.28,22.39,0.0,15.318320000000002
58,2,diger,0,27.6,70.95,28.31,6.81,0.0,11.78692
58,3,diger,0,38.79,27.22,39.91,0.0,0.0,8.28028
58,4,diger,0,0.0,78.57,22.9,21.55,0.0,11.931829999999998
58,5,diger,0,35.61,60.59,34.34,64.94,0.0,23.15804
58,6,diger,0,46.54,10.8,60.65,2.52,0.0,8.91989
58,7,diger,0,48.5,30.68,35.81,11.12,0.0,11.69641
58,8,diger,0,46.9,4.27,27.45,29.23,0.0,12.34644
58,9,diger,0,25.94,44.71,43.31,0.0,0.0,8.47814
58,10,diger,0,16.79,49.46,43.44,46.25,0.0,16.73319
58,11,diger,0,46.4,42.39,20.29,0.86,0.0,9.98398
58,12,diger,0,14.7,13.0,38.84,3.27,0.0,4.83474
58,13,diger,0,30.67,40.0,32.86,51.29,0.0,18.08483
58,14,diger,0,48.91,40.43,27.07,29.72,0.0,15.87661
58,15,diger,0,41.09,25.84,40.88,50.11,0.0,18.07703
58,16,diger,0,29.28,46.13,14.27,8.17,0.0,9.54086
58,17,diger,0,34.35,13.64,32.77,16.55,0.0,9.48876
58,18,diger,0,18.31,29.01,21.57,18.31,0.0,8.95801
58,19,diger,0,24.27,36.32,57.93,0.0,0.0,8.05108
58,20,diger,0,38.8,18.59,39.07,0.0,0.0,7.48396
59,1,diger,0,37.09,33.87,34.42,48.73,0.0,17.84064
59,2,diger,0,44.3,46.0,30.73,21.24,0.0,14.34213
59,3,diger,0,33.97,34.57,31.42,17.98,0.0,11.535140000000002
59,4,diger,0,33.63,18.28,49.26,13.93,0.0,9.89303
59,5,diger,0,23.12,69.59,44.3,29.41,0.0,16.049529999999997
59,6,diger,0,32.57,39.63,32.34,6.07,0.0,9.56996
59,7,diger,0,41.18,31.98,36.9,0.0,0.0,8.87342
59,8,diger,0,14.07,61.19,16.5,0.0,0.0,7.641459999999999
59,9,diger,0,28.42,24.95,38.42,40.81,0.0,14.66907
59,10,diger,0,33.11,34.2,18.69,53.51,0.0,17.77952
59,11,diger,0,32.22,37.89,14.68,22.85,0.0,11.97851
59,12,diger,0,7.54,15.06,23.85,15.71,0.0,6.05851
59,13,diger,0,30.95,54.48,26.56,0.0,0.0,9.33757
59,14,diger,0,40.07,26.22,39.34,8.83,0.0,10.01389
59,15,diger,0,20.42,49.8,42.36,62.68,0.0,20.29766
59,16,diger,0,27.39,64.34,17.27,29.98,0.0,15.236720000000002
59,17,diger,0,38.56,19.32,33.11,41.93,0.0,15.36329
59,18,diger,0,23.42,25.38,26.67,20.41,0.0,9.80429
59,19,diger,0,19.92,68.48,15.75,20.03,0.0,12.78253
59,20,diger,0,24.47,52.71,33.16,3.39,0.0,9.31672
60,1,izmir,1,48.1,65.4,18.38,105.16,0.0,32.18612
60,2,izmir,1,78.51,45.6,33.51,127.01,0.0,38.64582
60,3,izmir,1,61.65,52.4,16.39,108.67,0.0,33.19164000000001
60,4,izmir,1,26.56,76.1,89.7,65.57,0.0,25.55624
60,5,izmir,1,21.48,58.63,45.83,85.25,0.0,25.66032
60,6,izmir,1,41.8,39.68,38.78,89.71,0.0,26.92014
60,7,izmir,1,45.0,12.9,34.98,84.43,0.0,23.75796
60,8,izmir,1,39.96,58.27,41.42,95.57,0.0,29.58057
60,9,izmir,1,20.22,47.33,0.0,57.04,0.0,17.48935
60,10,izmir,1,66.35,85.56,67.23,80.66,0.0,33.08486
60,11,izmir,1,41.05,111.11,44.24,163.68,0.0,47.584500000000006
60,12,izmir,1,74.61,31.35,41.66,61.48,0.0,24.63256
60,13,izmir,1,35.57,55.45,64.68,33.1,0.0,17.6446
60,14,izmir,1,49.82,67.51,81.96,91.47,0.0,32.168530000000004
60,15,izmir,1,43.23,30.58,54.99,83.03,0.0,25.55948
60,16,izmir,1,27.9,44.76,41.58,137.03,0.0,34.9572
60,17,izmir,1,30.07,63.61,81.01,116.02,0.0,34.23053
60,18,izmir,1,11.28,33.85,46.81,70.23,0.0,19.432360000000003
60,19,izmir,1,11.58,46.14,48.24,65.87,0.0,19.7736
60,20,izmir,1,59.24,48.54,65.05,98.78,0.0,32.37517
61,1,istanbul,0,52.42,26.48,58.19,46.53,0.0,19.35543
61,2,istanbul,0,44.58,65.24,96.99,0.0,0.0,14.327709999999998
61,3,istanbul,0,39.67,13.42,45.71,0.0,0.0,7.35628
61,4,istanbul,0,24.22,50.28,84.03,0.0,0.0,10.20127
61,5,istanbul,0,27.87,54.71,27.51,34.33,0.0,15.62845
61,6,istanbul,0,50.84,25.04,73.47,13.23,0.0,13.18677
61,7,istanbul,0,29.37,99.92,99.62,56.71,0.0,26.645450000000004
61,8,istanbul,0,70.48,65.05,40.73,71.5,0.0,29.0482
61,9,istanbul,0,58.84,34.06,58.29,69.73,0.0,25.22625
61,10,istanbul,0,74.81,65.02,0.0,0.0,0.0,14.38993
61,11,istanbul,0,38.3,72.03,99.02,3.62,0.0,14.97591
61,12,istanbul,0,55.22,60.03,89.51,0.0,0.0,14.82582
61,13,istanbul,0,56.58,52.61,82.64,32.18,0.0,20.25995
61,14,istanbul,0,55.88,47.29,45.1,75.89,0.0,26.78439
61,15,istanbul,0,50.43,0.69,45.92,64.37,0.0,19.8271
61,16,istanbul,0,0.0,53.36,70.3,45.13,0.0,15.8745
61,17,istanbul,0,42.22,28.16,55.58,0.0,0.0,9.30684
61,18,istanbul,0,80.79,55.36,65.71,5.97,0.0,17.66398
61,19,istanbul,0,0.0,48.65,59.48,35.48,0.0,13.22381
61,20,istanbul,0,26.19,42.02,39.31,62.48,0.0,20.12364
62,1,istanbul,1,62.01,56.11,69.02,50.27,0.0,24.19248
62,2,istanbul,1,54.6,73.43,45.72,165.59,0.0,46.20775
62,3,istanbul,1,58.87,106.1,51.42,84.24,0.0,34.18673
62,4,istanbul,1,55.9,74.9,114.47875,124.38,0.0,40.98231625
62,5,istanbul,1,22.68,52.08,49.67,87.56,0.0,25.79329
62,6,istanbul,1,53.76,57.9,81.48,131.98,0.0,39.52746
62,7,istanbul,1,49.64,81.48,81.09,119.27,0.0,38.69831
62,8,istanbul,1,35.5,75.07,73.15,89.71,0.0,30.5483
62,9,istanbul,1,34.63,24.96,44.12,123.19,0.0,31.40057
62,10,istanbul,1,0.0,81.56,47.13,132.2,0.0,34.29079
62,11,istanbul,1,44.21,63.4,97.1,112.55,0.0,35.73485
62,12,istanbul,1,63.45,16.56,92.2,96.19,0.0,30.46607
62,13,istanbul,1,18.09,115.86,36.07,158.03,0.0,43.9961
62,14,istanbul,1,45.46,29.22,61.06,69.82,0.0,23.37102
62,15,istanbul,1,53.21,24.68,84.78,113.99,0.0,33.16905
62,16,istanbul,1,42.78,33.02,110.72,112.99,0.0,33.42776
62,17,istanbul,1,74.01,49.36,20.54,85.07,0.0,29.95653
62,18,istanbul,1,40.31,100.02,80.86,102.06,0.0,35.96305
62,19,istanbul,1,26.24,63.01,68.54,45.06,0.0,19.67591
62,20,istanbul,1,69.16,14.36,49.95,91.19,0.0,28.48817
63,1,istanbul,0,49.38,51.39,79.39,0.0,0.0,13.031060000000002
63,2,istanbul,0,72.92,5.06,93.81,20.18,0.0,15.99405
63,3,istanbul,0,9.29,59.22,55.85,48.51,0.0,17.607599999999998
63,4,istanbul,0,35.23,62.21,64.89,0.0,0.0,11.85929
63,5,istanbul,0,25.03,48.07,87.31,20.72,0.0,14.19077
63,6,istanbul,0,94.85625,69.03,93.41,67.56,0.0,33.29300875
63,7,istanbul,0,15.71,57.87,44.56,10.43,0.0,10.51924
63,8,istanbul,0,58.87,60.23,12.26,0.0,0.0,12.55962
63,9,istanbul,0,58.72,70.81,40.8,36.53,0.0,21.49665
63,10,istanbul,0,63.74,84.84,85.66,2.31,0.0,18.32248
63,11,istanbul,0,62.16,50.22,55.52,0.0,0.0,13.56118
63,12,istanbul,0,36.96,111.25,31.03,4.14,0.0,16.03258
63,13,istanbul,0,71.2,103.1,42.97,0.0,0.0,18.86785
63,14,istanbul,0,74.64,62.06,25.1,0.0,0.0,14.985440000000002
63,15,istanbul,0,0.0,55.68,104.79,18.05,0.0,12.08877
63,16,istanbul,0,20.69,56.31,58.32,0.0,0.0,9.43214
63,17,istanbul,0,23.35,93.34,50.39,25.8,0.0,17.70976
63,18,istanbul,0,59.08,9.24,71.73,0.0,0.0,10.12711
63,19,istanbul,0,60.86,29.02,30.35,0.0,0.0,10.64393
63,20,istanbul,0,50.38,9.67,60.35,38.55,0.0,16.16818
64,1,ankara,0,40.7,31.49,37.82,37.41,0.0,15.98953
64,2,ankara,0,50.32,21.38,57.14,20.37,0.0,13.60056
64,3,ankara,0,34.41,77.65,49.82,0.0,0.0,12.6117
64,4,ankara,0,38.07,61.81,57.94,16.1,0.0,14.99824
64,5,ankara,0,17.05,104.02,47.83,43.33,0.0,21.21194
64,6,ankara,0,30.8,19.54,49.43,8.95,0.0,8.729510000000001
64,7,ankara,0,28.2,34.41,85.66,0.0,0.0,9.30359
64,8,ankara,0,11.89,24.11,73.57,0.0,0.0,6.088089999999999
64,9,ankara,0,48.95,67.27,32.46,0.0,0.0,12.75238
64,10,ankara,0,0.0,71.1,29.94,39.66,0.0,14.99052
64,11,ankara,0,62.23,60.06,91.28,0.0,0.0,15.69659
64,12,ankara,0,37.4,84.16,44.6,97.24,0.0,32.02231999999999
64,13,ankara,0,53.03,84.75,26.77,0.0,0.0,14.57815
64,14,ankara,0,36.43,56.81,0.0,16.83,0.0,12.4769
64,15,ankara,0,62.59,70.43,63.92,0.0,0.0,15.70332
64,16,ankara,0,67.49,106.23,14.91,9.81,0.0,19.62119
64,17,ankara,0,41.05,50.46,77.52,0.0,0.0,11.92489
64,18,ankara,0,32.64,26.82,51.78,17.21,0.0,11.2572
64,19,ankara,0,39.34,80.29,49.09,22.35,0.0,17.679260000000003
64,20,ankara,0,54.56,45.38,64.42,0.0,0.0,12.56792
65,1,diger,1,12.39,16.09,20.18,37.84,0.0,10.82844
65,2,diger,1,30.4,33.43,22.87,58.39,0.0,18.4826
65,3,diger,1,9.7,55.34,24.75,126.54,0.0,31.20269
65,4,diger,1,48.29,33.31,19.03,95.06,0.0,27.43551
65,5,diger,1,12.82,0.0,34.51,67.33,0.0,15.60951
65,6,diger,1,13.34,33.67,19.64,77.55,0.0,20.10773
65,7,diger,1,31.75,64.45,18.6,31.85,0.0,16.1535
65,8,diger,1,31.25,28.7,4.53,121.46,0.0,29.62692
65,9,diger,1,45.5,29.72,41.09,56.02,0.0,20.07157
65,10,diger,1,41.56,57.66,27.56,91.77,0.0,28.49558
65,11,diger,1,29.52,17.38,36.04,78.53,0.0,21.28078
65,12,diger,1,8.56,74.49,28.73,87.06,0.0,25.33508
65,13,diger,1,29.04,48.88,36.31,70.66,0.0,22.52749
65,14,diger,1,64.29,23.37,45.37,50.92,0.0,20.83787
65,15,diger,1,18.44,72.77,29.64,90.07,0.0,26.92797
65,16,diger,1,57.62,41.23,49.84,60.56,0.0,23.66769
65,17,diger,1,14.24,47.21,28.54,53.65,0.0,17.13899
65,18,diger,1,30.16,41.74,27.11,66.21,0.0,20.84443
65,19,diger,1,73.07,17.48,20.83,61.61,0.0,22.51694
65,20,diger,1,37.11,46.07,31.32,106.2,0.0,29.85448
66,1,istanbul,1,26.14,55.89,16.2,122.63,0.0,32.09227
66,2,istanbul,1,16.46,39.5,87.98,130.75,0.0,33.5917
66,3,istanbul,1,27.47,101.58,22.38,139.88,0.0,39.83993
66,4,istanbul,1,58.98,85.67,82.37,117.1,0.0,39.77348
66,5,istanbul,1,52.96,76.99,65.75,144.34,0.0,42.95704
66,6,istanbul,1,13.21,70.06,103.0,92.62,0.0,29.14253
66,7,istanbul,1,0.0,49.87,70.93,0.0,0.0,6.92098
66,8,istanbul,1,71.04,74.29,85.25,122.45,0.0,41.27556
66,9,istanbul,1,31.44,97.53,101.6,168.24,0.0,48.153850000000006
66,10,istanbul,1,76.58,77.76,69.6,87.15,0.0,34.89614
66,11,istanbul,1,61.33,99.87,103.72,140.4,0.0,46.52838
66,12,istanbul,1,94.85625,41.03,60.33,170.7,0.0,49.44608875
66,13,istanbul,1,29.88,38.65,96.52,67.32,0.0,23.17969
66,14,istanbul,1,71.58,80.43,73.72,97.3,0.0,36.65177
66,15,istanbul,1,65.76,69.3,28.42,91.31,0.0,32.25632
66,16,istanbul,1,45.82,110.32,93.59,105.93,0.0,38.70199
66,17,istanbul,1,45.7,18.04,80.77,155.06,0.0,39.45953
66,18,istanbul,1,43.03,81.71,46.9,78.25,0.0,28.88614
66,19,istanbul,1,58.17,33.49,25.25,139.93,0.0,37.42047000000001
66,20,istanbul,1,26.68,96.99,20.69,158.03,0.0,42.76622
67,1,diger,1,10.0,24.62,34.4,89.41,0.0,21.7119
67,2,diger,1,37.6,68.1,34.12,101.68,0.0,31.101660000000003
67,3,diger,1,10.42,40.13,27.28,68.42,0.0,18.86131
67,4,diger,1,37.2,39.33,19.08,104.3,0.0,28.47177
67,5,diger,1,27.61,11.51,28.02,69.27,0.0,18.48008
67,6,diger,1,12.84,56.24,55.24,106.2,0.0,28.80576
67,7,diger,1,9.29,35.23,19.69,56.18,0.0,15.67953
67,8,diger,1,39.34,20.91,20.05,72.16,0.0,20.941560000000003
67,9,diger,1,36.08,14.48,34.2,93.34,0.0,24.5562
67,10,diger,1,59.69,23.83,36.2,81.5,0.0,25.90022
67,11,diger,1,41.69,34.03,42.91,61.05,0.0,21.04647
67,12,diger,1,14.72,44.0,32.73,30.45,0.0,12.60075
67,13,diger,1,52.32,36.93,14.72,78.68,0.0,24.92533
67,14,diger,1,32.19,41.35,36.31,50.44,0.0,18.33733
67,15,diger,1,13.83,23.65,38.92,91.63,0.0,22.65046
67,16,diger,1,16.8,74.92,39.23,64.92,0.0,22.43757
67,17,diger,1,20.29,44.4,33.33,72.74,0.0,21.41758
67,18,diger,1,28.67,37.64,23.03,82.25,0.0,23.24506
67,19,diger,1,12.27,24.93,32.82,114.92,0.0,26.84316
67,20,diger,1,34.27,22.18,43.17,79.54,0.0,22.6977
68,1,istanbul,1,47.57,74.85,39.69,114.29,0.0,35.46503
68,2,istanbul,1,49.52,58.96,61.08,107.78,0.0,33.7738
68,3,istanbul,1,17.9,53.49,77.2,129.23,0.0,34.33327
68,4,istanbul,1,61.17,93.8,53.29,73.34,0.0,31.32918
68,5,istanbul,1,55.24,57.14,50.72,104.06,0.0,33.19278
68,6,istanbul,1,63.2,45.38,71.97,102.79,0.0,33.56145000000001
68,7,istanbul,1,50.15,78.91,37.92,108.68,0.0,34.984
68,8,istanbul,1,72.54,47.5,75.7,124.51,0.0,39.125020000000006
68,9,istanbul,1,12.77,80.94,48.32,113.93,0.0,32.237970000000004
68,10,istanbul,1,69.0,42.54,45.63,131.69,0.0,38.60259
68,11,istanbul,1,92.89,76.33,78.19,105.16,0.0,40.403090000000006
68,12,istanbul,1,33.42,79.26,56.36,124.04,0.0,36.68572
68,13,istanbul,1,18.35,117.43875,114.47875,180.67,0.0,51.257695
68,14,istanbul,1,74.7,61.46,20.6,173.54,0.0,48.10112
68,15,istanbul,1,17.24,48.3,13.5,150.93,0.0,35.73236
68,16,istanbul,1,26.38,25.91,67.79,99.82,0.0,26.87778
68,17,istanbul,1,27.88,0.32,3.85,181.26,0.0,38.17135
68,18,istanbul,1,26.54,55.29,83.53,91.52,0.0,28.4683
68,19,istanbul,1,32.33,48.94,67.91,72.72,0.0,24.4127
68,20,istanbul,1,48.12,97.65,55.32,145.29,0.0,44.05653
69,1,izmir,1,34.55,80.11,31.84,81.65,0.0,27.894240000000003
69,2,izmir,1,67.64,60.98,77.6,79.43,0.0,31.172380000000004
69,3,izmir,1,15.2,61.99,41.45,69.7,0.0,22.09826
69,4,izmir,1,52.45,41.25,74.22,78.59,0.0,27.38998
69,5,izmir,1,53.01,55.0,14.53,126.28,0.0,35.74546
69,6,izmir,1,52.62,36.1,31.16,116.12,0.0,32.64984
69,7,izmir,1,35.53,76.51,60.99,104.64,0.0,33.120870000000004
69,8,izmir,1,62.97,52.31,63.24,96.33,0.0,32.605900000000005
69,9,izmir,1,64.34,56.34,57.32,72.65,0.0,28.368360000000003
69,10,izmir,1,54.77,29.16,74.04,93.01,0.0,29.343110000000003
69,11,izmir,1,69.76,60.59,68.51,122.86,0.0,39.401880000000006
69,12,izmir,1,12.56,99.79,76.15,78.88,0.0,28.13592
69,13,izmir,1,33.85,61.63,68.76,76.76,0.0,26.52234
69,14,izmir,1,28.6,57.33,22.07,87.18,0.0,25.902380000000004
69,15,izmir,1,15.51,53.63,63.61,107.83,0.0,29.48643
69,16,izmir,1,69.39,58.27,15.5,101.88,0.0,33.26934
69,17,izmir,1,38.93,47.63,52.7,99.51,0.0,29.66644
69,18,izmir,1,64.08,50.44,43.39,71.74,0.0,27.15109
69,19,izmir,1,79.18,62.89,65.78,79.88,0.0,32.34217
69,20,izmir,1,78.27,85.54,68.36,94.66,0.0,37.181430000000006
70,1,ankara,0,9.46,52.29,44.15,0.0,0.0,7.28696
70,2,ankara,0,26.67,74.24,9.51,0.0,0.0,10.00726
70,3,ankara,0,47.76,42.05,31.66,22.35,0.0,14.634150000000002
70,4,ankara,0,33.69,54.22,109.99,16.35,0.0,15.68878
70,5,ankara,0,55.54,62.03,57.7,26.53,0.0,19.02103
70,6,ankara,0,82.74,83.54,60.41,52.84,0.0,29.20979
70,7,ankara,0,60.22,89.93,35.78,6.35,0.0,17.400570000000002
70,8,ankara,0,79.11,60.82,59.58,12.64,0.0,19.02281
70,9,ankara,0,19.41,48.57,76.28,19.11,0.0,12.8938
70,10,ankara,0,65.03,46.24,59.75,0.0,0.0,13.685060000000002
70,11,ankara,0,41.87,33.74,37.7,0.0,0.0,9.13741
70,12,ankara,0,19.37,12.39,62.85,0.0,0.0,5.530010000000001
70,13,ankara,0,77.88,14.21,62.32,0.0,0.0,12.40209
70,14,ankara,0,67.02,70.4,37.6,48.29,0.0,24.56058
70,15,ankara,0,23.46,57.65,49.07,18.33,0.0,13.065559999999998
70,16,ankara,0,52.25,59.57,47.4,37.45,0.0,20.15988
70,17,ankara,0,39.24,82.38,28.17,85.73,0.0,29.290530000000004
70,18,ankara,0,20.63,105.76,41.76,5.73,0.0,14.346850000000002
70,19,ankara,0,33.46,52.16,0.0,24.98,0.0,13.2863
70,20,ankara,0,67.52,51.02,71.9,0.0,0.0,14.82208
71,1,istanbul,0,48.92,99.66,40.12,65.77,0.0,28.52758
71,2,istanbul,0,49.59,78.06,65.23,0.0,0.0,14.93324
71,3,istanbul,0,31.96,14.74,73.18,13.13,0.0,10.06952
71,4,istanbul,0,34.81,55.4,57.47,83.31,0.0,26.94072
71,5,istanbul,0,17.32,65.3,30.65,0.0,0.0,8.876249999999999
71,6,istanbul,0,37.44,71.08,65.87,50.23,0.0,22.58133
71,7,istanbul,0,39.36,74.9,48.86,27.06,0.0,18.09812
71,8,istanbul,0,82.36,93.49,58.12,18.63,0.0,23.40317
71,9,istanbul,0,38.97,28.01,67.69,32.9,0.0,15.66039
71,10,istanbul,0,46.69,117.43875,68.69,0.0,0.0,18.22554875
71,11,istanbul,0,60.77,38.67,53.64,20.19,0.0,16.18406
71,12,istanbul,0,62.74,96.16,53.45,75.59,0.0,32.15737
71,13,istanbul,0,17.34,63.51,92.28,2.55,0.0,11.36589
71,14,istanbul,0,60.36,51.22,47.48,0.0,0.0,13.16178
71,15,istanbul,0,49.38,44.75,95.26,3.29,0.0,13.62723
71,16,istanbul,0,48.48,24.27,114.47875,42.57,0.0,19.91542625
71,17,istanbul,0,63.57,99.03,44.15,39.43,0.0,25.24003
71,18,istanbul,0,45.77,70.95,57.3,16.5,0.0,16.7516
71,19,istanbul,0,81.38,48.53,75.25,43.4,0.0,24.644420000000004
71,20,istanbul,0,14.77,41.33,4.91,79.45,0.0,20.80317
72,1,istanbul,0,88.87,42.91,79.83,7.07,0.0,18.19053
72,2,istanbul,0,37.04,44.03,95.63,27.51,0.0,16.80724
72,3,istanbul,0,76.83,68.11,69.81,30.51,0.0,23.19851
72,4,istanbul,0,34.94,86.85,54.52,0.0,0.0,13.65595
72,5,istanbul,0,59.01,31.95,66.71,30.83,0.0,17.88391
72,6,istanbul,0,49.82,0.0,52.37,43.11,0.0,15.83937
72,7,istanbul,0,14.02,54.96,20.36,87.92,0.0,24.09698
72,8,istanbul,0,50.49,100.49,93.27,72.75,0.0,31.98241
72,9,istanbul,0,64.66,85.21,56.21,12.54,0.0,19.39462
72,10,istanbul,0,29.16,57.94,72.06,46.91,0.0,20.03888
72,11,istanbul,0,57.99,79.81,110.3,8.89,0.0,19.339320000000004
72,12,istanbul,0,42.11,24.06,80.54,43.04,0.0,18.06657
72,13,istanbul,0,65.05,33.77,67.1,54.74,0.0,23.34486
72,14,istanbul,0,6.54,61.37,31.14,84.61,0.0,23.54905
72,15,istanbul,0,48.98,52.03,21.49,46.85,0.0,20.01072
72,16,istanbul,0,32.37,84.12,94.37,69.72,0.0,27.89842
72,17,istanbul,0,54.18,99.78,91.04,43.68,0.0,26.68408
72,18,istanbul,0,91.26,25.71,30.69,63.11,0.0,25.97436
72,19,istanbul,0,80.65,73.83,49.86,0.0,0.0,17.59072
72,20,istanbul,0,77.97,85.39,46.52,5.98,0.0,19.34262
73,1,ankara,1,18.18,59.01,21.59,78.71,0.0,23.21056
73,2,ankara,1,37.55,30.84,86.15,111.15,0.0,31.41906
73,3,ankara,1,28.31,93.72,39.16,89.75,0.0,30.19933
73,4,ankara,1,53.7,67.03,80.13,125.48,0.0,39.03788
73,5,ankara,1,22.28,103.23,18.28,48.3,0.0,21.66307
73,6,ankara,1,45.02,79.68,7.83,82.05,0.0,28.296470000000003
73,7,ankara,1,8.36,26.23,65.9,136.59,0.0,31.82765
73,8,ankara,1,52.37,51.21,28.74,119.49,0.0,34.528220000000005
73,9,ankara,1,47.95,29.08,70.68,100.29,0.0,29.831850000000003
73,10,ankara,1,26.41,76.95,21.2,64.57,0.0,23.02514
73,11,ankara,1,64.49,18.14,87.17,149.93,0.0,40.86832
73,12,ankara,1,38.64,80.79,89.11,67.51,0.0,27.71468
73,13,ankara,1,32.63,45.6,79.37,142.54,0.0,37.95648
73,14,ankara,1,58.55,67.42,15.19,26.64,0.0,18.38016
73,15,ankara,1,13.88,51.29,62.49,96.54,0.0,26.883840000000003
73,16,ankara,1,63.18,49.15,48.04,114.02,0.0,35.21329
73,17,ankara,1,12.89,54.36,26.91,60.04,0.0,18.78992
73,18,ankara,1,44.83,8.99,39.79,114.38,0.0,29.30917
73,19,ankara,1,43.54,62.2,80.51,73.45,0.0,27.46315
73,20,ankara,1,17.23,70.85,0.0,80.81,0.0,23.80262
74,1,bursa,1,57.41,47.18,31.02,48.53,0.0,21.20463
74,2,bursa,1,53.86,98.01,36.35,63.03,0.0,28.2908
74,3,bursa,1,60.36,26.27,25.39,100.29,0.0,29.42376
74,4,bursa,1,27.17,48.46,22.58,66.46,0.0,20.98811
74,5,bursa,1,72.73,56.28,46.63,52.4,0.0,25.06572
74,6,bursa,1,41.64,61.07,31.81,155.44,0.0,41.18166
74,7,bursa,1,49.41,84.39,12.26,127.81,0.0,38.16148
74,8,bursa,1,45.14,72.72,15.94,69.68,0.0,25.59964
74,9,bursa,1,50.8,117.43875,37.48,63.48,0.0,29.79400875
74,10,bursa,1,18.26,57.93,37.98,71.82,0.0,22.37441
74,11,bursa,1,33.11,61.26,43.88,124.29,0.0,34.65927000000001
74,12,bursa,1,23.65,68.15,44.89,133.91,0.0,36.06697
74,13,bursa,1,50.15,0.0,38.4,117.58,0.0,29.68661
74,14,bursa,1,15.83,37.95,25.11,65.18,0.0,18.591410000000003
74,15,bursa,1,30.19,86.29,26.43,96.23,0.0,30.55287
74,16,bursa,1,4.33,16.62,15.25,90.76,0.0,19.9368
74,17,bursa,1,24.77,20.38,27.55,115.65,0.0,27.83142
74,18,bursa,1,61.1,57.07,21.2,89.62,0.0,30.054770000000005
74,19,bursa,1,44.13,20.59,33.76,81.21,0.0,23.68138
74,20,bursa,1,43.32,41.67,43.82,58.44,0.0,21.44461
75,1,bursa,1,40.08,8.15,21.64,94.21,0.0,24.18027
75,2,bursa,1,24.24,45.96,38.38,110.26,0.0,29.391260000000003
75,3,bursa,1,25.87,58.72,17.12,77.01,0.0,23.58625
75,4,bursa,1,16.52,10.76,37.81,111.8,0.0,25.64639
75,5,bursa,1,54.12,59.51,25.7,56.3,0.0,23.22929
75,6,bursa,1,36.66,44.33,16.86,97.52,0.0,27.47521
75,7,bursa,1,37.13,81.88,23.15,123.89,0.0,36.1544
75,8,bursa,1,58.21,42.88,54.88,100.82,0.0,31.78871
75,9,bursa,1,55.76,66.9,17.33,81.36,0.0,28.59417
75,10,bursa,1,78.08,53.11,30.92,121.72,0.0,38.15843
75,11,bursa,1,5.11,39.93,46.83,135.5,0.0,31.796470000000003
75,12,bursa,1,45.53,35.79,28.07,112.08,0.0,30.92307
75,13,bursa,1,11.53,48.0,6.32,75.77,0.0,20.36699
75,14,bursa,1,76.3,27.68,36.07,57.96,0.0,23.62879
75,15,bursa,1,27.42,43.58,19.35,123.06,0.0,31.33669
75,16,bursa,1,34.32,34.93,43.34,121.58,0.0,31.91583
75,17,bursa,1,9.62,75.66,34.38,71.68,0.0,22.8059
75,18,bursa,1,38.69,29.55,28.3,61.79,0.0,19.933480000000003
75,19,bursa,1,14.08,38.98,36.75,87.23,0.0,23.12283
75,20,bursa,1,41.85,46.36,40.95,102.58,0.0,30.067400000000003
76,1,istanbul,1,60.61,58.82,45.23,96.55,0.0,32.32578
76,2,istanbul,1,94.85625,93.29,45.11,133.87,0.0,46.49316875
76,3,istanbul,1,15.64,59.38,79.03,46.56,0.0,18.78899
76,4,istanbul,1,46.48,99.22,23.73,201.1675,0.0,53.63049
76,5,istanbul,1,43.29,32.28,57.94,105.59,0.0,30.15245
76,6,istanbul,1,55.59,54.12,88.42,103.41,0.0,34.158950000000004
76,7,istanbul,1,41.33,29.3,25.23,130.62,0.0,33.32274
76,8,istanbul,1,50.87,63.29,34.53,144.96,0.0,40.52373
76,9,istanbul,1,50.96,18.94,18.25,67.86,0.0,21.21393
76,10,istanbul,1,71.84,39.47,76.77,108.78,0.0,35.34714
76,11,istanbul,1,45.35,47.5,63.08,108.79,0.0,32.538230000000006
76,12,istanbul,1,15.33,65.91,40.35,72.42,0.0,22.94583
76,13,istanbul,1,51.64,50.34,46.98,140.16,0.0,38.97388
76,14,istanbul,1,1.71,26.5,48.47,201.1675,0.0,42.87576
76,15,istanbul,1,55.56,14.43,66.14,91.92,0.0,27.637210000000003
76,16,istanbul,1,35.26,86.93,10.46,116.0,0.0,34.429770000000005
76,17,istanbul,1,53.28,33.76,65.08,103.48,0.0,31.2778
76,18,istanbul,1,42.14,42.7,60.62,100.27,0.0,30.01994
76,19,istanbul,1,56.36,53.54,65.14,71.92,0.0,27.335
76,20,istanbul,1,16.23,72.04,46.77,96.07,0.0,28.3604
77,1,istanbul,1,60.39,92.73,40.58,153.09,0.0,46.0114
77,2,istanbul,1,38.48,65.53,80.71,123.05,0.0,36.70782
77,3,istanbul,1,90.47,67.89,81.19,129.56,0.0,44.163430000000005
77,4,istanbul,1,66.19,80.71,66.54,83.06,0.0,33.07146
77,5,istanbul,1,38.32,117.43875,20.46,148.0,0.0,43.99094875
77,6,istanbul,1,94.85625,37.73,41.81,110.84,0.0,37.01106875
77,7,istanbul,1,33.74,81.21,26.44,40.95,0.0,19.89559
77,8,istanbul,1,81.24,22.68,33.44,126.96,0.0,36.90784
77,9,istanbul,1,93.89,36.61,55.4,103.06,0.0,35.782160000000005
77,10,istanbul,1,64.4,77.15,40.2,101.38,0.0,35.14431
77,11,istanbul,1,18.8,117.43875,41.95,114.06,0.0,35.98181875
77,12,istanbul,1,25.42,37.73,50.14,73.41,0.0,22.13089
77,13,istanbul,1,25.08,53.24,87.35,121.28,0.0,33.96557
77,14,istanbul,1,18.99,29.52,94.83,132.78,0.0,33.623940000000005
77,15,istanbul,1,26.68,40.1,73.25,101.14,0.0,28.619730000000004
77,16,istanbul,1,78.73,82.57,50.85,138.36,0.0,44.74755
77,17,istanbul,1,52.71,67.06,107.02,55.71,0.0,26.47201
77,18,istanbul,1,12.71,43.23,17.73,137.23,0.0,32.27783
77,19,istanbul,1,72.5,45.21,53.49,60.05,0.0,25.76294
77,20,istanbul,1,39.51,46.74,59.27,116.18,0.0,33.084520000000005
78,1,diger,0,12.02,53.86,26.95,0.0,0.0,7.11909
78,2,diger,0,40.38,36.59,48.04,44.34,0.0,18.09489
78,3,diger,0,18.29,20.14,47.98,16.83,0.0,8.806470000000001
78,4,diger,0,27.84,41.5,40.7,25.72,0.0,13.257839999999998
78,5,diger,0,26.75,34.99,0.0,35.12,0.0,12.9334
78,6,diger,0,24.75,32.55,23.65,30.23,0.0,12.37511
78,7,diger,0,46.56,41.5,22.08,23.2,0.0,14.2751
78,8,diger,0,6.54,24.77,3.83,13.31,0.0,5.6462
78,9,diger,0,42.07,85.83,33.37,0.0,0.0,13.64487
78,10,diger,0,21.41,33.4,40.62,46.05,0.0,15.69805
78,11,diger,0,24.01,54.04,42.28,91.05,0.0,26.532110000000003
78,12,diger,0,41.28,31.11,26.8,6.83,0.0,9.765350000000002
78,13,diger,0,28.87,66.83,28.74,0.0,0.0,10.27382
78,14,diger,0,11.73,53.95,25.03,42.37,0.0,15.16159
78,15,diger,0,23.89,60.64,36.67,35.48,0.0,16.23992
78,16,diger,0,53.08,24.38,15.2,38.29,0.0,16.1577
78,17,diger,0,48.84,42.11,29.02,31.73,0.0,16.472250000000003
78,18,diger,0,38.63,42.07,23.07,15.54,0.0,11.97781
78,19,diger,0,23.43,12.25,27.34,35.1,0.0,11.4808
78,20,diger,0,46.08,55.27,41.06,43.72,0.0,20.049570000000003
79,1,istanbul,1,80.4,93.58,107.68,131.67,0.0,46.62406
79,2,istanbul,1,50.86,46.35,63.21,108.67,0.0,33.05104
79,3,istanbul,1,66.41,0.0,64.02,155.14,0.0,39.66473
79,4,istanbul,1,85.06,66.9,60.23,131.36,0.0,43.06517
79,5,istanbul,1,33.23,33.27,73.19,110.23,0.0,30.50829
79,6,istanbul,1,57.45,82.88,31.03,60.42,0.0,26.66976
79,7,istanbul,1,58.3,104.41,101.71,139.24,0.0,46.29092
79,8,istanbul,1,0.0,52.43,85.32,101.41,0.0,27.12319
79,9,istanbul,1,49.67,56.49,47.65,91.15,0.0,29.908210000000004
79,10,istanbul,1,69.01,80.79,89.92,67.65,0.0,31.262460000000004
79,11,istanbul,1,94.85625,97.96,47.05,130.57,0.0,46.34309875
79,12,istanbul,1,78.66,58.88,58.55,113.03,0.0,38.03723
79,13,istanbul,1,5.67,72.25,7.61,100.78,0.0,26.69841
79,14,istanbul,1,72.2,81.12,114.47875,90.45,0.0,36.89583625
79,15,istanbul,1,69.25,62.02,106.39,91.6,0.0,34.794380000000004
79,16,istanbul,1,45.96,78.58,68.6,127.76,0.0,39.20994
79,17,istanbul,1,38.01,18.81,82.49,62.91,0.0,21.01111
79,18,istanbul,1,66.29,16.55,58.71,130.7,0.0,36.24555
79,19,istanbul,1,0.0,83.15,46.06,41.76,0.0,17.03037
79,20,istanbul,1,16.1,117.43875,38.87,115.01,0.0,35.74591875
80,1,istanbul,1,33.82,49.42,84.79,180.81,0.0,45.97085
80,2,istanbul,1,48.82,13.04,80.5,45.17,0.0,18.265
80,3,istanbul,1,55.16,54.87,97.83,136.84,0.0,40.92416
80,4,istanbul,1,83.73,40.77,102.9,185.96,0.0,52.563300000000005
80,5,istanbul,1,0.0,58.01,89.48,148.29,0.0,36.76637
80,6,istanbul,1,0.0,73.5,11.64,155.36,0.0,36.778020000000005
80,7,istanbul,1,58.21,57.26,66.88,66.34,0.0,26.86837
80,8,istanbul,1,2.68,59.34,54.73,121.35,0.0,30.80421
80,9,istanbul,1,51.33,71.34,67.88,155.91,0.0,44.56273
80,10,istanbul,1,64.62,15.41,14.49,110.79,0.0,30.58162
80,11,istanbul,1,47.52,80.14,28.94,113.79,0.0,35.457840000000004
80,12,istanbul,1,1.6,73.78,22.97,98.65,0.0,26.49517
80,13,istanbul,1,7.21,46.3,22.07,45.77,0.0,14.51014
80,14,istanbul,1,57.64,80.63,61.71,103.11,0.0,35.76164
80,15,istanbul,1,14.87,41.23,63.6,108.02,0.0,28.34536
80,16,istanbul,1,42.88,25.56,50.44,97.66,0.0,27.72216
80,17,istanbul,1,41.51,51.82,24.28,86.08,0.0,26.762790000000003
80,18,istanbul,1,59.27,56.96,54.2,43.9,0.0,22.21129
80,19,istanbul,1,62.83,96.39,55.09,70.41,0.0,31.25103
80,20,istanbul,1,38.15,47.78,74.63,130.02,0.0,36.21556
81,1,izmir,0,40.04,10.85,50.75,37.62,0.0,14.56954
81,2,izmir,0,0.0,78.67,58.13,0.0,0.0,9.03618
81,3,izmir,0,51.01,41.29,67.54,0.0,0.0,11.90486
81,4,izmir,0,20.04,83.11,92.45,28.75,0.0,18.45714
81,5,izmir,0,47.49,18.27,38.04,68.79,0.0,21.62646
81,6,izmir,0,38.5,58.62,36.95,24.37,0.0,15.616970000000002
81,7,izmir,0,36.94,53.25,86.29,3.98,0.0,12.77166
81,8,izmir,0,60.64,61.58,49.38,0.0,0.0,14.18252
81,9,izmir,0,14.46,48.74,43.56,0.0,0.0,7.525360000000001
81,10,izmir,0,48.14,32.02,15.31,31.36,0.0,14.94285
81,11,izmir,0,78.78,100.37,31.53,42.38,0.0,27.23314000000001
81,12,izmir,0,32.39,83.28,52.3,26.99,0.0,18.14935
81,13,izmir,0,34.26,64.76,57.48,28.74,0.0,17.233420000000002
81,14,izmir,0,35.52,21.36,64.96,0.0,0.0,8.259440000000001
81,15,izmir,0,44.4,51.01,4.4,9.4,0.0,11.60469
81,16,izmir,0,35.54,76.43,68.76,56.22,0.0,24.09021
81,17,izmir,0,52.47,109.82,34.69,0.0,0.0,17.02218
81,18,izmir,0,51.49,76.51,48.96,14.07,0.0,17.145780000000002
81,19,izmir,0,31.6,75.22,77.84,57.46,0.0,24.0853
81,20,izmir,0,34.45,34.99,46.49,0.0,0.0,8.70301
82,1,bursa,0,33.23,63.68,41.61,41.62,0.0,18.93636
82,2,bursa,0,58.15,55.02,6.52,4.04,0.0,12.587909999999995
82,3,bursa,0,62.15,45.27,31.63,52.06,0.0,22.27885
82,4,bursa,0,50.37,18.26,27.21,44.16,0.0,16.84876
82,5,bursa,0,4.46,61.73,42.06,13.83,0.0,10.13433
82,6,bursa,0,20.42,33.98,34.18,47.28,0.0,15.64658
82,7,bursa,0,30.59,56.34,31.37,3.62,0.0,10.3251
82,8,bursa,0,29.77,16.19,21.89,35.52,0.0,12.450450000000002
82,9,bursa,0,45.66,91.24,21.76,0.0,0.0,14.13286
82,10,bursa,0,17.57,50.18,48.71,66.6,0.0,20.97862
82,11,bursa,0,29.65,15.92,47.42,0.0,0.0,6.48633
82,12,bursa,0,33.87,45.13,15.89,20.1,0.0,12.32697
82,13,bursa,0,20.38,23.42,20.9,32.28,0.0,11.35734
82,14,bursa,0,21.0,3.86,37.91,0.0,0.0,4.08539
82,15,bursa,0,17.3,51.29,63.62,42.66,0.0,16.97173
82,16,bursa,0,3.52,25.87,0.0,72.79,0.0,16.682910000000003
82,17,bursa,0,37.74,17.11,28.78,74.39,0.0,21.15307
82,18,bursa,0,3.33,75.09,30.34,0.0,0.0,8.12786
82,19,bursa,0,31.97,51.09,24.2,42.43,0.0,17.21712
82,20,bursa,0,88.18,36.04,18.95,0.0,0.0,14.01151
83,1,diger,1,9.17,34.68,34.07,132.38,0.0,30.75048
83,2,diger,1,18.98,26.43,18.87,94.76,0.0,23.38934
83,3,diger,1,37.89,24.79,23.68,54.35,0.0,17.82766
83,4,diger,1,9.39,31.27,35.2,105.46,0.0,25.3432
83,5,diger,1,29.82,56.86,14.28,26.4,0.0,14.05844
83,6,diger,1,29.84,44.45,30.74,99.79,0.0,27.62323
83,7,diger,1,24.28,45.04,21.06,71.03,0.0,21.17562
83,8,diger,1,38.89,30.58,40.84,97.26,0.0,27.297290000000004
83,9,diger,1,48.58,66.53,32.0,73.9,0.0,26.81667
83,10,diger,1,19.84,42.17,7.18,98.68,0.0,25.23259
83,11,diger,1,15.97,34.86,25.87,77.9,0.0,20.801340000000003
83,12,diger,1,24.49,29.57,41.89,19.87,0.0,10.72927
83,13,diger,1,8.05,34.69,27.49,106.9,0.0,25.500110000000003
83,14,diger,1,23.52,58.95,13.71,74.13,0.0,22.664160000000003
83,15,diger,1,75.35,35.86,33.9,55.95,0.0,23.78569
83,16,diger,1,22.23,42.71,17.68,46.14,0.0,15.83532
83,17,diger,1,0.0,74.44,18.47,69.35,0.0,20.58681
83,18,diger,1,28.61,20.92,8.42,71.4,0.0,19.15553
83,19,diger,1,23.46,43.12,5.97,88.02,0.0,23.64437
83,20,diger,1,15.9,41.43,23.87,86.45,0.0,22.949620000000003
84,1,istanbul,0,46.58,82.17,84.71,35.8,0.0,22.50828
84,2,istanbul,0,72.3,74.68,77.76,7.8,0.0,19.18022
84,3,istanbul,0,43.65,91.41,0.0,26.79,0.0,18.29892
84,4,istanbul,0,60.03,42.72,49.88,96.2,0.0,30.921730000000004
84,5,istanbul,0,54.8,58.54,112.33,57.7,0.0,26.52201
84,6,istanbul,0,58.4,60.57,23.14,42.45,0.0,21.067030000000003
84,7,istanbul,0,31.84,80.29,48.11,9.28,0.0,14.27302
84,8,istanbul,0,40.11,101.05,109.18,0.0,0.0,17.4274
84,9,istanbul,0,71.36,54.59,38.53,3.1,0.0,15.00866
84,10,istanbul,0,51.17,99.52,75.63,14.49,0.0,20.17096
84,11,istanbul,0,66.87,91.27,55.11,33.93,0.0,24.25649
84,12,istanbul,0,19.41,42.46,55.18,53.1,0.0,18.13759
84,13,istanbul,0,31.97,53.85,81.66,5.48,0.0,12.379460000000002
84,14,istanbul,0,57.51,58.92,43.76,16.08,0.0,16.476490000000002
84,15,istanbul,0,26.17,96.3,62.89,52.86,0.0,23.93052
84,16,istanbul,0,38.12,85.76,91.84,69.7,0.0,28.61324
84,17,istanbul,0,38.24,44.05,57.37,60.16,0.0,21.87672
84,18,istanbul,0,65.65,66.59,45.69,0.0,0.0,15.075410000000002
84,19,istanbul,0,13.36,84.74,47.88,88.42,0.0,27.7307
84,20,istanbul,0,28.99,36.87,47.32,94.63,0.0,26.44044
85,1,diger,1,20.12,37.12,0.7,70.15,0.0,19.11078
85,2,diger,1,46.08,69.3,5.1,52.51,0.0,21.72732
85,3,diger,1,11.39,71.31,28.03,71.01,0.0,22.271410000000003
85,4,diger,1,37.09,28.99,11.42,58.61,0.0,18.49828
85,5,diger,1,35.58,25.37,39.02,39.44,0.0,15.28781
85,6,diger,1,62.18,76.16,22.51,57.39,0.0,25.73567
85,7,diger,1,34.01,57.21,39.28,70.92,0.0,23.99428
85,8,diger,1,39.94,33.85,33.71,86.16,0.0,25.32832
85,9,diger,1,6.14,24.33,25.38,38.0,0.0,11.05577
85,10,diger,1,52.91,45.93,41.01,84.96,0.0,27.92009
85,11,diger,1,43.78,65.38,27.03,32.36,0.0,18.01269
85,12,diger,1,0.0,76.04,35.85,59.75,0.0,19.49431
85,13,diger,1,13.74,25.38,19.43,81.22,0.0,20.11321
85,14,diger,1,49.44,44.12,41.6,59.6,0.0,22.51148
85,15,diger,1,18.43,31.81,16.69,64.02,0.0,17.826529999999998
85,16,diger,1,3.62,20.43,19.11,99.15,0.0,21.940220000000004
85,17,diger,1,42.73,59.88,27.87,53.98,0.0,21.58288
85,18,diger,1,27.34,33.66,39.22,82.47,0.0,23.34678
85,19,diger,1,38.94,34.09,40.99,89.08,0.0,26.05012
85,20,diger,1,42.06,47.59,26.68,68.31,0.0,23.12173
86,1,bursa,1,27.78,20.55,51.45,65.6,0.0,19.4196
86,2,bursa,1,39.23,44.25,20.23,54.23,0.0,19.56991
86,3,bursa,1,53.92,73.87,25.33,95.35,0.0,31.96898
86,4,bursa,1,30.74,58.02,24.04,73.07,0.0,23.56972
86,5,bursa,1,2.01,58.64,28.37,66.47,0.0,19.2053
86,6,bursa,1,48.16,51.85,46.37,123.38,0.0,35.46496
86,7,bursa,1,43.73,57.76,20.41,37.77,0.0,18.13578
86,8,bursa,1,40.65,24.54,45.95,90.21,0.0,25.78738
86,9,bursa,1,16.03,57.98,41.12,69.54,0.0,21.79455
86,10,bursa,1,17.23,71.43,26.38,138.71,0.0,35.89434
86,11,bursa,1,61.74,30.7,29.84,74.13,0.0,25.10976
86,12,bursa,1,11.9,46.64,39.19,80.02,0.0,22.25495
86,13,bursa,1,49.42,27.9,14.4,57.94,0.0,19.79488
86,14,bursa,1,44.86,53.57,42.21,75.3,0.0,25.86158
86,15,bursa,1,25.58,52.85,10.81,69.38,0.0,21.34466
86,16,bursa,1,49.74,1.38,23.98,79.98,0.0,22.03838
86,17,bursa,1,46.72,68.62,21.6,73.24,0.0,26.29806
86,18,bursa,1,26.38,72.34,37.93,79.0,0.0,25.96751
86,19,bursa,1,48.82,36.81,52.13,124.29,0.0,34.57862
86,20,bursa,1,16.25,40.51,31.58,31.21,0.0,12.57176
87,1,istanbul,0,50.54,56.22,68.77,47.61,0.0,22.363750000000003
87,2,istanbul,0,49.03,51.22,55.64,57.76,0.0,23.23435
87,3,istanbul,0,55.48,59.56,53.57,0.0,0.0,13.55599
87,4,istanbul,0,56.83,79.34,27.76,0.0,0.0,14.56831
87,5,istanbul,0,32.05,59.37,88.41,62.71,0.0,24.104350000000004
87,6,istanbul,0,69.78,59.87,30.11,68.75,0.0,27.60698
87,7,istanbul,0,40.03,117.43875,60.42,0.0,0.0,17.17019875
87,8,istanbul,0,67.75,102.64,68.9,77.67,0.0,34.250350000000005
87,9,istanbul,0,53.49,100.74,69.93,1.64,0.0,17.87964
87,10,istanbul,0,0.0,84.72,50.84,15.94,0.0,12.37996
87,11,istanbul,0,60.45,117.27,76.08,39.38,0.0,27.612540000000003
87,12,istanbul,0,68.9,0.0,45.65,27.3,0.0,14.76285
87,13,istanbul,0,90.63,93.26,43.41,7.87,0.0,21.75298
87,14,istanbul,0,41.02,11.66,64.8,44.6,0.0,16.586240000000004
87,15,istanbul,0,37.66,116.76,61.66,55.35,0.0,27.50784
87,16,istanbul,0,11.76,51.81,29.78,2.47,0.0,7.48003
87,17,istanbul,0,62.94,102.89,59.96,65.42,0.0,31.05455
87,18,istanbul,0,63.83,111.58,44.19,0.0,0.0,18.81772
87,19,istanbul,0,72.99,49.15,5.15,0.0,0.0,12.94845
87,20,istanbul,0,49.56,48.63,85.88,39.25,0.0,20.569270000000003
88,1,diger,0,35.44,54.23,40.01,27.6,0.0,15.60162
88,2,diger,0,23.31,44.43,25.61,0.0,0.0,7.531269999999999
88,3,diger,0,0.0,38.73,53.64,63.1,0.0,17.43957
88,4,diger,0,7.6,19.15,13.5,11.65,0.0,5.28765
88,5,diger,0,41.66,36.62,28.39,0.0,0.0,9.04373
88,6,diger,0,40.97,36.2,5.48,15.89,0.0,11.17603
88,7,diger,0,22.4,56.15,42.09,0.0,0.0,9.0465
88,8,diger,0,33.58,50.01,12.27,33.16,0.0,15.108759999999998
88,9,diger,0,46.78,55.68,32.85,35.62,0.0,18.32401
88,10,diger,0,31.65,47.2,40.57,4.87,0.0,10.19554
88,11,diger,0,28.57,21.77,34.93,57.46,0.0,17.47795
88,12,diger,0,0.0,36.74,51.76,9.32,0.0,6.8709
88,13,diger,0,3.76,45.29,29.65,69.5,0.0,18.84496
88,14,diger,0,16.54,24.7,42.25,18.81,0.0,9.19067
88,15,diger,0,22.4,34.71,13.0,11.03,0.0,8.23795
88,16,diger,0,33.85,47.29,21.48,14.04,0.0,11.549039999999998
88,17,diger,0,14.71,27.27,15.79,47.47,0.0,13.78557
88,18,diger,0,63.56,42.82,36.76,31.91,0.0,18.5337
88,19,diger,0,17.69,67.14,21.16,5.08,0.0,9.72577
88,20,diger,0,23.86,0.0,24.76,4.16,0.0,4.40922
89,1,istanbul,0,77.69,39.7,40.2,0.0,0.0,13.87465
89,2,istanbul,0,49.32,93.98,85.26,117.28,0.0,39.53788
89,3,istanbul,0,14.83,79.22,62.1,50.58,0.0,20.64089
89,4,istanbul,0,50.19,65.87,42.38,72.22,0.0,26.98382
89,5,istanbul,0,61.75,0.0,76.52,0.0,0.0,9.77945
89,6,istanbul,0,40.24,83.76,12.19,11.92,0.0,14.797530000000002
89,7,istanbul,0,57.26,32.74,49.36,89.28,0.0,28.368120000000005
89,8,istanbul,0,39.62,56.81,46.64,0.0,0.0,11.244790000000002
89,9,istanbul,0,37.93,61.93,66.03,116.67,0.0,34.58541
89,10,istanbul,0,32.67,57.72,62.62,0.0,0.0,11.08583
89,11,istanbul,0,27.76,64.7,81.19,0.0,0.0,11.79235
89,12,istanbul,0,42.86,10.49,51.92,41.68,0.0,15.68227
89,13,istanbul,0,74.31,32.02,58.74,76.13,0.0,28.06829
89,14,istanbul,0,64.98,72.12,53.51,0.0,0.0,15.76423
89,15,istanbul,0,55.13,53.27,62.93,33.43,0.0,19.70209
89,16,istanbul,0,27.97,24.96,64.01,0.0,0.0,7.678339999999999
89,17,istanbul,0,57.65,115.23,10.12,115.99,0.0,39.5095
89,18,istanbul,0,12.57,89.61,62.02,23.95,0.0,16.18994
89,19,istanbul,0,65.64,56.56,90.77,70.56,0.0,29.30691
89,20,istanbul,0,47.19,64.55,63.45,29.09,0.0,18.97783
90,1,diger,1,43.85,37.66,15.59,56.86,0.0,19.857260000000004
90,2,diger,1,0.0,58.93,44.46,115.77,0.0,29.02871
90,3,diger,1,31.73,5.71,28.14,91.48,0.0,22.706200000000003
90,4,diger,1,27.9,25.24,15.8,123.16,0.0,29.65458
90,5,diger,1,35.47,25.13,35.57,121.98,0.0,30.98073
90,6,diger,1,40.02,52.42,48.05,130.77,0.0,36.05727
90,7,diger,1,32.95,31.9,31.72,94.87,0.0,25.95359
90,8,diger,1,23.79,34.7,17.96,84.26,0.0,22.63067
90,9,diger,1,17.86,33.28,47.92,73.1,0.0,20.72822
90,10,diger,1,50.14,64.66,42.11,77.66,0.0,27.90541
90,11,diger,1,46.69,35.99,46.97,63.84,0.0,22.47369
90,12,diger,1,16.99,55.03,38.81,150.83,0.0,37.169230000000006
90,13,diger,1,32.56,21.37,27.56,78.46,0.0,21.67525
90,14,diger,1,47.58,48.05,22.03,73.36,0.0,24.60432
90,15,diger,1,49.9,48.51,11.4,61.84,0.0,22.32817
90,16,diger,1,53.28,76.22,30.37,98.5,0.0,32.885729999999995
90,17,diger,1,14.12,42.19,65.34,84.93,0.0,23.97217
90,18,diger,1,23.06,25.83,53.75,105.0,0.0,26.99202
90,19,diger,1,26.01,69.74,31.52,0.0,0.0,10.30121
90,20,diger,1,36.38,61.6,33.37,94.87,0.0,29.04909
91,1,diger,1,18.65,61.7,21.58,61.93,0.0,20.28191
91,2,diger,1,21.53,44.79,29.38,101.94,0.0,27.06304
91,3,diger,1,45.56,39.86,20.44,75.73,0.0,24.042500000000004
91,4,diger,1,40.96,40.39,37.33,108.85,0.0,30.51086
91,5,diger,1,17.69,27.3,19.74,82.05,0.0,20.90855
91,6,diger,1,22.78,46.44,17.0,86.1,0.0,23.87906
91,7,diger,1,31.99,49.68,17.83,69.15,0.0,22.001220000000004
91,8,diger,1,4.61,15.43,23.11,40.61,0.0,10.50939
91,9,diger,1,9.36,38.93,55.42,89.39,0.0,23.64375
91,10,diger,1,38.68,74.16,22.03,56.37,0.0,22.64253
91,11,diger,1,8.82,35.22,17.49,106.6,0.0,25.22823
91,12,diger,1,5.59,46.22,13.93,65.94,0.0,17.90446
91,13,diger,1,30.0,102.75,17.57,110.07,0.0,34.343140000000005
91,14,diger,1,9.73,48.13,29.21,68.62,0.0,19.59991
91,15,diger,1,36.82,58.0,10.33,56.33,0.0,20.57321
91,16,diger,1,55.03,39.68,24.73,53.43,0.0,20.98408
91,17,diger,1,26.94,41.32,34.89,61.0,0.0,19.70873
91,18,diger,1,0.0,32.25,14.32,108.7,0.0,24.24185
91,19,diger,1,21.55,35.46,29.12,64.21,0.0,18.98171
91,20,diger,1,24.32,24.78,14.2,77.4,0.0,20.36002
92,1,ankara,1,45.27,68.07,100.25,85.11,0.0,31.11415
92,2,ankara,1,73.41,91.9,30.74,69.64,0.0,31.06803
92,3,ankara,1,13.51,9.9,101.82,107.82,0.0,26.69989
92,4,ankara,1,49.25,20.11,33.54,100.07,0.0,27.84088
92,5,ankara,1,32.49,47.91,40.31,62.96,0.0,21.49951
92,6,ankara,1,34.18,23.67,54.78,87.94,0.0,24.83911
92,7,ankara,1,53.66,26.48,53.84,68.93,0.0,23.64658
92,8,ankara,1,52.54,83.23,62.18,114.22,0.0,37.55611
92,9,ankara,1,36.1,84.52,42.19,108.4,0.0,33.96323
92,10,ankara,1,38.69,76.63,14.77,43.42,0.0,20.12301
92,11,ankara,1,55.84,78.13,38.85,80.69,0.0,30.227400000000003
92,12,ankara,1,78.18,76.26,62.98,149.3,0.0,46.64774
92,13,ankara,1,38.29,33.31,50.08,60.32,0.0,20.70218
92,14,ankara,1,71.75,18.21,99.06,44.69,0.0,21.91952
92,15,ankara,1,68.18,61.16,48.19,71.31,0.0,28.66211
92,16,ankara,1,58.34,88.67,63.87,6.78,0.0,18.13794
92,17,ankara,1,33.12,43.02,28.46,132.53,0.0,34.07944
92,18,ankara,1,27.43,59.9,22.91,94.28,0.0,27.389160000000004
92,19,ankara,1,33.02,108.01,11.93,53.94,0.0,24.18422
92,20,ankara,1,44.88,72.06,45.9,80.93,0.0,28.719600000000003
93,1,izmir,0,38.16,46.71,14.61,0.0,0.0,9.05694
93,2,izmir,0,42.66,32.42,48.65,0.0,0.0,9.49403
93,3,izmir,0,44.09,32.36,42.64,39.05,0.0,16.94039
93,4,izmir,0,74.99,31.38,73.18,0.0,0.0,13.97797
93,5,izmir,0,28.43,26.05,7.91,1.7,0.0,6.191149999999999
93,6,izmir,0,40.01,20.11,45.26,0.0,0.0,7.97504
93,7,izmir,0,14.95,38.36,30.51,0.0,0.0,6.20114
93,8,izmir,0,0.0,39.39,71.28,0.0,0.0,6.00051
93,9,izmir,0,48.78,76.1,61.02,0.0,0.0,14.5183
93,10,izmir,0,23.25,76.51,42.7,27.47,0.0,16.25188
93,11,izmir,0,21.46,58.57,53.59,37.79,0.0,16.81196
93,12,izmir,0,42.6,30.5,75.16,18.43,0.0,13.78266
93,13,izmir,0,37.94,16.74,28.41,58.36,0.0,18.05243
93,14,izmir,0,45.57,40.59,31.84,0.0,0.0,9.96746
93,15,izmir,0,21.85,55.27,84.93,40.15,0.0,18.11313
93,16,izmir,0,12.01,60.36,63.25,0.0,0.0,8.96694
93,17,izmir,0,52.47,12.38,58.34,8.43,0.0,10.79633
93,18,izmir,0,63.44,64.17,48.2,48.15,0.0,23.93853
93,19,izmir,0,0.0,31.25,81.13,0.0,0.0,5.6208
93,20,izmir,0,24.06,8.88,38.32,90.32,0.0,22.23986
94,1,bursa,0,22.69,72.92,37.6,0.0,0.0,10.41523
94,2,bursa,0,34.52,16.64,7.26,0.0,0.0,5.704860000000001
94,3,bursa,0,14.52,28.28,24.11,67.59,0.0,18.007849999999998
94,4,bursa,0,43.31,42.42,36.19,27.87,0.0,15.373720000000002
94,5,bursa,0,52.27,26.81,37.12,0.0,0.0,9.69634
94,6,bursa,0,14.79,53.9,44.17,34.45,0.0,14.6583
94,7,bursa,0,38.31,38.13,42.7,51.02,0.0,19.08956
94,8,bursa,0,63.98,47.84,32.69,34.71,0.0,19.42393
94,9,bursa,0,41.89,47.32,56.49,43.74,0.0,19.40406
94,10,bursa,0,41.39,75.74,24.93,26.2,0.0,17.403660000000002
94,11,bursa,0,19.37,60.47,37.73,59.49,0.0,20.35201
94,12,bursa,0,49.8,32.5,46.7,53.11,0.0,20.451120000000003
94,13,bursa,0,26.76,51.18,37.36,3.26,0.0,9.56594
94,14,bursa,0,19.33,87.42,33.49,0.0,0.0,11.17548
94,15,bursa,0,69.72,70.07,50.67,58.05,0.0,27.17308
94,16,bursa,0,45.26,63.48,21.75,42.47,0.0,19.770110000000003
94,17,bursa,0,29.43,57.66,22.78,0.0,0.0,9.31349
94,18,bursa,0,35.13,35.59,48.46,45.34,0.0,17.60884
94,19,bursa,0,28.2,58.25,33.39,22.82,0.0,13.977339999999998
94,20,bursa,0,34.01,56.6,18.05,95.94,0.0,28.00078
95,1,izmir,1,37.0,31.48,58.14,37.63,0.0,16.316580000000002
95,2,izmir,1,50.08,14.29,32.86,136.43,0.0,34.37567
95,3,izmir,1,58.32,78.03,72.43,109.35,0.0,37.18172
95,4,izmir,1,16.64,26.09,23.01,125.31,0.0,29.10048
95,5,izmir,1,38.01,27.9,36.04,72.67,0.0,22.06829
95,6,izmir,1,17.01,65.22,64.93,50.59,0.0,19.74656
95,7,izmir,1,19.56,63.75,54.46,132.83,0.0,35.33261
95,8,izmir,1,40.1,54.97,49.16,50.31,0.0,20.88395
95,9,izmir,1,18.29,47.39,47.12,56.78,0.0,18.87202
95,10,izmir,1,31.8,21.33,55.3,133.37,0.0,33.09791
95,11,izmir,1,2.1,69.84,55.03,109.54,0.0,29.414990000000003
95,12,izmir,1,0.0,30.0,62.18,95.58,0.0,23.19766
95,13,izmir,1,31.67,25.54,62.55,80.42,0.0,23.545
95,14,izmir,1,44.22,54.37,55.87,100.61,0.0,31.1968
95,15,izmir,1,24.19,44.4,96.42,49.31,0.0,19.57567
95,16,izmir,1,32.97,77.55,44.75,87.02,0.0,28.96759
95,17,izmir,1,68.2,51.17,51.12,97.67,0.0,32.93897
95,18,izmir,1,56.76,57.06,49.6,51.3,0.0,23.19134
95,19,izmir,1,26.39,39.53,55.82,152.13,0.0,37.71568
95,20,izmir,1,51.51,77.91,91.69,69.67,0.0,29.44343
96,1,izmir,1,25.64,84.97,25.81,111.58,0.0,32.83764
96,2,izmir,1,21.08,36.54,60.34,77.81,0.0,22.72768
96,3,izmir,1,81.6,52.47,59.54,73.02,0.0,30.15757
96,4,izmir,1,0.55,59.28,24.58,80.62,0.0,21.678510000000003
96,5,izmir,1,38.59,0.0,43.26,89.1,0.0,23.05915
96,6,izmir,1,27.15,48.33,38.52,92.25,0.0,26.48382
96,7,izmir,1,60.88,91.82,57.02,147.34,0.0,45.45816000000001
96,8,izmir,1,46.02,12.89,57.91,43.1,0.0,16.74156
96,9,izmir,1,16.72,53.55,54.76,101.26,0.0,28.04727
96,10,izmir,1,37.74,64.22,25.44,90.02,0.0,28.22992
96,11,izmir,1,28.03,31.42,36.96,47.9,0.0,16.51023
96,12,izmir,1,23.59,52.21,47.29,131.86,0.0,34.331810000000004
96,13,izmir,1,22.07,28.19,63.28,90.37,0.0,24.6128
96,14,izmir,1,66.99,17.12,67.05,104.24,0.0,31.58836
96,15,izmir,1,4.41,86.72,63.31,66.28,0.0,23.16684
96,16,izmir,1,32.16,42.02,21.87,118.67,0.0,30.98827
96,17,izmir,1,32.74,62.92,50.84,58.3,0.0,22.33798
96,18,izmir,1,43.44,53.04,55.44,43.21,0.0,19.95288
96,19,izmir,1,88.81,44.15,57.71,186.36,0.0,51.943470000000005
96,20,izmir,1,18.76,85.51,25.3,106.46,0.0,31.09361
97,1,ankara,0,14.53,80.85,40.08,33.24,0.0,16.65148
97,2,ankara,0,0.0,69.63,49.72,11.39,0.0,10.12415
97,3,ankara,0,42.71,23.0,45.02,27.41,0.0,13.79707
97,4,ankara,0,68.96,75.51,42.53,0.0,0.0,16.13934
97,5,ankara,0,24.96,82.7,37.62,0.0,0.0,11.5474
97,6,ankara,0,40.26,77.55,55.57,27.06,0.0,18.67232
97,7,ankara,0,47.94,58.37,72.82,43.52,0.0,21.61257
97,8,ankara,0,35.01,62.34,47.15,39.86,0.0,18.87778
97,9,ankara,0,84.82,77.88,91.25,0.0,0.0,19.87937
97,10,ankara,0,41.8,51.5,16.01,63.8,0.0,22.20045
97,11,ankara,0,64.95,62.55,35.14,26.41,0.0,19.336820000000003
97,12,ankara,0,31.44,82.25,81.42,0.0,0.0,13.78555
97,13,ankara,0,42.43,82.02,35.44,61.67,0.0,25.26027
97,14,ankara,0,48.99,55.39,69.24,11.89,0.0,15.26984
97,15,ankara,0,35.53,18.89,52.33,0.0,0.0,7.59871
97,16,ankara,0,43.03,46.58,52.12,0.0,0.0,10.91827
97,17,ankara,0,21.87,62.08,59.78,17.47,0.0,13.48671
97,18,ankara,0,34.62,45.68,31.16,46.86,0.0,18.13454
97,19,ankara,0,28.92,32.34,13.17,6.98,0.0,8.00517
97,20,ankara,0,72.13,72.05,64.68,87.44,0.0,33.75968
98,1,diger,0,38.83,26.99,32.97,27.62,0.0,13.32455
98,2,diger,0,7.15,44.59,21.97,92.09,0.0,23.240990000000004
98,3,diger,0,8.83,64.25,23.21,0.0,0.0,7.546049999999999
98,4,diger,0,41.06,42.81,29.77,23.85,0.0,14.15314
98,5,diger,0,48.63,43.68,18.2,13.93,0.0,12.79153
98,6,diger,0,2.58,58.07,45.52,0.0,0.0,7.05813
98,7,diger,0,27.05,48.3,12.54,0.0,0.0,7.84835
98,8,diger,0,13.25,57.36,23.26,6.61,0.0,8.71201
98,9,diger,0,45.21,26.48,11.41,9.67,0.0,9.81186
98,10,diger,0,8.97,46.24,19.04,0.0,0.0,5.81331
98,11,diger,0,50.28,43.84,32.03,12.33,0.0,13.17237
98,12,diger,0,13.27,41.51,33.24,0.0,0.0,6.38384
98,13,diger,0,35.25,42.79,37.33,46.74,0.0,18.14269
98,14,diger,0,26.28,95.66,13.78,3.82,0.0,12.75168
98,15,diger,0,39.95,56.13,3.08,61.76,0.0,21.55554
98,16,diger,0,0.0,48.56,21.84,33.97,0.0,11.60848
98,17,diger,0,14.38,42.27,26.22,31.44,0.0,12.36991
98,18,diger,0,10.77,44.89,59.75,62.1,0.0,19.24821
98,19,diger,0,0.0,43.87,39.26,12.94,0.0,7.763009999999999
98,20,diger,0,39.51,22.01,41.81,16.11,0.0,11.05901
99,1,bursa,1,70.13,32.69,2.29,64.37,0.0,23.41355
99,2,bursa,1,74.03,74.18,33.16,56.76,0.0,27.17399
99,3,bursa,1,22.49,38.51,14.17,69.0,0.0,19.75769
99,4,bursa,1,27.72,22.41,9.75,90.33,0.0,22.8669
99,5,bursa,1,26.16,54.87,49.47,60.61,0.0,21.2604
99,6,bursa,1,21.15,47.95,31.16,45.91,0.0,16.60512
99,7,bursa,1,45.08,24.31,31.7,126.69,0.0,32.78177
99,8,bursa,1,58.63,24.71,37.97,71.22,0.0,23.94483
99,9,bursa,1,4.17,41.22,41.36,93.88,0.0,23.62069
99,10,bursa,1,42.94,59.5,28.23,88.85,0.0,28.28085
99,11,bursa,1,36.37,50.9,29.04,73.15,0.0,23.773850000000003
99,12,bursa,1,32.74,32.54,33.32,103.66,0.0,27.73008
99,13,bursa,1,45.42,50.17,18.01,107.7,0.0,30.99718
99,14,bursa,1,34.83,2.69,34.77,74.66,0.0,19.79653
99,15,bursa,1,32.86,38.48,6.47,123.74,0.0,31.18815
99,16,bursa,1,14.71,63.5,13.99,89.14,0.0,24.94768
99,17,bursa,1,15.12,35.56,31.59,91.97,0.0,23.66753
99,18,bursa,1,50.89,14.72,31.35,56.36,0.0,19.080800000000004
99,19,bursa,1,25.06,23.55,49.14,112.06,0.0,28.21327
99,20,bursa,1,44.34,41.06,50.24,100.45,0.0,29.79824
100,1,bursa,0,41.36,30.59,41.13,84.71,0.0,25.18278
100,2,bursa,0,26.47,48.32,10.84,19.43,0.0,11.45449
100,3,bursa,0,2.67,42.06,48.51,12.65,0.0,8.17704
100,4,bursa,0,17.74,11.19,22.41,0.0,0.0,3.82036
100,5,bursa,0,25.88,38.24,30.28,4.07,0.0,8.2208
100,6,bursa,0,54.04,50.41,23.19,16.25,0.0,14.632740000000002
100,7,bursa,0,27.8,29.34,21.35,7.69,0.0,8.03199
100,8,bursa,0,18.61,38.3,25.29,45.06,0.0,15.085520000000002
100,9,bursa,0,24.65,76.47,31.98,0.0,0.0,10.75988
100,10,bursa,0,28.06,68.73,23.66,0.0,0.0,10.171970000000002
100,11,bursa,0,50.12,55.38,19.83,17.97,0.0,14.83691
100,12,bursa,0,70.35,41.39,39.47,21.14,0.0,17.21429
100,13,bursa,0,19.85,55.49,28.0,0.0,0.0,8.20136
100,14,bursa,0,31.38,75.98,6.82,59.1,0.0,21.95682
100,15,bursa,0,24.77,29.97,49.95,76.78,0.0,22.00589
100,16,bursa,0,36.47,83.62,3.01,31.7,0.0,17.82798
100,17,bursa,0,27.95,83.29,22.2,42.86,0.0,19.63318
100,18,bursa,0,37.12,13.66,21.8,47.15,0.0,15.300339999999998
100,19,bursa,0,37.26,91.49,25.59,67.91,0.0,26.36188
100,20,bursa,0,12.98,51.81,26.25,24.24,0.0,11.67662
101,1,diger,0,30.01,40.17,24.66,0.0,0.0,7.88938
101,2,diger,0,52.29,41.59,34.69,31.66,0.0,17.007730000000002
101,3,diger,0,61.02,46.42,38.22,35.71,0.0,19.3427
101,4,diger,0,39.5,55.71,11.66,24.15,0.0,14.54559
101,5,diger,0,51.43,29.4,11.17,38.69,0.0,16.35048
101,6,diger,0,44.87,44.72,33.1,5.88,0.0,11.42759
101,7,diger,0,26.65,19.97,31.56,5.42,0.0,6.98732
101,8,diger,0,37.85,52.3,24.22,23.02,0.0,14.27499
101,9,diger,0,41.13,44.98,34.5,0.0,0.0,9.94067
101,10,diger,0,43.41,17.84,17.01,32.31,0.0,13.37878
101,11,diger,0,46.19,60.26,37.12,40.91,0.0,19.82891
101,12,diger,0,21.17,46.6,22.12,6.36,0.0,8.577270000000002
101,13,diger,0,38.79,77.17,20.22,0.0,0.0,12.03668
101,14,diger,0,27.09,11.35,17.44,0.0,0.0,4.735900000000001
101,15,diger,0,33.03,65.67,36.66,0.0,0.0,10.92618
101,16,diger,0,30.04,42.96,30.96,0.0,0.0,8.36164
101,17,diger,0,20.31,24.92,27.89,0.0,0.0,5.529680000000001
101,18,diger,0,54.39,42.06,30.2,0.0,0.0,11.05519
101,19,diger,0,20.47,45.87,30.04,0.0,0.0,7.48788
101,20,diger,0,27.57,27.35,25.97,40.73,0.0,14.33381
102,1,istanbul,0,49.3,45.99,43.81,82.28,0.0,27.09372
102,2,istanbul,0,84.57,78.88,25.37,0.0,0.0,17.63382
102,3,istanbul,0,50.19,28.99,37.15,0.0,0.0,9.65221
102,4,istanbul,0,24.0,37.52,31.33,51.5,0.0,17.08383
102,5,istanbul,0,36.73,41.51,67.17,129.7,0.0,35.17169
102,6,istanbul,0,30.15,27.67,79.5,52.86,0.0,18.8615
102,7,istanbul,0,47.2,84.7,69.45,19.59,0.0,19.15833
102,8,istanbul,0,66.33,50.03,72.61,0.0,0.0,14.62197
102,9,istanbul,0,17.82,58.04,86.21,0.0,0.0,10.23221
102,10,istanbul,0,94.85625,46.04,74.63,37.05,0.0,24.73167875
102,11,istanbul,0,36.05,54.66,17.81,25.78,0.0,14.5836
102,12,istanbul,0,73.09,79.75,60.23,1.55,0.0,17.908749999999998
102,13,istanbul,0,39.76,67.06,105.58,47.21,0.0,23.30036
102,14,istanbul,0,41.16,84.51,55.04,47.71,0.0,23.34151
102,15,istanbul,0,8.38,107.44,32.43,58.78,0.0,22.94667
102,16,istanbul,0,40.65,70.42,73.26,68.61,0.0,26.67935
102,17,istanbul,0,87.31,66.11,89.54,43.57,0.0,27.42378
102,18,istanbul,0,45.47,74.32,83.67,25.49,0.0,19.66606
102,19,istanbul,0,39.37,41.88,31.8,13.16,0.0,11.89459
102,20,istanbul,0,29.24,75.4,111.19,57.42,0.0,24.98949
103,1,istanbul,1,53.88,43.94,47.68,139.67,0.0,38.5923
103,2,istanbul,1,17.17,53.57,22.48,111.07,0.0,28.85452
103,3,istanbul,1,50.33,72.06,65.6,62.62,0.0,26.52033
103,4,istanbul,1,39.53,77.49,83.49,103.86,0.0,34.30583
103,5,istanbul,1,78.86,75.33,114.47875,87.68,0.0,36.61458625
103,6,istanbul,1,78.08,54.93,83.09,168.77,0.0,49.17996
103,7,istanbul,1,0.0,58.46,39.53,103.24,0.0,26.40857
103,8,istanbul,1,12.25,79.64,83.55,100.85,0.0,30.78416
103,9,istanbul,1,14.35,36.49,66.14,117.3,0.0,29.73436
103,10,istanbul,1,44.16,86.94,59.11,176.83,0.0,48.83627
103,11,istanbul,1,38.31,79.99,41.13,191.18,0.0,49.67087000000001
103,12,istanbul,1,49.81,80.32,98.79,150.62,0.0,45.25332
103,13,istanbul,1,92.28,40.69,114.47875,129.88,0.0,43.17732625
103,14,istanbul,1,40.99,11.77,50.25,102.02,0.0,27.10797
103,15,istanbul,1,41.69,47.35,53.36,128.37,0.0,35.52314
103,16,istanbul,1,49.11,61.93,31.15,100.62,0.0,31.568710000000003
103,17,istanbul,1,41.02,81.79,35.62,75.14,0.0,27.67019
103,18,istanbul,1,50.62,56.7,102.44,101.93,0.0,34.02356
103,19,istanbul,1,21.81,58.04,53.62,78.95,0.0,24.70881
103,20,istanbul,1,56.4,50.42,45.22,150.58,0.0,41.46744
104,1,bursa,1,40.57,46.36,46.79,35.77,0.0,17.29708
104,2,bursa,1,49.83,30.5,30.71,79.04,0.0,24.695480000000003
104,3,bursa,1,23.63,48.69,20.48,72.26,0.0,21.64158
104,4,bursa,1,52.29,60.78,29.68,90.34,0.0,29.806850000000004
104,5,bursa,1,72.62,51.58,66.85,64.96,0.0,27.75399
104,6,bursa,1,30.7,93.19,27.39,58.55,0.0,24.02466
104,7,bursa,1,53.64,38.79,6.26,51.81,0.0,19.78753
104,8,bursa,1,36.66,86.52,58.72,85.05,0.0,30.30098
104,9,bursa,1,8.31,18.33,8.31,118.42,0.0,25.614510000000003
104,10,bursa,1,22.58,85.5,27.46,39.28,0.0,18.70906
104,11,bursa,1,19.25,42.6,19.84,83.8,0.0,22.78915
104,12,bursa,1,2.29,36.84,41.51,79.73,0.0,20.30312
104,13,bursa,1,24.17,76.67,16.22,107.31,0.0,30.7744
104,14,bursa,1,28.87,48.23,24.65,95.62,0.0,26.83431
104,15,bursa,1,41.39,10.09,48.83,81.61,0.0,23.03603
104,16,bursa,1,26.52,63.93,24.04,87.11,0.0,26.30609
104,17,bursa,1,51.91,50.27,66.04,75.21,0.0,27.1954
104,18,bursa,1,60.58,45.75,33.13,67.66,0.0,25.18872
104,19,bursa,1,33.16,56.55,35.98,72.03,0.0,23.93541
104,20,bursa,1,86.79,75.23,48.1,62.81,0.0,30.419340000000005
105,1,ankara,1,56.38,32.16,44.94,120.85,0.0,34.12204
105,2,ankara,1,47.31,62.53,57.39,73.25,0.0,27.07847
105,3,ankara,1,7.69,51.0,69.59,48.64,0.0,17.197879999999998
105,4,ankara,1,2.22,48.82,90.33,116.43,0.0,30.116390000000003
105,5,ankara,1,24.84,71.3,37.52,96.19,0.0,28.98398
105,6,ankara,1,28.59,50.2,26.43,114.99,0.0,30.75878
105,7,ankara,1,60.32,50.74,56.36,123.15,0.0,37.07006
105,8,ankara,1,35.04,80.99,57.34,118.17,0.0,35.93325
105,9,ankara,1,56.84,46.37,39.69,98.92,0.0,31.045320000000004
105,10,ankara,1,0.0,19.75,99.28,75.82,0.0,19.78999
105,11,ankara,1,40.26,21.23,54.65,167.35,0.0,40.56332
105,12,ankara,1,16.9,34.05,34.59,145.54,0.0,34.128280000000004
105,13,ankara,1,34.83,93.09,31.62,102.03,0.0,32.98692
105,14,ankara,1,27.43,39.28,86.48,165.88,0.0,41.52613
105,15,ankara,1,28.29,56.15,41.27,95.96,0.0,28.11947
105,16,ankara,1,36.75,51.52,46.43,83.47,0.0,26.46282
105,17,ankara,1,72.33,57.91,66.56,121.92,0.0,39.21018
105,18,ankara,1,18.81,49.34,68.8,77.33,0.0,23.80977
105,19,ankara,1,31.47,80.02,48.02,67.44,0.0,25.37001
105,20,ankara,1,18.57,76.47,38.34,78.59,0.0,25.37256
106,1,istanbul,1,29.44,59.02,28.03,30.96,0.0,15.563750000000002
106,2,istanbul,1,58.41,83.8,19.75,110.96,0.0,36.17092
106,3,istanbul,1,39.97,44.58,0.0,153.59,0.0,38.05345
106,4,istanbul,1,35.0,51.46,40.24,131.31,0.0,35.22486
106,5,istanbul,1,71.29,57.2,55.73,136.19,0.0,41.38818
106,6,istanbul,1,52.82,22.4,65.96,81.29,0.0,25.98418
106,7,istanbul,1,56.27,21.02,58.51,65.84,0.0,23.03096
106,8,istanbul,1,73.54,72.2,51.1,75.28,0.0,31.12516
106,9,istanbul,1,38.39,105.15,56.67,115.58,0.0,37.94801
106,10,istanbul,1,50.73,53.87,48.61,125.96,0.0,36.51405
106,11,istanbul,1,74.38,80.85,90.54,89.25,0.0,36.05425
106,12,istanbul,1,59.82,85.2,64.95,148.52,0.0,45.25119000000001
106,13,istanbul,1,71.87,83.02,65.9,143.51,0.0,45.51425
106,14,istanbul,1,54.06,28.64,74.38,63.59,0.0,23.57844
106,15,istanbul,1,29.11,66.16,63.32,80.47,0.0,26.90233
106,16,istanbul,1,94.85625,60.34,30.3,73.06,0.0,31.36674875
106,17,istanbul,1,13.76,85.64,49.97,137.66,0.0,37.38403
106,18,istanbul,1,94.85625,17.8,39.55,101.91,0.0,33.44363875
106,19,istanbul,1,77.39,42.71,43.6,79.98,0.0,29.5832
106,20,istanbul,1,40.29,60.24,80.99,46.19,0.0,21.69784
107,1,istanbul,1,48.94,65.69,52.44,120.44,0.0,36.43438999999999
107,2,istanbul,1,40.07,49.09,39.02,99.59,0.0,29.464040000000004
107,3,istanbul,1,18.46,85.08,47.24,119.86,0.0,34.36154
107,4,istanbul,1,31.9,99.44,33.29,99.78,0.0,32.84157
107,5,istanbul,1,94.85625,55.58,66.89,185.38,0.0,53.78919875
107,6,istanbul,1,26.65,82.83,18.46,132.64,0.0,36.5496
107,7,istanbul,1,72.36,74.33,98.3,136.03,0.0,44.49503
107,8,istanbul,1,32.4,61.79,65.01,27.42,0.0,16.7653
107,9,istanbul,1,59.65,107.1,66.33,76.75,0.0,33.449200000000005
107,10,istanbul,1,25.99,87.72,99.18,51.93,0.0,24.23779
107,11,istanbul,1,72.19,8.22,39.65,63.06,0.0,22.5287
107,12,istanbul,1,0.0,56.37,83.32,120.09,0.0,30.99041
107,13,istanbul,1,38.16,36.0,61.55,116.18,0.0,32.05321
107,14,istanbul,1,49.14,93.98,52.14,56.04,0.0,26.5999
107,15,istanbul,1,58.61,30.29,108.9,141.79,0.0,40.47114
107,16,istanbul,1,39.97,39.27,90.52,69.64,0.0,24.63066
107,17,istanbul,1,86.64,58.19,101.78,82.68,0.0,34.579370000000004
107,18,istanbul,1,62.17,92.77,48.43,116.0,0.0,39.37313
107,19,istanbul,1,58.74,56.55,65.19,113.5,0.0,35.8617
107,20,istanbul,1,48.63,59.41,100.01,149.1,0.0,43.00749
108,1,diger,1,31.45,46.87,23.17,46.63,0.0,17.55209
108,2,diger,1,19.12,64.13,26.99,59.6,0.0,20.294220000000003
108,3,diger,1,25.28,57.98,12.59,105.48,0.0,28.76023
108,4,diger,1,19.79,20.6,7.91,54.57,0.0,14.86354
108,5,diger,1,6.25,26.14,23.06,65.44,0.0,16.41679
108,6,diger,1,51.76,79.33,8.61,53.41,0.0,23.56884
108,7,diger,1,45.04,46.52,47.12,103.73,0.0,30.885240000000003
108,8,diger,1,29.81,37.57,10.02,115.82,0.0,29.36002
108,9,diger,1,52.69,31.89,6.02,103.81,0.0,29.03978
108,10,diger,1,35.03,50.41,38.87,92.69,0.0,27.67187
108,11,diger,1,36.32,16.12,47.39,38.68,0.0,14.69669
108,12,diger,1,31.81,33.78,42.37,82.86,0.0,24.05664
108,13,diger,1,51.7,60.08,14.64,58.63,0.0,23.06198
108,14,diger,1,14.66,57.38,17.74,113.08,0.0,29.12498
108,15,diger,1,22.81,33.19,30.14,70.63,0.0,20.19292
108,16,diger,1,39.94,47.81,29.3,82.87,0.0,25.784730000000003
108,17,diger,1,72.65,64.36,24.85,62.39,0.0,26.931420000000003
108,18,diger,1,44.41,33.54,11.0,45.48,0.0,17.20937
108,19,diger,1,42.1,44.12,39.53,85.25,0.0,26.519730000000003
108,20,diger,1,11.03,35.13,39.76,122.04,0.0,29.2183
109,1,bursa,0,21.4,88.92,41.05,0.0,0.0,11.81163
109,2,bursa,0,30.15,63.09,41.42,36.91,0.0,17.618679999999998
109,3,bursa,0,32.38,49.63,5.95,24.16,0.0,12.98774
109,4,bursa,0,28.12,40.49,55.81,25.79,0.0,13.74244
109,5,bursa,0,1.25,60.73,22.35,9.82,0.0,8.21641
109,6,bursa,0,53.99,66.43,52.73,71.6,0.0,27.71387
109,7,bursa,0,2.43,60.01,21.91,5.27,0.0,7.39903
109,8,bursa,0,8.35,23.06,31.84,56.54,0.0,14.98267
109,9,bursa,0,0.0,67.21,21.62,0.0,0.0,6.73839
109,10,bursa,0,17.68,43.17,15.16,25.54,0.0,11.30961
109,11,bursa,0,37.83,51.37,17.55,22.81,0.0,13.91615
109,12,bursa,0,60.95,4.52,20.48,65.36,0.0,20.67745
109,13,bursa,0,58.43,9.88,43.15,53.05,0.0,19.29462
109,14,bursa,0,40.14,4.32,38.17,0.0,0.0,6.336530000000001
109,15,bursa,0,24.67,79.44,44.97,0.0,0.0,11.48116
109,16,bursa,0,28.84,41.89,32.45,0.0,0.0,8.18056
109,17,bursa,0,0.0,28.33,7.63,0.0,0.0,2.7884199999999995
109,18,bursa,0,30.25,21.61,22.57,31.19,0.0,12.18047
109,19,bursa,0,52.41,42.99,6.5,0.0,0.0,10.080759999999998
109,20,bursa,0,15.66,48.29,62.87,5.23,0.0,9.30332
110,1,diger,1,51.42,34.11,23.7,117.82,0.0,32.40003
110,2,diger,1,36.53,30.76,36.9,82.25,0.0,24.02209
110,3,diger,1,33.92,48.33,34.34,113.58,0.0,31.21143
110,4,diger,1,48.94,81.63,38.55,80.17,0.0,29.63506
110,5,diger,1,31.36,81.04,18.98,106.2,0.0,31.87366
110,6,diger,1,27.75,32.54,34.5,77.02,0.0,22.08265
110,7,diger,1,49.67,72.5,31.56,76.33,0.0,27.92451
110,8,diger,1,33.43,39.83,10.54,79.52,0.0,23.02606
110,9,diger,1,37.47,66.24,18.07,67.55,0.0,23.80646
110,10,diger,1,21.85,39.63,35.43,85.07,0.0,23.61331
110,11,diger,1,47.86,27.59,44.2,87.25,0.0,26.25841
110,12,diger,1,31.52,53.75,31.05,68.33,0.0,22.61466
110,13,diger,1,25.84,58.09,34.73,68.15,0.0,22.44196
110,14,diger,1,34.52,41.16,49.33,57.86,0.0,20.46871
110,15,diger,1,43.0,32.52,22.5,62.15,0.0,20.55958
110,16,diger,1,0.0,50.94,2.64,98.59,0.0,23.55534
110,17,diger,1,52.38,42.63,47.63,63.98,0.0,23.76898
110,18,diger,1,58.71,52.42,21.92,84.72,0.0,28.450470000000003
110,19,diger,1,73.0,33.41,39.96,95.7,0.0,31.14149
110,20,diger,1,46.81,44.68,31.66,31.53,0.0,16.521530000000002
111,1,diger,0,20.79,36.86,21.55,72.95,0.0,20.43204
111,2,diger,0,61.38,33.7,27.32,40.19,0.0,18.730680000000003
111,3,diger,0,21.47,45.33,31.75,15.38,0.0,10.56763
111,4,diger,0,35.91,43.38,29.76,66.69,0.0,21.836550000000003
111,5,diger,0,0.56,17.02,22.19,14.75,0.0,5.18783
111,6,diger,0,22.15,26.57,35.56,54.62,0.0,16.64362
111,7,diger,0,0.64,16.63,21.16,48.55,0.0,11.61587
111,8,diger,0,31.84,43.53,18.67,71.08,0.0,21.83658
111,9,diger,0,25.13,51.41,43.6,63.28,0.0,21.1412
111,10,diger,0,41.16,61.87,27.74,13.19,0.0,13.74321
111,11,diger,0,57.95,47.67,27.57,0.0,0.0,11.87183
111,12,diger,0,13.75,58.22,12.51,4.49,0.0,8.062759999999999
111,13,diger,0,22.13,52.49,31.41,43.34,0.0,16.637190000000004
111,14,diger,0,4.05,39.36,28.34,25.94,0.0,9.94117
111,15,diger,0,32.29,27.11,23.19,71.33,0.0,20.63315
111,16,diger,0,14.82,31.22,20.34,23.29,0.0,9.66646
111,17,diger,0,18.54,39.75,41.66,0.0,0.0,7.12795
111,18,diger,0,28.73,33.91,39.85,0.0,0.0,7.71669
111,19,diger,0,1.18,39.51,12.69,17.27,0.0,7.41208
111,20,diger,0,32.95,61.43,33.13,7.64,0.0,11.88295
112,1,izmir,0,18.57,57.77,94.18,70.37,0.0,24.08442
112,2,izmir,0,39.04,47.41,74.21,44.76,0.0,19.90036
112,3,izmir,0,34.39,52.75,55.34,60.57,0.0,22.21594
112,4,izmir,0,36.58,42.06,13.9,18.02,0.0,11.89638
112,5,izmir,0,37.15,50.38,55.78,0.0,0.0,10.70837
112,6,izmir,0,64.0,30.77,39.41,90.25,0.0,28.80588
112,7,izmir,0,60.15,75.89,22.03,0.0,0.0,14.44251
112,8,izmir,0,24.15,43.24,61.81,43.76,0.0,17.19088
112,9,izmir,0,28.15,57.92,78.83,14.22,0.0,13.88142
112,10,izmir,0,75.97,56.63,74.87,23.16,0.0,20.84379
112,11,izmir,0,0.0,80.73,52.77,28.95,0.0,14.590319999999998
112,12,izmir,0,60.23,92.16,37.73,44.68,0.0,25.0278
112,13,izmir,0,76.64,43.67,79.37,35.27,0.0,22.250020000000003
112,14,izmir,0,45.73,52.38,83.59,65.35,0.0,25.39362
112,15,izmir,0,46.14,56.15,48.92,41.16,0.0,19.91837
112,16,izmir,0,33.88,87.53,69.18,40.72,0.0,21.92591
112,17,izmir,0,59.96,51.37,73.91,28.33,0.0,19.49354
112,18,izmir,0,26.5,105.62,5.11,43.67,0.0,21.011170000000003
112,19,izmir,0,22.78,46.93,35.27,11.91,0.0,10.31764
112,20,izmir,0,43.08,60.34,28.61,0.0,0.0,11.32581
113,1,ankara,0,59.68,114.52,114.47875,0.0,0.0,21.06223625
113,2,ankara,0,49.33,52.03,67.3,13.31,0.0,15.21464
113,3,ankara,0,35.24,72.82,41.04,12.72,0.0,14.41222
113,4,ankara,0,62.55,33.61,26.9,33.08,0.0,17.4774
113,5,ankara,0,67.22,98.24,38.35,73.39,0.0,31.90679
113,6,ankara,0,64.0,36.31,77.14,0.0,0.0,13.29149
113,7,ankara,0,35.83,97.31,50.69,95.83,0.0,32.95455
113,8,ankara,0,6.79,50.0,42.09,78.23,0.0,21.72416
113,9,ankara,0,19.36,76.99,71.74,12.69,0.0,14.025889999999997
113,10,ankara,0,17.34,67.55,63.32,13.9,0.0,12.89105
113,11,ankara,0,51.73,25.09,68.69,59.78,0.0,22.06387
113,12,ankara,0,39.09,77.93,56.22,0.0,0.0,13.39882
113,13,ankara,0,33.13,46.06,58.52,0.0,0.0,9.95749
113,14,ankara,0,28.08,87.89,59.08,45.76,0.0,21.90513
113,15,ankara,0,54.01,49.86,21.27,31.14,0.0,17.37202
113,16,ankara,0,0.0,76.67,75.78,12.85,0.0,11.94313
113,17,ankara,0,26.52,85.93,24.7,21.4,0.0,15.67087
113,18,ankara,0,67.97,84.64,70.22,0.0,0.0,17.80721
113,19,ankara,0,39.58,43.79,96.61,26.68,0.0,16.95292
113,20,ankara,0,41.47,115.04,31.78,2.09,0.0,16.52119
114,1,bursa,1,56.94,52.48,48.02,79.05,0.0,28.07712
114,2,bursa,1,23.04,43.75,15.04,96.79,0.0,25.65343
114,3,bursa,1,46.27,44.73,51.63,110.03,0.0,32.23483
114,4,bursa,1,32.63,55.57,41.82,50.36,0.0,19.831
114,5,bursa,1,32.28,40.36,11.83,87.38,0.0,24.49525
114,6,bursa,1,71.78,57.57,22.27,105.21,0.0,34.3582
114,7,bursa,1,19.48,38.68,29.08,109.03,0.0,27.63428
114,8,bursa,1,48.31,57.9,28.05,55.22,0.0,22.29274
114,9,bursa,1,0.0,27.92,53.31,96.38,0.0,22.855690000000003
114,10,bursa,1,0.0,54.58,49.6,82.79,0.0,22.4893
114,11,bursa,1,58.67,53.76,12.49,157.76,0.0,42.25876
114,12,bursa,1,16.55,27.65,25.74,105.51,0.0,25.522920000000003
114,13,bursa,1,17.02,58.27,38.82,93.32,0.0,26.41947
114,14,bursa,1,37.26,44.97,46.57,153.91,0.0,39.4679
114,15,bursa,1,40.09,35.27,42.34,99.43,0.0,28.32184
114,16,bursa,1,35.98,29.11,36.9,93.77,0.0,26.02383
114,17,bursa,1,33.46,39.05,31.93,97.13,0.0,27.08986
114,18,bursa,1,33.43,68.07,22.44,159.69,0.0,41.34856
114,19,bursa,1,37.61,62.26,26.28,39.39,0.0,18.34897
114,20,bursa,1,3.39,18.84,38.39,77.6,0.0,18.30946
115,1,ankara,1,27.91,60.47,45.26,70.3,0.0,23.67318
115,2,ankara,1,40.92,42.3,28.83,95.93,0.0,27.898110000000003
115,3,ankara,1,72.85,70.15,49.8,121.05,0.0,39.6057
115,4,ankara,1,66.38,34.18,53.1,137.35,0.0,38.90542
115,5,ankara,1,4.9,2.96,99.66,107.59,0.0,24.97232
115,6,ankara,1,20.76,47.88,31.9,49.3,0.0,17.23082
115,7,ankara,1,60.92,32.25,64.81,129.74,0.0,37.05448
115,8,ankara,1,43.45,46.09,81.38,164.17,0.0,43.4677
115,9,ankara,1,31.06,55.04,63.38,37.98,0.0,17.980919999999998
115,10,ankara,1,29.65,21.7,28.95,114.98,0.0,28.43046
115,11,ankara,1,20.49,15.46,87.69,114.25,0.0,28.73744
115,12,ankara,1,71.83,70.03,80.65,78.99,0.0,32.48195
115,13,ankara,1,29.65,54.44,40.92,114.54,0.0,31.67879
115,14,ankara,1,47.97,51.92,65.11,87.51,0.0,29.218200000000003
115,15,ankara,1,53.7,44.61,40.61,93.71,0.0,29.55946
115,16,ankara,1,48.27,57.28,32.89,127.12,0.0,36.20716
115,17,ankara,1,56.5,64.4,0.0,92.73,0.0,30.03326
115,18,ankara,1,43.67,13.61,0.0,64.24,0.0,18.56742
115,19,ankara,1,22.03,10.61,46.02,159.79,0.0,35.76812
115,20,ankara,1,57.11,55.19,47.8,128.56,0.0,37.83608
116,1,diger,0,25.05,62.85,15.03,54.53,0.0,19.47021
116,2,diger,0,37.83,29.98,27.37,4.63,0.0,8.865580000000001
116,3,diger,0,39.03,22.44,15.04,24.76,0.0,11.76593
116,4,diger,0,55.56,56.11,20.13,0.0,0.0,12.087739999999998
116,5,diger,0,50.83,59.73,28.21,35.59,0.0,18.98205
116,6,diger,0,37.67,53.39,33.95,0.0,0.0,10.272010000000002
116,7,diger,0,19.91,16.56,36.3,27.16,0.0,10.24871
116,8,diger,0,28.46,46.39,15.18,0.0,0.0,7.93291
116,9,diger,0,27.43,36.92,26.56,24.55,0.0,12.08353
116,10,diger,0,45.3,0.0,44.89,0.0,0.0,6.7806500000000005
116,11,diger,0,52.69,63.06,23.17,8.33,0.0,14.082
116,12,diger,0,25.09,28.98,35.52,0.0,0.0,6.70777
116,13,diger,0,21.33,34.74,47.52,12.62,0.0,9.63105
116,14,diger,0,39.13,24.76,33.77,25.08,0.0,12.7009
116,15,diger,0,56.52,29.5,15.07,24.75,0.0,14.40475
116,16,diger,0,24.31,73.61,18.64,15.22,0.0,12.92158
116,17,diger,0,35.73,62.56,21.49,0.0,0.0,10.42894
116,18,diger,0,37.76,62.24,24.99,0.0,0.0,10.75641
116,19,diger,0,40.65,46.37,32.23,0.0,0.0,9.92973
116,20,diger,0,42.04,29.37,13.4,4.06,0.0,8.69705
117,1,diger,0,34.07,19.19,31.65,48.22,0.0,15.99195
117,2,diger,0,21.86,12.72,25.48,25.16,0.0,9.3685
117,3,diger,0,43.8,10.8,6.73,0.0,0.0,6.23375
117,4,diger,0,56.96,42.75,25.43,0.0,0.0,11.2452
117,5,diger,0,27.19,71.0,26.32,52.95,0.0,20.53345
117,6,diger,0,25.88,56.87,39.53,4.65,0.0,10.31398
117,7,diger,0,20.04,30.71,29.03,14.95,0.0,8.924240000000001
117,8,diger,0,53.72,55.49,27.32,34.14,0.0,18.62749
117,9,diger,0,36.1,63.17,30.72,57.27,0.0,21.84467
117,10,diger,0,29.31,50.68,22.96,59.49,0.0,20.10685
117,11,diger,0,43.96,38.03,22.08,16.15,0.0,12.31367
117,12,diger,0,14.26,64.24,33.37,45.45,0.0,17.25161
117,13,diger,0,51.16,31.14,35.16,3.04,0.0,10.469139999999998
117,14,diger,0,26.71,52.71,27.39,0.0,0.0,8.721490000000001
117,15,diger,0,37.79,29.16,34.91,79.26,0.0,23.38086
117,16,diger,0,72.58,9.66,25.19,0.0,0.0,10.08809
117,17,diger,0,0.0,41.63,42.35,0.0,0.0,5.187320000000001
117,18,diger,0,25.8,32.21,13.8,31.75,0.0,12.41269
117,19,diger,0,16.08,44.56,16.23,22.28,0.0,10.66085
117,20,diger,0,11.59,49.2,25.64,13.65,0.0,9.22985
118,1,izmir,1,76.67,76.53,66.64,94.52,0.0,36.10846
118,2,izmir,1,40.63,39.39,44.72,60.53,0.0,21.36512
118,3,izmir,1,41.51,51.14,35.5,22.89,0.0,14.96249
118,4,izmir,1,20.4,57.97,67.1,87.45,0.0,26.64423
118,5,izmir,1,35.33,50.97,73.59,95.67,0.0,29.54357
118,6,izmir,1,20.35,75.68,5.53,135.62,0.0,35.30836
118,7,izmir,1,22.0,94.4,81.47,89.45,0.0,30.95745
118,8,izmir,1,25.48,51.72,91.39,91.49,0.0,28.29801
118,9,izmir,1,41.07,36.11,56.26,40.11,0.0,17.60706
118,10,izmir,1,39.71,45.69,88.9,99.89,0.0,30.92344
118,11,izmir,1,68.46,49.46,59.86,137.19,0.0,40.71042
118,12,izmir,1,32.86,50.62,77.61,141.58,0.0,38.18379
118,13,izmir,1,20.87,71.99,30.98,122.07,0.0,33.3289
118,14,izmir,1,70.43,20.92,88.17,105.47,0.0,33.297520000000006
118,15,izmir,1,59.68,44.83,30.81,43.12,0.0,20.21046
118,16,izmir,1,13.54,58.94,15.21,61.36,0.0,19.11623
118,17,izmir,1,31.28,53.94,41.75,92.72,0.0,27.66135
118,18,izmir,1,26.35,36.75,73.39,118.65,0.0,31.650450000000003
118,19,izmir,1,34.86,98.73,28.02,86.87,0.0,30.45561
118,20,izmir,1,60.48,61.89,68.24,111.31,0.0,36.22333
119,1,diger,1,19.92,56.37,35.67,123.78,0.0,32.32194
119,2,diger,1,19.78,50.67,24.88,86.44,0.0,24.25161
119,3,diger,1,34.03,44.87,50.84,64.63,0.0,22.09524
119,4,diger,1,33.93,81.33,28.47,59.81,0.0,23.62029
119,5,diger,1,5.39,29.29,12.95,27.36,0.0,8.93303
119,6,diger,1,50.09,53.95,35.07,51.83,0.0,21.74071
119,7,diger,1,38.26,51.3,13.11,105.98,0.0,29.77261
119,8,diger,1,21.96,40.44,23.33,67.02,0.0,19.80895
119,9,diger,1,48.11,50.24,17.98,63.44,0.0,22.81379
119,10,diger,1,60.91,78.83,38.73,80.15,0.0,30.76487
119,11,diger,1,18.92,73.39,8.94,87.89,0.0,25.895290000000003
119,12,diger,1,42.72,62.22,27.89,98.04,0.0,30.250210000000003
119,13,diger,1,48.34,49.8,22.19,69.83,0.0,24.175310000000003
119,14,diger,1,16.16,53.9,22.96,37.18,0.0,14.59766
119,15,diger,1,13.63,39.44,20.73,68.16,0.0,18.88988
119,16,diger,1,33.63,61.52,21.16,135.45,0.0,36.08973
119,17,diger,1,58.85,50.82,31.93,86.59,0.0,29.03356
119,18,diger,1,15.79,57.7,36.23,114.61,0.0,30.22432
119,19,diger,1,11.5,74.36,15.82,84.77,0.0,24.77008
119,20,diger,1,42.8,46.43,33.73,53.13,0.0,20.43578
120,1,izmir,0,32.72,5.92,79.65,36.12,0.0,14.01247
120,2,izmir,0,19.1,92.3,50.24,0.0,0.0,12.1696
120,3,izmir,0,41.23,32.68,28.98,0.0,0.0,8.66427
120,4,izmir,0,5.19,60.42,53.16,7.09,0.0,9.19611
120,5,izmir,0,59.03,57.29,60.24,29.58,0.0,19.67502
120,6,izmir,0,34.29,78.11,81.3,0.0,0.0,13.74064
120,7,izmir,0,76.89,93.37,33.99,65.03,0.0,30.82769
120,8,izmir,0,55.29,25.54,64.17,56.4,0.0,21.70616
120,9,izmir,0,7.48,68.7,56.07,0.0,0.0,8.93695
120,10,izmir,0,27.98,53.91,12.96,67.85,0.0,21.49649
120,11,izmir,0,0.0,76.11,63.54,29.21,0.0,14.60601
120,12,izmir,0,43.62,48.62,42.98,36.97,0.0,17.94602
120,13,izmir,0,69.08,62.22,60.28,103.38,0.0,35.44054
120,14,izmir,0,23.54,104.75,50.84,15.03,0.0,16.69501
120,15,izmir,0,17.4,63.05,26.04,82.99,0.0,24.45793
120,16,izmir,0,18.92,90.1,11.98,29.94,0.0,16.362479999999998
120,17,izmir,0,28.4,32.82,23.49,7.43,0.0,8.43569
120,18,izmir,0,45.04,79.68,18.91,7.83,0.0,14.43633
120,19,izmir,0,21.47,73.41,39.28,0.0,0.0,10.37734
120,20,izmir,0,27.87,40.15,27.25,8.85,0.0,9.43135
121,5,istanbul,0,22.49414327888432,76.27084504926577,35.450371038756984,0.0,0.0,10.615694672812843
121,18,diger,1,27.28118921278169,86.98487097345526,20.24122219814916,121.25349614023132,0.0,34.868104311967045
121,1,ankara,0,38.02135121328975,29.293486189442955,52.39623332006158,65.21089917667535,0.0,21.33393646851257
121,16,diger,1,19.21888660553334,55.25333769951033,17.166105234428333,116.30642451596157,0.0,30.05936620516236
121,20,istanbul,0,51.87620860393786,80.18916629874451,69.73060635856837,10.349677817875584,0.0,17.530309153623122
121,8,bursa,0,29.778068719338226,9.357042554199666,45.85253279093921,6.116423355485598,0.0,7.036446621983775
121,15,diger,0,21.89026520843995,36.51623354989895,31.447677298366884,18.42474396065585,0.0,10.405544830800364
121,18,istanbul,1,47.18234395916445,73.3288345182221,116.59832669880728,61.9294971959678,0.0,27.923640723509752
121,4,istanbul,0,22.42696677546627,36.9011336110422,86.61215098444836,12.92858617140475,0.0,11.377015899926782
121,16,diger,1,26.790286462523664,46.86479159014134,4.803378974537433,79.76368423325638,0.0,22.73459503160684
121,14,diger,0,16.905985072393413,28.68300154904507,20.92900798711652,0.0,0.0,5.229490700739332
121,1,bursa,0,28.597288479593868,66.95274873117887,23.49816283923005,0.0,0.0,10.069918511601266
121,14,izmir,0,13.666634533371784,99.78173297898948,36.59032742279327,0.0,0.0,11.732898666265584
121,1,diger,0,24.20468611150384,29.939691802957693,30.05788272830481,16.336323027665266,0.0,9.636771390088576
121,3,izmir,0,48.95006285440775,65.45668825690672,25.73061219351217,0.0,0.0,12.355473909894515
121,3,diger,1,34.6377192836061,65.51674043822504,16.74845430643719,66.30101788753511,0.0,23.130318951748773
121,15,diger,1,33.17188225034719,21.734544471461646,22.33335148656651,62.982720913924624,0.0,18.62349063425337
121,14,istanbul,1,71.94085848162902,87.2897819541198,62.81897459374518,71.41676136308715,0.0,31.95267161179781
121,8,istanbul,0,79.58637589738088,63.252897964578885,34.223742327849095,64.49010201139849,0.0,28.36187171470955
121,4,bursa,1,43.53078622598407,17.046606880472208,37.25473650094534,65.14023929099939,0.0,20.334030149755165
121,11,diger,0,31.79143226143969,43.37136726797194,11.399546534640834,39.48996659879884,0.0,15.497124112596874
121,17,ankara,1,33.212569969836764,56.86386939152336,46.54172044288345,101.73868501621806,0.0,30.043117660991594
121,7,istanbul,0,90.8429048184722,73.13807187015102,91.01085844860364,46.2651232429413,0.0,29.0245061589136
121,3,izmir,0,23.89267396609283,50.41153482503582,32.90851274589307,0.0,0.0,8.386082051635121
121,19,bursa,1,49.65968912995663,52.58256421097667,22.311562753838107,137.99689034394086,0.0,37.66702010714292
121,1,diger,1,0.0,46.697547437254975,22.7361072780375,85.99285410679138,0.0,21.46247346515095
121,15,diger,0,28.88841446912559,51.01120459906673,14.014755494139866,0.0,0.0,8.352681315561277
121,5,diger,1,15.006994397826071,76.73344682721249,22.69547280028853,57.41661909539248,0.0,20.373413537697367
121,9,istanbul,1,49.15327095644143,74.44747925743694,71.11109219939534,48.71268149354297,0.0,24.12017488764174
121,18,bursa,1,16.324614469252708,51.457398355438194,35.86042584378766,95.75386697148484,0.0,26.096896480655715
121,18,diger,1,21.265508196040724,48.09794222932777,21.31096671624036,73.16696730963142,0.0,21.5201918594725
121,11,diger,0,47.80906578346963,34.25636598399636,30.441368826129008,0.0,0.0,9.6123070465892
121,5,istanbul,0,5.225450618227171,40.830189541901646,40.91601524709708,10.841333143066064,0.0,7.748410187442453
121,11,istanbul,1,23.65512190899114,44.154380093033794,26.2304489248716,86.86854613988294,0.0,24.246905419042022
121,16,bursa,0,22.12186094022309,71.35378818394919,36.46801085827258,0.0,0.0,10.170881536536674
121,17,bursa,0,25.76838603612504,25.64396171049168,45.59843985995997,65.41491105281702,0.0,19.401285303627606
121,13,diger,0,16.224099614659533,23.588922309199894,40.67458151096262,15.856295358391666,0.0,8.43320460289953
121,14,istanbul,0,43.81760448275367,113.03337552647947,95.41291031993296,48.317454871007705,0.0,27.71539813380448
121,9,ankara,1,50.78999191393287,41.36240582137896,75.01687467517125,77.4659488299744,0.0,27.02115597719109
121,15,istanbul,0,42.5917909248744,116.99778639749997,68.91242594531981,0.0,0.0,17.722793853824246
121,20,izmir,1,12.561390346188022,43.25598838251327,62.65954343169462,132.9942931875105,0.0,33.02233116796663
121,14,ankara,1,47.8069501109436,0.0,62.78145007162626,135.45607653479846,0.0,33.70271670994674
121,1,istanbul,0,28.23579920891949,79.59076290847348,85.34276851531489,86.91186881413991,0.0,30.004770518230764
121,13,izmir,1,27.187066764732418,58.96575845063978,38.15356750385169,71.05107648360774,0.0,23.351646727538665
121,2,ankara,1,25.173785773084138,58.59027859666328,52.97908054144192,40.84467758030824,0.0,17.805966073377355
121,18,izmir,0,62.01928071559449,81.02651101962124,109.8323063153174,55.96265701228605,0.0,28.932537630434688
121,13,diger,1,54.01596784959418,44.9208754360309,19.946097713838,67.00089063675156,0.0,23.772078638750717
121,20,istanbul,0,64.0527560724949,40.05594609759566,52.44585364430432,17.432543288225393,0.0,16.113699339912856
121,2,ankara,0,25.683332107023837,76.72449909709177,9.079935463736868,0.0,0.0,10.0998613531797
121,4,istanbul,0,0.0,67.43028995859449,71.16957209282545,35.40850800471332,0.0,15.290664366468755
121,15,diger,1,18.897294465084453,40.41754854085264,39.83166352196133,88.06843126734637,0.0,24.073597710219747
121,15,istanbul,0,52.76237483606008,56.982415709572535,117.21378807068712,47.88140666102306,0.0,24.434820765689345
121,7,istanbul,1,51.19555005848567,57.51873231089915,64.25098595231005,75.79095488692647,0.0,27.80730327901661
121,11,istanbul,0,39.9214808647284,29.07337913362925,72.31557303776297,32.78526959011094,0.0,16.004317859959773
121,12,istanbul,0,43.76647485807547,64.79132615527769,45.10144477335721,0.0,0.0,12.378123203565895
121,18,istanbul,0,0.0,16.40025384290881,48.39928359962331,82.85841713378068,0.0,19.06241360769159
121,16,diger,1,45.344798710134846,41.532722993214,13.505551790619291,93.95652056702453,0.0,27.42341045960194
121,1,istanbul,0,54.74213069569274,83.50367326182958,55.00614079502276,0.0,0.0,15.652386878133294
121,10,istanbul,1,6.535790627864331,41.076381267790985,21.3671890981152,46.356220644122345,0.0,14.055659837143317
121,8,diger,0,72.47241248714566,68.90660939538483,23.882941472703813,25.174852065723417,0.0,20.136490220374533
121,13,diger,0,9.869198351100062,34.06399491912513,25.73467126094079,8.20837630595515,0.0,6.643375103054961
121,2,diger,0,19.42657178386868,48.21512546081858,41.148824908013175,49.68409176832872,0.0,17.504756412457326
121,3,ankara,1,44.596497375691776,58.12105686557328,34.29612326091995,135.06028229244995,0.0,37.43330977352316
121,14,diger,0,46.7434919284752,18.003655101919634,22.494865608806418,28.69698919172064,0.0,13.274969096964082
121,10,izmir,1,47.003634962046455,28.23731718603533,55.635399417935936,54.3548068531791,0.0,20.30190114563063
121,8,diger,0,44.82510331587363,47.73355666628424,33.01816372162276,11.569710543580822,0.0,12.78019357924908
121,10,diger,1,37.44259480046575,65.91110390432624,5.224960805995172,77.99307130792914,0.0,25.329529968870823
121,19,diger,1,29.77359472447784,41.26078252146476,24.47115801825432,68.42365524086861,0.0,21.09000537461099
121,11,istanbul,0,60.26907418524879,27.878032684792725,64.55784767734298,75.05596175813466,0.0,26.082357766519024
121,13,istanbul,0,68.88003623311442,29.65705395750808,26.14266242228399,0.0,0.0,11.475675153806318
121,18,diger,1,10.055314058834847,45.20804696641783,23.00450781087071,81.11961914369053,0.0,21.56000194574625
121,11,bursa,1,64.86840439962373,54.67537386133361,72.34156487592246,71.84274454507742,0.0,28.65173650292757
121,11,istanbul,1,56.72911136897589,13.115174203863535,49.36361536146759,82.33597997080928,0.0,25.22733300362283
121,7,izmir,1,91.62202086168116,46.15805887795617,84.72766622580633,92.71691775322633,0.0,35.411716165754115
121,5,ankara,1,36.152656477312775,42.449341458803744,96.16180542963586,83.18490222437605,0.0,27.27271130184196
121,12,diger,0,4.607350144193132,36.2511115670144,30.282863486030383,27.241014568154267,0.0,10.046369215143176
121,3,izmir,1,19.665555613298263,65.69613693772206,21.4075803649777,86.38156630036349,0.0,25.443021125430576
121,12,bursa,1,65.93424678710213,44.555905452566165,34.54620507795413,142.8120069275394,0.0,40.1769364736111
121,2,diger,0,29.012380651834388,53.415521191978094,30.86275765591789,0.0,0.0,9.170601679004132
121,17,izmir,0,26.67603154222164,89.42327667991567,32.020272659380474,11.754803354830488,0.0,14.404047039073754
121,6,ankara,1,57.067190288936565,26.06862790273357,52.47983518418257,119.51648239111954,0.0,33.66679361711233
121,7,bursa,1,20.93907977053057,80.76627997016489,33.82546783720126,76.65131585633114,0.0,25.497137109673314
121,11,istanbul,0,15.7037666976767,55.72962264238189,23.89242004339376,88.96376769781725,0.0,24.683147684904505
121,6,bursa,1,45.040733849405406,106.4473644810862,42.42577648545255,69.60386466612235,0.0,29.50234402438462
121,20,istanbul,0,55.340853956144976,30.94063072374778,37.2069112499297,0.0,0.0,10.420156233117764
121,20,izmir,0,23.833193491994333,94.5141289524484,4.377869450077361,37.90520901364047,0.0,18.58360028971893
121,3,bursa,1,39.34606657917592,40.46165710547736,48.80906816544357,42.75635013978856,0.0,18.043421751622645
121,13,istanbul,0,67.91239159143512,73.2671344932921,16.32782704923131,9.762895253127384,0.0,16.77664983824159
121,12,istanbul,1,65.47772253308716,97.8073736592008,58.13080302991783,129.72005318215125,0.0,43.17562266399406
121,10,istanbul,1,51.393294494478965,110.18336001113198,44.47467586844122,76.1387617334778,0.0,31.891803816079005
121,9,diger,1,23.86924507728058,59.3239336022551,28.81530870943679,64.96453169734785,0.0,21.50651916520905
121,4,diger,0,44.26291170501356,36.76824253966329,33.732666180754826,27.80025250147327,0.0,14.88090022871588
121,2,diger,0,43.34487121726354,84.80224241816697,35.27969149279071,0.0,0.0,13.766848967449842
121,18,bursa,0,46.87629985590069,3.7236253335902334,44.26387658340472,0.0,0.0,7.271412818537275
121,6,ankara,1,65.57536706937498,82.83680710279407,70.14318401320145,144.12641754623095,0.0,45.04092665446519
121,17,izmir,0,51.74513252696185,43.24989046890069,59.53768972604392,26.15144988348228,0.0,16.90482801037291
121,5,diger,1,29.59038281183255,19.76307064016695,39.21844898090992,71.01482218567806,0.0,20.16929888431764
121,14,bursa,1,24.522383824565736,71.70777325284425,7.293575838643398,140.57758940687538,0.0,36.44823827980079
121,9,diger,1,36.522177316029335,60.83071136960885,13.137058753651116,98.69651613579684,0.0,29.023511857689343
121,9,istanbul,0,65.69899036856314,63.47602694238276,90.5426901074814,29.014775625477768,0.0,21.94458136411041
121,5,izmir,0,36.35878480707435,83.90642513629108,78.02729736694509,38.98520341415384,0.0,21.865046553304072
121,17,diger,1,22.496145827541675,37.154843151234566,18.741346732792195,70.97855613599386,0.0,20.177667724385717
121,14,istanbul,0,101.28017659163056,71.14048970478943,80.70684624569034,15.130858508342667,0.0,23.70858834396473
121,10,istanbul,0,36.32241900460065,43.01815877658792,0.0,0.0,0.0,8.0056943166454
121,3,izmir,0,19.99486342989105,51.48144523457296,79.18269325532329,0.0,0.0,9.65265218425078
121,2,izmir,1,79.22574402518761,62.58690151515099,35.1781514900721,53.53101706750199,0.0,26.19038537685792
121,13,diger,0,31.45337902005127,47.14944322260924,33.34547647208389,60.6835934806132,0.0,20.631780658918792
121,7,diger,1,27.20689754762142,55.92363738361899,15.261997585075784,79.53675708056683,0.0,23.91122422006504
121,14,izmir,0,48.99206788760888,55.63017363915901,39.60040652601222,0.0,0.0,11.9711874893706
121,8,ankara,1,21.64103710006606,59.471600913689166,58.48583913805957,58.703363281951226,0.0,21.09974186779265
121,11,istanbul,0,26.338681173779637,137.11870824760123,46.11457640858353,31.92364817309949,0.0,22.975863992556693
121,10,istanbul,0,100.14400536574875,64.46185352674138,109.36373705275912,55.10186780763415,0.0,31.660954996853416
121,20,izmir,1,45.52333492826358,61.81651740173309,40.891083221393394,126.65020726073668,0.0,36.484881272314766
121,17,istanbul,0,38.80637572142072,92.88296401195392,45.20616086549082,51.92412332858112,0.0,24.28096431440704
121,17,istanbul,0,43.16919938651421,85.94311894326322,27.827682539119003,0.0,0.0,13.587364404268726
121,14,diger,1,5.21165415341335,21.38155140010945,29.018551743851464,34.86081709835426,0.0,10.211224496171097
121,15,izmir,0,16.757497168025154,78.00136973282865,11.433071585242743,35.901513477738305,0.0,16.162482173753894
121,11,ankara,1,45.38934954711982,22.980278499590845,35.31489972191831,85.80981837652224,0.0,24.97652660294177
121,12,istanbul,0,43.754681841559695,100.80762636251944,30.341869346234915,4.5023685471211286,0.0,15.930087346209074
121,15,istanbul,1,21.105173156488323,58.29412266124436,72.63984473438163,112.7315357543518,0.0,31.80212126038581
121,13,istanbul,0,14.670395304112354,91.11814205714622,67.2901575205348,0.0,0.0,12.151765616277654
121,7,ankara,1,26.34439390365935,73.91051355983205,43.88365302890343,57.69587776731685,0.0,22.22117739308233
121,1,istanbul,1,60.21072134515742,19.111093443690084,35.443552772775014,72.06379301532328,0.0,23.70189287717072
121,14,bursa,1,12.109608341601604,50.870981090968456,7.116777891862032,72.49655432017917,0.0,20.08854793206995
121,2,bursa,0,52.69167355640102,49.444480805349805,6.670160345225013,0.0,0.0,10.693556862745128
121,9,diger,1,31.990309430022958,46.09938841045763,41.88121166898577,68.59108777791093,0.0,22.41706241475677
121,6,istanbul,1,55.72587204424413,83.96129038852776,32.01899548872331,127.51858173263918,0.0,39.48526266443909
121,12,istanbul,1,107.47680190939198,71.66474391211467,83.97311279400083,124.47615214043846,0.0,45.5764745865125
121,7,izmir,1,19.571875633517124,75.28654123420303,78.87098465449616,39.321445968369424,0.0,19.261469956532835
121,7,istanbul,1,54.897981120136166,63.199816999607314,71.48030691559906,145.70383561016646,0.0,42.41499872097864
121,12,istanbul,1,39.53301218483772,50.14696100510629,39.91936372893545,101.38966010684196,0.0,29.873368401737192
121,2,diger,1,35.49755326774331,43.5648794614168,22.913883139663177,68.36302231810657,0.0,21.88717909282125
121,19,istanbul,1,75.54832976099578,110.3611607518214,91.79591949805398,85.76382470573847,0.0,38.1897127553603
121,16,diger,1,33.26269225287654,54.03566077894779,57.08396167371096,72.48611473428357,0.0,24.54965610596949
121,6,izmir,1,22.018270250747133,75.48778667907372,24.967284499696547,91.26998695460924,0.0,27.648206546047835
121,9,bursa,1,55.24773177508164,48.76021506483071,61.13333463099138,93.58428612035505,0.0,30.80099794209719
121,11,ankara,1,62.11150799686976,41.01810884599077,67.07542103693304,100.51931581986447,0.0,32.44078348063984
121,18,diger,1,27.413293167288696,45.58718443348044,47.27506645926238,103.25901139319431,0.0,28.690145642385453
121,2,diger,0,30.62297973723542,11.361472448394922,19.97143356540432,33.90795876004393,0.0,11.742141974406806
121,20,istanbul,1,43.28965055945678,87.69644264537601,43.14641898934028,138.00634090407968,0.0,40.7906353279862
121,13,ankara,0,31.035409758830053,36.17694284653925,59.9020579759932,53.82762568545279,0.0,19.220296196374147
121,1,diger,0,49.033131737008326,42.09263973477069,29.92651190302204,17.568014360038248,0.0,13.805541759883663
121,6,diger,1,18.785432327651343,29.45190506159035,26.40696958860692,60.73123368609308,0.0,17.36618507149256
121,13,istanbul,0,46.60457216511065,57.87552822677101,56.02069673262465,63.05241381590021,0.0,24.577235649465045
121,1,istanbul,1,30.412373430942363,77.18939645958078,28.53695931896814,42.294073955856575,0.0,19.48653500514941
121,3,ankara,0,28.46717410580435,56.60677244379995,29.11325880557913,105.14975352650391,0.0,29.51944450494972
121,4,istanbul,0,82.45933168714596,36.61005600333456,44.68152894303884,0.0,0.0,14.30497164132492
121,15,istanbul,0,60.58230482528728,31.17004744912426,47.15710433731416,99.4773393171938,0.0,30.491247078587303
121,2,ankara,1,0.0,82.48721448259182,46.36511178632041,15.550398158560984,0.0,11.949817447915596
121,9,bursa,0,49.96140811820878,39.78242771847394,53.74787260490756,0.0,0.0,11.167373541709956
121,13,diger,1,32.17028884696807,59.37227253113583,46.4465000997044,68.53191085556952,0.0,23.76746986043142
121,4,izmir,1,49.1945043199869,26.36952071199361,64.32611438717962,63.246051887536886,0.0,22.39891130612429
121,19,ankara,0,67.18781579085291,73.84513021302553,75.10494266227515,0.0,0.0,16.927488398086986
121,15,istanbul,0,43.31988459930007,63.53835686492608,70.77313134557083,45.508277843233216,0.0,21.851349432893684
121,8,istanbul,0,35.16617121824493,81.55851348620472,49.8894785044896,0.0,0.0,13.048949138027522
121,20,diger,1,33.76265860793862,27.622625447070032,36.753031339404814,72.86232288306478,0.0,21.61704149512978
121,2,diger,0,48.04161195023263,41.64714117571343,32.02738910756673,0.0,0.0,10.352339557680082
121,3,diger,0,23.889058679105403,39.35606265286362,10.454878414171098,24.76164673003616,0.0,11.370088240864916
121,2,izmir,1,41.364065722941234,55.99821508571383,39.290755888001215,85.65046354464323,0.0,27.560774157418315
121,14,ankara,1,29.14297856353534,104.43873433758132,13.939384521343426,51.13902344558417,0.0,22.95306085065048
121,6,istanbul,0,26.810221188553417,45.5488549714318,96.24451278624208,36.71096533616213,0.0,17.554086821202677
121,10,diger,0,31.149422479142288,78.0971839643938,2.6978869579256792,2.057913763456714,0.0,11.0223784440435
121,6,ankara,0,81.50324519263972,78.87285451584086,42.82359303044011,0.0,0.0,17.89138300512881
121,13,diger,1,11.773348240203651,22.75460639028834,15.914991082626058,100.95928049081522,0.0,23.32030155848752
121,17,diger,1,20.19505935602437,67.67667295791502,35.23812316127957,88.03230430854525,0.0,26.481192457082717
121,15,ankara,0,40.30241810981685,32.953867831006264,65.08257318117995,58.27754200750291,0.0,21.03485044637036
121,4,diger,1,29.618731890383035,60.22806219699498,26.362280744958017,77.72497973894262,0.0,24.612327638877115
121,20,bursa,1,52.42738934049862,48.11170726930532,55.22138206359863,71.14167195175104,0.0,25.903041108087663
121,13,istanbul,0,34.24457349250176,90.23156004600024,128.16149510863585,55.97544284926594,0.0,27.20167215159304
121,12,istanbul,1,64.14468015501352,122.15336813949224,61.5747370692388,73.94290100015996,0.0,34.60044077169544
121,16,ankara,0,25.92293196218324,48.36977648711146,35.65212198932463,85.65724066463099,0.0,24.980061760239504
121,5,istanbul,0,63.19707099092378,30.97381575905276,57.694354310686414,18.624675344480607,0.0,15.619572833526234
121,13,istanbul,0,92.43632517902898,82.56900501186482,24.687250222789327,0.0,0.0,18.84287259944193
121,2,bursa,1,29.552361443778903,52.59504581116015,17.102620654416967,112.78756985752324,0.0,30.333285778776887
121,4,istanbul,0,62.58537934218529,59.909889370579634,42.83483693359254,30.57972931187324,0.0,19.899826098888298
121,10,bursa,1,16.41035194688571,10.906963030145482,35.19348626199609,122.00557572420202,0.0,27.514752741791455
121,3,diger,0,54.36213526718189,42.52455681045387,17.010750370094804,14.710962660389908,0.0,13.456212205604492
121,12,diger,1,27.4151699991989,30.196261837299065,20.065059919797083,74.00926704171557,0.0,20.75226822262978
121,7,istanbul,1,61.515979225425575,31.2314600586806,70.52914867704962,75.62096690060764,0.0,26.84168340475992
121,3,ankara,1,34.71421409725701,95.0560026727563,42.29651918968724,65.13471096751984,0.0,26.43836153646273
121,13,izmir,1,38.18809132923249,0.0,53.56576259466264,111.48011989331933,0.0,27.670615213192235
121,19,istanbul,1,9.91482524298782,89.93301005676643,96.45421489653944,91.75534166622391,0.0,30.13716591928969
121,1,diger,1,29.99151812144917,10.164502948587286,23.471326443634293,76.66692723013156,0.0,19.895211800103382
121,13,bursa,1,23.987284094152656,74.94242307673883,24.36766418210457,38.85320389371809,0.0,17.741096718624846
121,20,diger,1,71.29608478223646,39.60055323302195,20.45291186183785,70.49809769450513,0.0,25.97498566020546
121,8,istanbul,0,47.33423207353281,11.029977064111057,45.42892875158093,0.0,0.0,8.015117153467491
121,4,istanbul,0,38.529005877488224,80.28576997065086,11.479242630682617,11.724315565175624,0.0,14.229111283886684
121,1,izmir,1,5.251106972763743,40.887422519553695,63.43529257758165,56.77360360360688,0.0,17.36362503821599
121,16,istanbul,0,53.36716266189787,39.7699510706573,44.25009131975485,115.40609828272883,0.0,33.383473417882115
121,3,ankara,0,42.99072299303694,85.21881662392418,63.529283431266215,0.0,0.0,14.751932743822818
121,16,diger,1,51.93035259918219,58.16521937562929,33.810291865040455,103.02626725050514,0.0,32.11309860071036
121,6,diger,1,40.64492829354157,31.09367870480937,61.06189914319633,63.11061390359485,0.0,21.6959084979874
121,18,diger,0,38.236513999701735,74.75324724217488,32.193025847874885,0.0,0.0,12.176994019194884
121,15,istanbul,0,104.19362118190516,74.75447621777231,78.50981243117837,7.99719335401656,0.0,22.918719378363253
121,8,bursa,1,46.1827016968835,68.37190232890721,23.72184224591068,61.1974386069805,0.0,23.976282693561476
121,20,bursa,1,16.916107302549186,41.62650193590731,33.06925325366663,88.22441114402774,0.0,23.746621815620564
121,7,bursa,1,44.59974553515708,6.621002221736898,23.96441727961092,117.51180547980942,0.0,29.11926119118744
121,4,ankara,0,29.51681247388956,77.51125218358773,53.19651594118775,0.0,0.0,12.154812936778178
121,13,diger,1,22.76269082908737,38.435486922616604,7.825882354240978,104.49462368500735,0.0,26.37534141137777
121,8,diger,0,14.89782893104524,40.244792613150494,21.779094794014213,25.694368443065976,0.0,10.990623928499762
121,7,istanbul,0,0.0,65.79144864477038,106.896883694802,19.04317893776585,0.0,13.253120214753675
121,11,diger,1,23.41227312901056,39.173238624856616,20.557882653955964,37.59310817983286,0.0,14.11623231086482
121,19,diger,0,26.350646766927493,49.83469691518806,37.75061763746163,92.84455465824496,0.0,26.613038515342588
121,15,istanbul,1,61.98135459989627,26.649326079685935,95.3545837790576,134.84392590588746,0.0,38.727090006277535
121,3,istanbul,0,83.88930303987881,39.723985095354905,0.0,100.6209108596606,0.0,32.501919408127485
121,11,diger,1,66.23635307315598,80.68699749402987,41.18370450357306,66.51186567251803,0.0,29.010031247130115
121,9,diger,1,48.65926176789763,55.00877434877416,45.51816499750436,79.04931705221911,0.0,27.26220066928785
121,14,diger,1,10.855106318320365,73.04199626021084,24.751539692053218,62.25875009760034,0.0,20.569058801726733
121,18,istanbul,0,20.025996482213703,39.38188578905704,65.71287040169466,46.001913095221695,0.0,16.94029520902253
121,12,bursa,0,42.8920989347994,26.84281512649405,46.87105890846124,16.02444837542785,0.0,12.038783073638191
121,5,istanbul,1,14.524638436646647,99.74772142487495,59.63663399462887,135.7138895337711,0.0,38.69222960732429
121,14,ankara,1,69.89782177560171,54.01148137522669,50.56685513299938,129.47217919514003,0.0,39.47376968171124
121,1,ankara,1,31.950746913552948,72.8312878841287,14.208326898804716,39.93592493006406,0.0,18.321309544776508
121,11,istanbul,1,79.32569085593929,85.04361117210821,38.69227416936205,145.7903804626445,0.0,46.03731848750606
121,3,izmir,1,38.578177154068165,43.287987622483854,50.7430667179201,50.77013804425139,0.0,19.81299511074237
121,19,istanbul,1,33.48334565809698,75.0259410890393,60.24583039690034,64.427396618544,0.0,25.00655772225761
121,17,diger,0,21.606563110635932,38.43766049537608,41.08195701271294,46.60519572156905,0.0,16.291772615797814
121,10,izmir,1,51.22025255130623,41.029108204510464,73.42532789783093,106.38858510808808,0.0,32.53841449077864
121,7,izmir,0,43.27404637340968,82.53991519084515,53.87289710508785,43.43232649446807,0.0,22.54712587054328
121,6,istanbul,0,112.9722799556326,62.2517053833065,107.85411690960608,78.66273932216583,0.0,37.41035401570408
121,9,diger,1,0.0,23.576928056605663,25.01801017960562,52.96447919977756,0.0,13.143156959681392
121,17,istanbul,0,27.00826563398613,57.20582844083263,97.6232432143642,24.27625108414521,0.0,16.275122999801138
121,13,ankara,1,58.67720158979391,43.301899308493496,26.28077180991181,97.27115483168365,0.0,30.1976359623124
121,13,istanbul,0,19.54628014435664,48.43004417126174,104.83200974516748,0.0,0.0,10.22721648892417
121,8,bursa,0,23.373681911148463,78.21171791839329,20.91709500219476,37.138631632168185,0.0,17.51153191297218
121,15,izmir,1,36.77119815142088,49.63281310500062,22.10185154273588,140.5981061364276,0.0,36.41440933594831
121,9,ankara,0,25.63084416319348,39.49482640355547,91.81694040766256,32.09936601677301,0.0,15.839257818172296
121,14,diger,1,20.866083377367037,74.91875423553226,31.191956105948027,81.24381096363514,0.0,25.75789888408571
121,13,diger,1,59.1389100984903,21.27251089620505,20.364145808722743,31.9827014081347,0.0,15.547651904755794
121,20,ankara,1,35.472461086452924,75.89090466495631,54.78293597167743,117.42221676962974,0.0,35.296091918900814
121,19,istanbul,1,71.24594108869398,49.49443192806774,48.3373310602404,76.39445682266705,0.0,28.957829963858323
121,5,diger,0,25.41867663046024,67.69465652750105,37.13819853465383,26.770560715132632,0.0,15.387756849468872
121,8,istanbul,0,22.97330522104614,61.69682150979477,75.28727389379357,18.244281623631807,0.0,14.270903872812122
121,18,ankara,0,13.167016772331406,70.14954061335499,42.008206913558034,31.322540236109504,0.0,15.24173101071426
121,20,ankara,1,42.87446002881713,74.25551751030694,49.66206735561909,84.08286472517078,0.0,29.421386346410745
121,1,ankara,1,25.89765818863229,24.81815219280024,16.434718050514356,129.1886226277767,0.0,30.566476913153068
121,11,diger,1,40.413655321489706,55.28936002149335,16.323186518651205,59.69383152674305,0.0,21.600850585171685
121,4,bursa,0,57.47943877417429,29.26434088368456,36.93089176159788,18.131776841833183,0.0,13.988544162965866
121,15,istanbul,0,65.42478442856758,69.76595896710985,106.09981893821612,7.170377149499398,0.0,18.823226632899495
121,5,istanbul,1,36.71630104748489,46.2328860763631,28.59235209123408,76.85127473468663,0.0,24.093278553510103
121,2,bursa,1,20.71610111860747,17.833534453773392,25.34723295197997,118.18965768362447,0.0,27.54910362360089
121,4,diger,0,36.32911244080882,51.33413443966884,38.86131595909379,4.737363506295749,0.0,11.016305747600608
121,9,diger,1,5.682353931326376,26.6181030347446,27.732826717610003,43.90465863420758,0.0,12.422825265079007
121,3,diger,1,28.8279682282046,34.99396868322771,39.85780704690357,45.92706606403626,0.0,16.642699489987383
121,13,istanbul,0,30.767320503089213,45.30205726434424,89.0891981458514,41.72217826680524,0.0,18.6989051167133
121,16,bursa,0,47.093442370258174,4.1874559998781065,31.58807822509033,0.0,0.0,6.894012194447004
121,20,bursa,1,47.353212109917095,77.3376580481078,20.512143198801063,61.34957329366924,0.0,24.82571404326459
121,6,ankara,1,34.276283662019665,68.3616423672045,49.18445389931243,95.60882443009228,0.0,30.10430896886712
121,6,bursa,1,14.41691333867989,46.28568975551403,33.06139847858557,84.58772008529287,0.0,23.175362625315664
121,12,ankara,1,14.943784789777627,22.468288289033005,42.38604166154701,62.48523349209337,0.0,17.19888919718444
121,16,izmir,1,47.23391008707631,24.961718133423428,64.9491705702993,76.4129370033433,0.0,24.59799744849085
121,11,istanbul,0,59.76836748846364,20.204885548108656,83.92961368630924,101.62244163299331,0.0,31.12064234751053
121,2,diger,1,18.8991154915284,26.551744916756952,62.71729480841935,91.7407823341588,0.0,24.3458391055703
121,6,diger,0,29.25427319484007,46.57560215903758,24.659418367030263,0.0,0.0,8.372549652407013
121,5,bursa,1,79.72718817881932,47.00111022050455,8.04579224316131,85.54037760714645,0.0,30.05708067927189
121,4,istanbul,0,16.027586810125076,49.42435144645148,40.57240727644389,22.039437786335306,0.0,11.89354607155048
121,18,ankara,1,27.61047204443224,21.19907648399817,55.49194651961434,97.17730903647414,0.0,25.662183555375083
121,17,diger,1,30.63623278045431,52.82630928604125,26.993466573885897,84.86010342721283,0.0,25.462619484320783
121,19,izmir,0,54.90782748435837,23.993498602377684,61.91194993899183,62.84978766190509,0.0,22.68389901526332
121,19,ankara,1,79.87633734000235,51.468911610448494,52.49087191556735,131.11115505084075,0.0,40.77703421423647
121,11,ankara,0,57.25785953187116,35.44707480872839,67.88097343764018,9.310200009252709,0.0,13.902835976235936
121,15,ankara,0,30.177909965291445,70.26122307705269,21.404932198263797,21.84965317260464,0.0,14.668014535945527
121,20,istanbul,0,70.15514248701685,51.20270469080056,12.04453988386894,0.0,0.0,13.0464409994236
121,13,diger,0,14.34903735798125,71.9600536221766,23.64528848388224,4.07241175890386,0.0,9.664072223186984
121,8,istanbul,1,7.705675588486994,41.8322375453531,18.031142867134125,47.12094310719645,0.0,14.287532911143844
121,6,diger,0,33.16132107499263,33.77999679443399,36.36676536374054,27.750570806130423,0.0,13.420918020836735
121,8,izmir,0,64.62388270119979,55.82170067189258,57.99484294992128,63.6684324243611,0.0,26.654036399160997
121,14,ankara,1,0.0,42.02695606869307,59.65551260225099,110.00533801274707,0.0,26.949366929639904
121,4,diger,0,15.877460077981093,41.73019927802971,30.7966993807796,36.03862422236921,0.0,13.537195973734644
121,18,diger,1,36.10501053569564,78.22381296824675,42.45722498004964,89.52183697074182,0.0,29.788191138463127
121,19,diger,1,38.206992889181976,39.268711091072646,33.80744327251714,86.68142427088209,0.0,25.71481344390885
121,3,bursa,0,37.56197302243935,12.640857743592946,49.19073666213029,1.9143893944447652,0.0,7.533901783668253
121,12,ankara,1,26.946407812939512,68.20630779459935,55.33011427903873,149.27929913457763,0.0,39.76737772581265
121,12,istanbul,0,54.29286775795913,37.05047000431588,55.62296968908336,103.64667841558432,0.0,31.388137817459523
121,18,bursa,0,23.7263536690018,51.04168169726941,16.88442611982137,0.0,0.0,7.862195257185933
121,13,istanbul,1,30.948347686790104,44.82926277127402,40.58588564693389,138.08612691789511,0.0,35.4819067365028
121,13,istanbul,0,38.65193941469134,100.08559996043527,46.53374798757865,0.0,0.0,14.9812726087335
121,18,izmir,0,45.629130522797794,42.58042834376997,88.51042391227601,53.70527912428117,0.0,22.44628656150892
121,5,istanbul,1,28.101241646150243,63.05350136761628,75.85540021059415,41.514898929250165,0.0,19.469204012811957
121,5,izmir,1,16.549463681788932,68.29333260792576,70.75502089768227,45.46409508340925,0.0,19.18682691294457
121,19,diger,0,70.4606141635371,62.117652752906366,19.21843600609526,25.58845881867296,0.0,19.217071077213976
121,5,ankara,1,59.039981146921065,54.77075348161159,60.80625313069275,117.89492877587588,0.0,36.428240076301776
121,1,istanbul,0,45.67916329719906,114.31019397238958,18.88686691615761,30.73618459402737,0.0,21.98909882683934
121,15,istanbul,1,81.52548432057502,85.17687510043253,22.693560813578863,125.04347077516498,0.0,41.75879359811156
121,2,ankara,1,24.118830082432584,37.9831657374438,46.102455486626106,39.54065824178508,0.0,15.359559534566896
121,18,bursa,0,33.506944908910555,19.33774949634588,6.842003078436979,0.0,0.0,5.813828477444791
121,20,diger,1,21.070484993896216,44.79851329895817,34.17992107137793,73.26273208899396,0.0,21.67291525649041
121,16,izmir,0,7.332758993932538,57.39143018672248,63.73667919925624,0.0,0.0,8.181888342894512
121,12,ankara,1,51.11408673202816,34.64953858903303,57.986631969220014,103.81493319780034,0.0,30.923928201507543
121,9,diger,1,0.0,35.31382906170941,13.077192100030263,105.5744852573088,0.0,23.870933679396487
121,9,istanbul,1,18.8455298300934,78.4432453514438,54.617453691188,81.60870965925918,0.0,26.729167900508585
121,2,diger,1,18.26996332019612,49.23175949401534,28.77698905855278,79.18398128214406,0.0,22.693191400010924
121,9,ankara,1,38.17944881882827,60.612080085100175,74.50581223281657,83.6329438790283,0.0,28.450340394661183
121,19,istanbul,1,53.32593792755687,70.8154261556758,77.57056826226068,117.64891017288106,0.0,37.73861643189648
121,13,diger,1,18.35132179260868,57.80672211751857,20.506440476978664,74.76749168192949,0.0,22.328284094233865
121,19,diger,1,40.58978565258347,55.63208737300538,62.897124495144496,55.02735360918181,0.0,22.38573237653754
121,9,diger,0,0.0,38.093140689293385,61.36412206068557,59.24163219468152,0.0,16.91242717484996
121,11,izmir,1,29.118809985837647,61.541743017845256,57.874583704858885,28.550588690451782,0.0,16.33320173519636
121,13,ankara,1,26.48807762951232,70.42992783858998,37.922400878671134,119.3599310186712,0.0,33.55878329136678
121,9,istanbul,1,17.828951818498936,57.04316850273215,20.20946824184794,109.99242115952684,0.0,28.95304770696437
