user_id,ay,dolmus_km,otobus_km,metro_km,otomobil_km,ucak_km,aylik_co2_kg,sehir_kodu,arac_sahibi,lag_1_co2,lag_2_co2,lag_3_co2,lag_4_co2,target_next_month_co2
1,1,1893316,1620502,996138,722129,4,271970.03,34,1,,,,,276014.95
1,2,1853187,1766893,1092433,710410,5,276014.95,34,1,271970.03,,,,256961.86
1,3,1723322,1658630,1094038,642374,5,256961.86,34,1,276014.95,271970.03,,,261349.04
1,4,1723599,1636444,989282,720202,5,261349.04,34,1,256961.86,276014.95,271970.03,,263893.93
1,5,1690607,1778426,1005844,703300,5,263893.93,34,1,261349.04,256961.86,276014.95,271970.03,259856.54
1,6,1691895,1631665,1076275,712797,5,259856.54,34,1,263893.93,261349.04,256961.86,276014.95,270588.45
1,7,1870686,1645267,996565,711516,5,270588.45,34,1,259856.54,263893.93,261349.04,256961.86,268753.94
1,8,1718671,1797616,1097189,711472,5,268753.94,34,1,270588.45,259856.54,263893.93,261349.04,262870.55
1,9,1845831,1637155,994555,647928,5,262870.55,34,1,268753.94,270588.45,259856.54,263893.93,255991.48
1,10,1699963,1656378,1102750,647859,5,255991.48,34,1,262870.55,268753.94,270588.45,259856.54,254227.51
1,11,1695319,1646896,982009,658044,4,254227.51,34,1,255991.48,262870.55,268753.94,270588.45,266674.46
1,12,1886935,1623923,1092296,648880,5,266674.46,34,1,254227.51,255991.48,262870.55,268753.94,261214.77
1,13,1707271,1653456,991850,722095,5,261214.77,34,1,266674.46,254227.51,255991.48,262870.55,275060.23
1,14,1842225,1788390,1007625,713199,4,275060.23,34,1,261214.77,266674.46,254227.51,255991.48,255478.35
1,15,1719444,1634134,1073372,643835,4,255478.35,34,1,275060.23,261214.77,266674.46,254227.51,259428.96
1,16,1697713,1797488,986195,643429,5,259428.96,34,1,255478.35,275060.23,261214.77,266674.46,263205.48
1,17,1860891,1619362,980438,651640,4,263205.48,34,1,259428.96,255478.35,275060.23,261214.77,271166.94
1,18,1731351,1814591,1096086,721447,5,271166.94,34,1,263205.48,259428.96,255478.35,275060.23,261056.07
1,19,1698280,1768467,1080897,657254,4,261056.07,34,1,271166.94,263205.48,259428.96,255478.35,270513.49
1,20,1850615,1615956,1082393,723052,5,270513.49,34,1,261056.07,271166.94,263205.48,259428.96,256101.96
1,21,1721445,1626071,1088517,650287,5,256101.96,34,1,270513.49,261056.07,271166.94,263205.48,264525.34
1,22,1694134,1769972,997788,713155,4,264525.34,34,1,256101.96,270513.49,261056.07,271166.94,264827.54
1,23,1684170,1792134,1006901,711732,5,264827.54,34,1,264525.34,256101.96,270513.49,261056.07,253272.03
1,24,1690628,1620569,1076107,645870,5,253272.03,34,1,264827.54,264525.34,256101.96,270513.49,266866.68
1,25,1887531,1639687,1086003,644423,5,266866.68,34,1,253272.03,264827.54,264525.34,256101.96,265631.23
1,26,1881004,1655472,991638,645300,5,265631.23,34,1,266866.68,253272.03,264827.54,264525.34,256902.66
1,27,1724883,1652989,1009549,658612,5,256902.66,34,1,265631.23,266866.68,253272.03,264827.54,261378.93
1,28,1712652,1789531,983617,658472,5,261378.93,34,1,256902.66,265631.23,266866.68,253272.03,266661.02
1,29,1711439,1782807,1075874,704213,5,266661.02,34,1,261378.93,256902.66,265631.23,266866.68,279547.03
1,30,1889404,1804813,1092771,705905,5,279547.03,34,1,266661.02,261378.93,256902.66,265631.23,
2,1,1445531,1603188,906011,413706,7,212924.58,34,1,,,,,218936.41
2,2,1425635,1731087,997130,418771,7,218936.41,34,1,212924.58,,,,219138.95
2,3,1433869,1749388,976824,410317,7,219138.95,34,1,218936.41,212924.58,,,224843.39
2,4,1564207,1754686,995261,374073,7,224843.39,34,1,219138.95,218936.41,212924.58,,220091.46
2,5,1439256,1742903,986287,418288,7,220091.46,34,1,224843.39,219138.95,218936.41,212924.58,212120.79
2,6,1424959,1608955,897750,418412,7,212120.79,34,1,220091.46,224843.39,219138.95,218936.41,208346.17
2,7,1432614,1596615,911928,374191,7,208346.17,34,1,212120.79,220091.46,224843.39,219138.95,222337.62
2,8,1583066,1575833,983746,417738,7,222337.62,34,1,208346.17,212120.79,220091.46,224843.39,215066.06
2,9,1438307,1744067,916047,375511,7,215066.06,34,1,222337.62,208346.17,212120.79,220091.46,221419.95
2,10,1571673,1575784,1001338,412567,7,221419.95,34,1,215066.06,222337.62,208346.17,212120.79,226924.08
2,11,1588179,1719205,915573,410888,7,226924.08,34,1,221419.95,215066.06,222337.62,208346.17,214107.6
2,12,1437436,1614532,990253,412027,7,214107.6,34,1,226924.08,221419.95,215066.06,222337.62,228939.18
2,13,1600073,1749554,915257,410673,7,228939.18,34,1,214107.6,226924.08,221419.95,215066.06,212653.04
2,14,1428594,1578115,980753,420866,7,212653.04,34,1,228939.18,214107.6,226924.08,221419.95,215858.87
2,15,1559894,1579365,913796,373668,7,215858.87,34,1,212653.04,228939.18,214107.6,226924.08,212818.91
2,16,1441242,1567557,989462,416921,7,212818.91,34,1,215858.87,212653.04,228939.18,214107.6,213471.72
2,17,1448882,1608849,908514,414284,7,213471.72,34,1,212818.91,215858.87,212653.04,228939.18,209472.0
2,18,1448667,1585422,915373,379697,7,209472.0,34,1,213471.72,212818.91,215858.87,212653.04,222926.57
2,19,1589827,1582219,995397,414325,7,222926.57,34,1,209472.0,213471.72,212818.91,215858.87,230239.22
2,20,1591402,1760688,987825,412931,7,230239.22,34,1,222926.57,209472.0,213471.72,212818.91,220739.11
2,21,1561242,1612028,906925,412925,7,220739.11,34,1,230239.22,222926.57,209472.0,213471.72,217529.89
2,22,1428348,1722360,913003,420606,7,217529.89,34,1,220739.11,230239.22,222926.57,209472.0,224750.52
2,23,1589177,1734058,916091,379090,7,224750.52,34,1,217529.89,220739.11,230239.22,222926.57,226660.74
2,24,1602857,1756593,912382,380669,7,226660.74,34,1,224750.52,217529.89,220739.11,230239.22,215267.18
2,25,1445919,1723724,915130,381867,7,215267.18,34,1,226660.74,224750.52,217529.89,220739.11,218532.87
2,26,1463399,1756819,991478,376256,7,218532.87,34,1,215267.18,226660.74,224750.52,217529.89,228946.63
2,27,1573331,1738789,997227,420024,7,228946.63,34,1,218532.87,215267.18,226660.74,224750.52,220728.37
2,28,1580607,1609561,999079,383232,7,220728.37,34,1,228946.63,218532.87,215267.18,226660.74,217420.58
2,29,1425130,1730047,916188,417563,7,217420.58,34,1,220728.37,228946.63,218532.87,215267.18,226226.94
2,30,1579640,1759803,1000379,375017,7,226226.94,34,1,217420.58,220728.37,228946.63,218532.87,
3,1,1675165,1825471,1124619,911909,15,285626.76,34,1,,,,,283016.38
3,2,1659775,1964224,1149520,825170,14,283016.38,34,1,285626.76,,,,283665.16
3,3,1645334,2000089,1151594,825739,15,283665.16,34,1,283016.38,285626.76,,,281175.48
3,4,1503580,1988753,1056877,922539,15,281175.48,34,1,283665.16,283016.38,285626.76,,281458.77
3,5,1656739,1976444,1044859,823495,14,281458.77,34,1,281175.48,283665.16,283016.38,285626.76,282904.68
3,6,1674395,1788247,1044499,914139,15,282904.68,34,1,281458.77,281175.48,283665.16,283016.38,276559.68
3,7,1658857,1816886,1045891,841422,15,276559.68,34,1,282904.68,281458.77,281175.48,283665.16,274598.41
3,8,1528174,2014125,1040150,823221,15,274598.41,34,1,276559.68,282904.68,281458.77,281175.48,284101.56
3,9,1665410,1993097,1048050,838266,14,284101.56,34,1,274598.41,276559.68,282904.68,281458.77,284720.72
3,10,1666936,1800513,1138861,916750,15,284720.72,34,1,284101.56,274598.41,276559.68,282904.68,283358.71
3,11,1648960,1965199,1154535,835373,14,283358.71,34,1,284720.72,284101.56,274598.41,276559.68,270329.2
3,12,1542611,1841505,1040960,845376,14,270329.2,34,1,283358.71,284720.72,284101.56,274598.41,272892.16
3,13,1511220,1828006,1044215,902020,15,272892.16,34,1,270329.2,283358.71,284720.72,284101.56,274081.53
3,14,1521189,1983999,1030324,838266,15,274081.53,34,1,272892.16,270329.2,283358.71,284720.72,269052.58
3,15,1533669,1792148,1138354,842771,15,269052.58,34,1,274081.53,272892.16,270329.2,283358.71,276641.49
3,16,1544131,1843460,1037556,913991,14,276641.49,34,1,269052.58,274081.53,272892.16,270329.2,282375.98
3,17,1680879,1968672,1029856,822651,15,282375.98,34,1,276641.49,269052.58,274081.53,272892.16,282553.34
3,18,1657384,1977555,1038191,835869,14,282553.34,34,1,282375.98,276641.49,269052.58,274081.53,282033.04
3,19,1528022,1968828,1146446,907390,14,282033.04,34,1,282553.34,282375.98,276641.49,269052.58,287061.79
3,20,1646979,1969254,1025398,899519,14,287061.79,34,1,282033.04,282553.34,282375.98,276641.49,284481.87
3,21,1682978,1989985,1048907,831141,15,284481.87,34,1,287061.79,282033.04,282553.34,282375.98,282488.1
3,22,1640981,1972583,1131578,832215,15,282488.1,34,1,284481.87,287061.79,282033.04,282553.34,282939.39
3,23,1667196,1789122,1041010,919930,14,282939.39,34,1,282488.1,284481.87,287061.79,282033.04,271304.79
3,24,1502074,1806290,1026386,904310,14,271304.79,34,1,282939.39,282488.1,284481.87,287061.79,284366.59
3,25,1662556,1795117,1140194,918231,14,284366.59,34,1,271304.79,282939.39,282488.1,284481.87,284062.48
3,26,1683297,1799698,1129966,899691,15,284062.48,34,1,284366.59,271304.79,282939.39,282488.1,279627.16
3,27,1502173,1977597,1038837,914843,14,279627.16,34,1,284062.48,284366.59,271304.79,282939.39,266906.72
3,28,1526554,1837763,1035449,821705,15,266906.72,34,1,279627.16,284062.48,284366.59,271304.79,266907.15
3,29,1502486,1833712,1040767,839917,15,266907.15,34,1,266906.72,279627.16,284062.48,284366.59,276754.28
3,30,1513402,1838928,1132923,922043,15,276754.28,34,1,266907.15,266906.72,279627.16,284062.48,
4,1,2009521,1455422,697896,437141,29,241999.89,34,1,,,,,228815.72
4,2,1869853,1446598,684726,397831,26,228815.72,34,1,241999.89,,,,238292.66
4,3,2019300,1338978,691723,444111,26,238292.66,34,1,228815.72,241999.89,,,228889.55
4,4,1856148,1336259,765267,444961,29,228889.55,34,1,238292.66,228815.72,241999.89,,223412.43
4,5,1855814,1340966,680823,397684,26,223412.43,34,1,228889.55,238292.66,228815.72,241999.89,230128.23
4,6,1872354,1434692,751849,403870,26,230128.23,34,1,223412.43,228889.55,238292.66,228815.72,237494.28
4,7,2061560,1315570,748190,405437,29,237494.28,34,1,230128.23,223412.43,228889.55,238292.66,234581.58
4,8,2040205,1313403,681441,401665,26,234581.58,34,1,237494.28,230128.23,223412.43,228889.55,225362.31
4,9,1883509,1341080,687765,398081,26,225362.31,34,1,234581.58,237494.28,230128.23,223412.43,244407.4
4,10,2042379,1449427,694047,443703,27,244407.4,34,1,225362.31,234581.58,237494.28,230128.23,241933.59
4,11,2055951,1471040,687164,397755,26,241933.59,34,1,244407.4,225362.31,234581.58,237494.28,241631.96
4,12,2036651,1450932,753970,405425,26,241631.96,34,1,241933.59,244407.4,225362.31,234581.58,242141.95
4,13,2009214,1457036,701054,437617,26,242141.95,34,1,241631.96,241933.59,244407.4,225362.31,223869.59
4,14,1848152,1334995,751024,398227,29,223869.59,34,1,242141.95,241631.96,241933.59,244407.4,245768.51
4,15,2059478,1440362,751826,440175,27,245768.51,34,1,223869.59,242141.95,241631.96,241933.59,241305.41
4,16,2054936,1448225,682955,402862,26,241305.41,34,1,245768.51,223869.59,242141.95,241631.96,244903.17
4,17,2018114,1468211,766096,444801,26,244903.17,34,1,241305.41,245768.51,223869.59,242141.95,237399.3
4,18,2017881,1334405,688770,437883,26,237399.3,34,1,244903.17,241305.41,245768.51,223869.59,232572.84
4,19,1886693,1462949,747874,408297,26,232572.84,34,1,237399.3,244903.17,241305.41,245768.51,233172.86
4,20,1878145,1455543,680203,436859,29,233172.86,34,1,232572.84,237399.3,244903.17,241305.41,226864.43
4,21,1848409,1311784,754061,441456,29,226864.43,34,1,233172.86,232572.84,237399.3,244903.17,241220.59
4,22,2062192,1433703,680293,403919,29,241220.59,34,1,226864.43,233172.86,232572.84,237399.3,243927.67
4,23,2024483,1464390,692443,444600,29,243927.67,34,1,241220.59,226864.43,233172.86,232572.84,234793.94
4,24,2012260,1342451,689901,409094,29,234793.94,34,1,243927.67,241220.59,226864.43,233172.86,237358.33
4,25,2005894,1312175,748059,445541,26,237358.33,34,1,234793.94,243927.67,241220.59,226864.43,240451.66
4,26,2026884,1440459,755812,403875,27,240451.66,34,1,237358.33,234793.94,243927.67,241220.59,227625.54
4,27,1843270,1342872,748677,440160,29,227625.54,34,1,240451.66,237358.33,234793.94,243927.67,232635.45
4,28,1860941,1466179,682546,437908,29,232635.45,34,1,227625.54,240451.66,237358.33,234793.94,241037.27
4,29,2036920,1464241,700906,402140,27,241037.27,34,1,232635.45,227625.54,240451.66,237358.33,240013.02
4,30,2048096,1323082,750746,439099,26,240013.02,34,1,241037.27,232635.45,227625.54,240451.66,
5,1,1042180,1579095,1023705,617971,8,206128.68,34,1,,,,,203941.09
5,2,1068402,1447592,1093303,623137,8,203941.09,34,1,206128.68,,,,212779.88
5,3,1146755,1566814,996104,627283,8,212779.88,34,1,203941.09,206128.68,,,214656.77
5,4,1166230,1594687,993978,621563,9,214656.77,34,1,212779.88,203941.09,206128.68,,201449.05
5,5,1044967,1422374,1104690,621962,8,201449.05,34,1,214656.77,212779.88,203941.09,206128.68,206679.33
5,6,1061046,1562182,1006899,621419,9,206679.33,34,1,201449.05,214656.77,212779.88,203941.09,206147.78
5,7,1040771,1451832,1007578,681127,8,206147.78,34,1,206679.33,201449.05,214656.77,212779.88,211995.24
5,8,1059140,1565030,1013250,679256,9,211995.24,34,1,206147.78,206679.33,201449.05,214656.77,214065.81
5,9,1168720,1436423,995601,686288,8,214065.81,34,1,211995.24,206147.78,206679.33,201449.05,212744.98
5,10,1160531,1558701,998563,620307,8,212744.98,34,1,214065.81,211995.24,206147.78,206679.33,206954.91
5,11,1042562,1441135,1094124,677970,9,206954.91,34,1,212744.98,214065.81,211995.24,206147.78,205867.8
5,12,1043328,1584456,1013714,613588,9,205867.8,34,1,206954.91,212744.98,214065.81,211995.24,202033.02
5,13,1051562,1449985,1092786,613067,9,202033.02,34,1,205867.8,206954.91,212744.98,214065.81,218725.97
5,14,1138773,1578531,1094213,675637,8,218725.97,34,1,202033.02,205867.8,206954.91,212744.98,201175.93
5,15,1054378,1460435,1014676,610934,9,201175.93,34,1,218725.97,202033.02,205867.8,206954.91,217671.16
5,16,1140654,1597028,1011984,669003,9,217671.16,34,1,201175.93,218725.97,202033.02,205867.8,212750.25
5,17,1139317,1571186,1090462,613072,9,212750.25,34,1,217671.16,201175.93,218725.97,202033.02,217980.59
5,18,1143141,1599039,1012992,669532,8,217980.59,34,1,212750.25,217671.16,201175.93,218725.97,219924.22
5,19,1147459,1561774,1111483,687300,8,219924.22,34,1,217980.59,212750.25,217671.16,201175.93,215937.12
5,20,1164355,1582152,1119856,619973,8,215937.12,34,1,219924.22,217980.59,212750.25,217671.16,207704.37
5,21,1058712,1561010,1103180,617456,8,207704.37,34,1,215937.12,219924.22,217980.59,212750.25,206483.77
5,22,1039347,1580894,994596,628417,8,206483.77,34,1,207704.37,215937.12,219924.22,217980.59,220478.65
5,23,1156823,1581867,1095434,680329,8,220478.65,34,1,206483.77,207704.37,215937.12,219924.22,209125.1
5,24,1068686,1577359,1101030,618853,9,209125.1,34,1,220478.65,206483.77,207704.37,215937.12,207987.08
5,25,1049386,1567869,1094387,625716,9,207987.08,34,1,209125.1,220478.65,206483.77,207704.37,204805.78
5,26,1054844,1421640,1010432,669605,9,204805.78,34,1,207987.08,209125.1,220478.65,206483.77,218199.67
5,27,1139663,1578773,1010508,684308,8,218199.67,34,1,204805.78,207987.08,209125.1,220478.65,208578.03
5,28,1159123,1438141,1110046,610675,9,208578.03,34,1,218199.67,204805.78,207987.08,209125.1,212387.83
5,29,1154742,1445915,1001955,672169,9,212387.83,34,1,208578.03,218199.67,204805.78,207987.08,206343.57
5,30,1062653,1423399,1019322,678608,9,206343.57,34,1,212387.83,208578.03,218199.67,204805.78,
6,1,1209195,1716840,845537,335448,13,194305.31,34,1,,,,,186424.72
6,2,1189854,1573568,835118,330278,13,186424.72,34,1,194305.31,,,,186664.84
6,3,1215895,1576415,905969,299987,14,186664.84,34,1,186424.72,194305.31,,,200320.32
6,4,1334066,1733550,826628,308095,13,200320.32,34,1,186664.84,186424.72,194305.31,,200948.54
6,5,1311734,1716934,844522,335551,14,200948.54,34,1,200320.32,186664.84,186424.72,194305.31,187584.6
6,6,1187236,1571558,915674,331268,13,187584.6,34,1,200948.54,200320.32,186664.84,186424.72,186071.08
6,7,1213467,1544606,921644,307037,13,186071.08,34,1,187584.6,200948.54,200320.32,186664.84,189787.91
6,8,1186353,1723113,841204,299657,13,189787.91,34,1,186071.08,187584.6,200948.54,200320.32,192739.24
6,9,1305906,1553339,825483,328017,13,192739.24,34,1,189787.91,186071.08,187584.6,200948.54,191895.62
6,10,1304206,1551464,910142,305321,13,191895.62,34,1,192739.24,189787.91,186071.08,187584.6,200597.84
6,11,1314454,1721368,821608,331829,14,200597.84,34,1,191895.62,192739.24,189787.91,186071.08,186528.69
6,12,1192346,1568282,842511,330741,14,186528.69,34,1,200597.84,191895.62,192739.24,189787.91,187780.89
6,13,1210792,1578789,822635,330122,13,187780.89,34,1,186528.69,200597.84,191895.62,192739.24,191652.85
6,14,1302467,1552795,923827,300766,14,191652.85,34,1,187780.89,186528.69,200597.84,191895.62,192096.71
6,15,1307899,1553923,920248,301913,14,192096.71,34,1,191652.85,187780.89,186528.69,200597.84,194727.62
6,16,1324473,1554446,844281,332780,13,194727.62,34,1,192096.71,191652.85,187780.89,186528.69,201928.89
6,17,1326064,1701902,917552,329777,14,201928.89,34,1,194727.62,192096.71,191652.85,187780.89,200411.87
6,18,1331009,1707085,912205,307975,13,200411.87,34,1,201928.89,194727.62,192096.71,191652.85,194654.08
6,19,1191091,1737990,907681,331194,14,194654.08,34,1,200411.87,201928.89,194727.62,192096.71,194775.53
6,20,1219914,1724797,834381,331303,13,194775.53,34,1,194654.08,200411.87,201928.89,194727.62,184062.65
6,21,1185150,1554428,922496,300410,14,184062.65,34,1,194775.53,194654.08,200411.87,201928.89,194547.25
6,22,1211560,1691097,918392,335083,13,194547.25,34,1,184062.65,194775.53,194654.08,200411.87,194677.66
6,23,1196655,1733466,908945,329323,14,194677.66,34,1,194547.25,184062.65,194775.53,194654.08,185293.17
6,24,1208295,1580904,844222,299415,14,185293.17,34,1,194677.66,194547.25,184062.65,194775.53,199696.94
6,25,1318261,1720810,916517,302062,13,199696.94,34,1,185293.17,194677.66,194547.25,184062.65,195195.32
6,26,1302760,1578495,906240,331130,13,195195.32,34,1,199696.94,185293.17,194677.66,194547.25,189252.5
6,27,1191951,1700420,823526,303437,14,189252.5,34,1,195195.32,199696.94,185293.17,194677.66,199316.27
6,28,1319397,1696407,917468,308163,13,199316.27,34,1,189252.5,195195.32,199696.94,185293.17,185937.72
6,29,1212441,1554763,921530,301607,14,185937.72,34,1,199316.27,189252.5,195195.32,199696.94,189615.55
6,30,1185799,1715777,828041,303944,13,189615.55,34,1,185937.72,199316.27,189252.5,195195.32,
7,1,1467613,2267808,816499,324543,10,232627.53,34,1,,,,,225869.71
7,2,1443419,2067317,815822,360057,11,225869.71,34,1,232627.53,,,,227103.3
7,3,1426475,2090453,893920,360953,11,227103.3,34,1,225869.71,232627.53,,,243457.07
7,4,1602144,2252929,813931,355295,11,243457.07,34,1,227103.3,225869.71,232627.53,,231587.14
7,5,1435597,2260561,901618,323861,10,231587.14,34,1,243457.07,227103.3,225869.71,232627.53,234459.19
7,6,1456892,2251941,823919,358560,11,234459.19,34,1,231587.14,243457.07,227103.3,225869.71,235523.33
7,7,1571052,2091226,888547,351024,11,235523.33,34,1,234459.19,231587.14,243457.07,227103.3,233078.92
7,8,1451702,2244315,812375,352626,10,233078.92,34,1,235523.33,234459.19,231587.14,243457.07,240362.3
7,9,1572226,2286912,810822,327298,10,240362.3,34,1,233078.92,235523.33,234459.19,231587.14,228479.32
7,10,1469854,2062761,898476,357038,11,228479.32,34,1,240362.3,233078.92,235523.33,234459.19,224727.39
7,11,1467266,2069806,834351,325719,11,224727.39,34,1,228479.32,240362.3,233078.92,235523.33,224943.44
7,12,1429805,2048529,911028,350925,11,224943.44,34,1,224727.39,228479.32,240362.3,233078.92,244884.38
7,13,1607185,2244729,902988,355065,11,244884.38,34,1,224943.44,224727.39,228479.32,240362.3,233440.93
7,14,1566409,2053787,822277,360707,10,233440.93,34,1,244884.38,224943.44,224727.39,228479.32,237622.2
7,15,1461950,2301117,892689,354666,11,237622.2,34,1,233440.93,244884.38,224943.44,224727.39,231037.11
7,16,1429760,2284832,831559,323478,10,231037.11,34,1,237622.2,233440.93,244884.38,224943.44,234581.38
7,17,1437631,2261487,900566,355363,10,234581.38,34,1,231037.11,237622.2,233440.93,244884.38,223559.1
7,18,1431653,2099928,817685,327438,10,223559.1,34,1,234581.38,231037.11,237622.2,233440.93,232022.77
7,19,1448188,2241721,896784,329256,10,232022.77,34,1,223559.1,234581.38,231037.11,237622.2,239935.38
7,20,1580934,2264278,820115,325103,10,239935.38,34,1,232022.77,223559.1,234581.38,231037.11,243083.93
7,21,1598631,2241084,815714,358848,11,243083.93,34,1,239935.38,232022.77,223559.1,234581.38,226474.19
7,22,1470018,2073486,895817,330201,10,226474.19,34,1,243083.93,239935.38,232022.77,223559.1,236095.26
7,23,1584837,2078190,888464,353517,10,236095.26,34,1,226474.19,243083.93,239935.38,232022.77,233762.18
7,24,1605336,2045818,900165,325786,10,233762.18,34,1,236095.26,226474.19,243083.93,239935.38,236086.94
7,25,1587155,2097003,834648,352847,11,236086.94,34,1,233762.18,236095.26,226474.19,243083.93,235171.62
7,26,1459952,2262388,823396,359513,11,235171.62,34,1,236086.94,233762.18,236095.26,226474.19,227667.85
7,27,1456347,2076904,893289,352138,11,227667.85,34,1,235171.62,236086.94,233762.18,236095.26,232831.24
7,28,1595333,2044404,891336,324918,10,232831.24,34,1,227667.85,235171.62,236086.94,233762.18,224135.71
7,29,1429715,2106587,829243,330031,10,224135.71,34,1,232831.24,227667.85,235171.62,236086.94,227612.08
7,30,1454412,2087776,834799,358533,11,227612.08,34,1,224135.71,232831.24,227667.85,235171.62,
8,1,1484070,1687421,1043486,751180,40,251642.86,34,1,,,,,248213.57
8,2,1495366,1687580,1052340,703348,40,248213.57,34,1,251642.86,,,,239203.72
8,3,1505185,1535525,947460,685983,44,239203.72,34,1,248213.57,251642.86,,,247183.8
8,4,1506624,1530239,1044795,758142,44,247183.8,34,1,239203.72,248213.57,251642.86,,255680.13
8,5,1657801,1514112,958092,766975,44,255680.13,34,1,247183.8,239203.72,248213.57,251642.86,253936.7
8,6,1626195,1519741,1052203,750595,44,253936.7,34,1,255680.13,247183.8,239203.72,248213.57,247980.72
8,7,1626360,1511392,1043932,689816,41,247980.72,34,1,253936.7,255680.13,247183.8,239203.72,242448.59
8,8,1479149,1512459,946166,751610,40,242448.59,34,1,247980.72,253936.7,255680.13,247183.8,239802.81
8,9,1509578,1534398,946889,690095,44,239802.81,34,1,242448.59,247980.72,253936.7,255680.13,256016.8
8,10,1636761,1655074,1056741,702506,44,256016.8,34,1,239802.81,242448.59,247980.72,253936.7,246168.13
8,11,1512330,1536671,962325,754836,40,246168.13,34,1,256016.8,239802.81,242448.59,247980.72,263287.33
8,12,1645961,1668768,1063298,768973,41,263287.33,34,1,246168.13,256016.8,239802.81,242448.59,256030.03
8,13,1653722,1532369,957021,765519,44,256030.03,34,1,263287.33,246168.13,256016.8,239802.81,255614.26
8,14,1650448,1686829,947772,693348,45,255614.26,34,1,256030.03,263287.33,246168.13,256016.8,252554.92
8,15,1506507,1666852,967794,768498,41,252554.92,34,1,255614.26,256030.03,263287.33,246168.13,249844.32
8,16,1666645,1525055,964940,689589,43,249844.32,34,1,252554.92,255614.26,256030.03,263287.33,250391.5
8,17,1665550,1531731,960812,694100,44,250391.5,34,1,249844.32,252554.92,255614.26,256030.03,243845.45
8,18,1479373,1535912,963343,752930,44,243845.45,34,1,250391.5,249844.32,252554.92,255614.26,243357.32
8,19,1524806,1535018,1042108,700924,40,243357.32,34,1,243845.45,250391.5,249844.32,252554.92,239614.59
8,20,1498944,1514659,1047098,686539,40,239614.59,34,1,243357.32,243845.45,250391.5,249844.32,246848.69
8,21,1518304,1519413,952149,767942,41,246848.69,34,1,239614.59,243357.32,243845.45,250391.5,260440.34
8,22,1623414,1661837,1047034,759789,40,260440.34,34,1,246848.69,239614.59,243357.32,243845.45,246797.8
8,23,1487130,1673516,1054232,699738,44,246797.8,34,1,260440.34,246848.69,239614.59,243357.32,247001.1
8,24,1504524,1539719,962954,768150,44,247001.1,34,1,246797.8,260440.34,246848.69,239614.59,239733.0
8,25,1486329,1547165,1035617,683944,40,239733.0,34,1,247001.1,246797.8,260440.34,246848.69,251546.76
8,26,1648710,1537136,1052123,699863,44,251546.76,34,1,239733.0,247001.1,246797.8,260440.34,255543.6
8,27,1648913,1686757,949678,693355,44,255543.6,34,1,251546.76,239733.0,247001.1,246797.8,260782.36
8,28,1652947,1670597,959277,754286,44,260782.36,34,1,255543.6,251546.76,239733.0,247001.1,247148.38
8,29,1520498,1517613,1061312,750619,44,247148.38,34,1,260782.36,255543.6,251546.76,239733.0,257462.0
8,30,1659854,1526225,1055198,761941,44,257462.0,34,1,247148.38,260782.36,255543.6,251546.76,
9,1,1891359,1528083,787456,607898,25,254249.65,34,1,,,,,256305.01
9,2,2076499,1417870,786152,548948,23,256305.01,34,1,254249.65,,,,266497.73
9,3,2088201,1536405,721521,610394,23,266497.73,34,1,256305.01,254249.65,,,246996.62
9,4,1922395,1413830,795550,556652,25,246996.62,34,1,266497.73,256305.01,254249.65,,254883.36
9,5,2067319,1387011,787985,553750,25,254883.36,34,1,246996.62,266497.73,256305.01,254249.65,264635.37
9,6,2075584,1519614,717912,607253,23,264635.37,34,1,254883.36,246996.62,266497.73,256305.01,259253.67
9,7,2047667,1551520,714671,553445,23,259253.67,34,1,264635.37,254883.36,246996.62,266497.73,246726.37
9,8,1875574,1520272,724305,550955,25,246726.37,34,1,259253.67,264635.37,254883.36,246996.62,265565.11
9,9,2053483,1550000,788495,606493,25,265565.11,34,1,246726.37,259253.67,264635.37,254883.36,256355.23
9,10,2079363,1405725,785754,553146,25,256355.23,34,1,265565.11,246726.37,259253.67,264635.37,260431.18
9,11,2066838,1414714,780888,604067,23,260431.18,34,1,256355.23,265565.11,246726.37,259253.67,248606.95
9,12,1884141,1410779,774958,607171,25,248606.95,34,1,260431.18,256355.23,265565.11,246726.37,252785.59
9,13,1901810,1514696,706705,605078,25,252785.59,34,1,248606.95,260431.18,256355.23,265565.11,253703.46
9,14,2081406,1384536,708270,546223,23,253703.46,34,1,252785.59,248606.95,260431.18,256355.23,250213.05
9,15,1898880,1415019,783333,610897,23,250213.05,34,1,253703.46,252785.59,248606.95,260431.18,246325.99
9,16,1871008,1528197,707718,549150,23,246325.99,34,1,250213.05,253703.46,252785.59,248606.95,258793.69
9,17,2053075,1520529,782179,546517,23,258793.69,34,1,246325.99,250213.05,253703.46,252785.59,249750.07
9,18,1895962,1548169,794603,544083,25,249750.07,34,1,258793.69,246325.99,250213.05,253703.46,259357.49
9,19,2069650,1407250,723714,604020,25,259357.49,34,1,249750.07,258793.69,246325.99,250213.05,254361.55
9,20,1899873,1519506,778733,608588,23,254361.55,34,1,259357.49,249750.07,258793.69,246325.99,267931.42
9,21,2096990,1545436,793345,602695,23,267931.42,34,1,254361.55,259357.49,249750.07,258793.69,242408.67
9,22,1870196,1397447,779350,553847,23,242408.67,34,1,267931.42,254361.55,259357.49,249750.07,261674.01
9,23,2092476,1513384,784796,552968,25,261674.01,34,1,242408.67,267931.42,254361.55,259357.49,249602.54
9,24,1895562,1546276,781957,545920,23,249602.54,34,1,261674.01,242408.67,267931.42,254361.55,247389.35
9,25,1881378,1392786,785786,602021,26,247389.35,34,1,249602.54,261674.01,242408.67,267931.42,255353.77
9,26,2054368,1420907,793895,551485,25,255353.77,34,1,247389.35,249602.54,261674.01,242408.67,256519.83
9,27,2072384,1412206,788755,556436,25,256519.83,34,1,255353.77,247389.35,249602.54,261674.01,253278.01
9,28,2057973,1378733,786808,546721,23,253278.01,34,1,256519.83,255353.77,247389.35,249602.54,260413.63
9,29,2088605,1416309,709020,600589,23,260413.63,34,1,253278.01,256519.83,255353.77,247389.35,248163.65
9,30,1898000,1533597,716183,546080,23,248163.65,34,1,260413.63,253278.01,256519.83,255353.77,
10,1,1861145,1423772,786807,580824,2,245475.46,34,1,,,,,247431.3
10,2,1884167,1457082,768718,573821,2,247431.3,34,1,245475.46,,,,243494.55
10,3,1857724,1421510,705565,577176,2,243494.55,34,1,247431.3,245475.46,,,237159.69
10,4,1735004,1432795,771939,577807,2,237159.69,34,1,243494.55,247431.3,245475.46,,236333.76
10,5,1696287,1585480,786014,523135,2,236333.76,34,1,237159.69,243494.55,247431.3,245475.46,237793.16
10,6,1687543,1554807,719754,571899,2,237793.16,34,1,236333.76,237159.69,243494.55,247431.3,243930.51
10,7,1851433,1430276,767731,571136,2,243930.51,34,1,237793.16,236333.76,237159.69,243494.55,246231.7
10,8,1864511,1554479,789012,525800,2,246231.7,34,1,243930.51,237793.16,236333.76,237159.69,237859.15
10,9,1729349,1572956,782378,522754,2,237859.15,34,1,246231.7,243930.51,237793.16,236333.76,230851.22
10,10,1698921,1441815,771778,529639,2,230851.22,34,1,237859.15,246231.7,243930.51,237793.16,231123.09
10,11,1720824,1424782,784035,522572,2,231123.09,34,1,230851.22,237859.15,246231.7,243930.51,245223.34
10,12,1871330,1447263,713144,573247,2,245223.34,34,1,231123.09,230851.22,237859.15,246231.7,231301.28
10,13,1707834,1460710,719766,528946,2,231301.28,34,1,245223.34,231123.09,230851.22,237859.15,235167.79
10,14,1732585,1436778,710161,566874,2,235167.79,34,1,231301.28,245223.34,231123.09,230851.22,244588.67
10,15,1856904,1579957,700368,517398,2,244588.67,34,1,235167.79,231301.28,245223.34,231123.09,245778.18
10,16,1869689,1558781,775569,517506,2,245778.18,34,1,244588.67,235167.79,231301.28,245223.34,239461.13
10,17,1703367,1576147,712220,570502,2,239461.13,34,1,245778.18,244588.67,235167.79,231301.28,239306.52
10,18,1687480,1559316,768439,577760,2,239306.52,34,1,239461.13,245778.18,244588.67,235167.79,236006.64
10,19,1709296,1577492,707515,528170,2,236006.64,34,1,239306.52,239461.13,245778.18,244588.67,232331.43
10,20,1688168,1424789,716077,571827,2,232331.43,34,1,236006.64,239306.52,239461.13,245778.18,245114.07
10,21,1857282,1558724,710843,530885,2,245114.07,34,1,232331.43,236006.64,239306.52,239461.13,248048.1
10,22,1891948,1556591,772844,528189,2,248048.1,34,1,245114.07,232331.43,236006.64,239306.52,251471.5
10,23,1874276,1557830,778398,577264,2,251471.5,34,1,248048.1,245114.07,232331.43,236006.64,238828.44
10,24,1708256,1556534,720931,567476,2,238828.44,34,1,251471.5,248048.1,245114.07,232331.43,246886.37
10,25,1891603,1566028,709834,522667,2,246886.37,34,1,238828.44,251471.5,248048.1,245114.07,247967.45
10,26,1893669,1563104,768986,523742,2,247967.45,34,1,246886.37,238828.44,251471.5,248048.1,246611.07
10,27,1864787,1586485,773324,517832,2,246611.07,34,1,247967.45,246886.37,238828.44,251471.5,250249.03
10,28,1870190,1573474,715394,570879,2,250249.03,34,1,246611.07,247967.45,246886.37,238828.44,230901.1
10,29,1698762,1450149,789114,523283,2,230901.1,34,1,250249.03,246611.07,247967.45,246886.37,245494.89
10,30,1869461,1427056,783845,574080,2,245494.89,34,1,230901.1,250249.03,246611.07,247967.45,
11,1,1971475,1362068,984802,707300,29,264711.96,34,1,,,,,263588.72
11,2,1804969,1460836,907438,782837,32,263588.72,34,1,264711.96,,,,261041.58
11,3,1778887,1478994,912593,763983,32,261041.58,34,1,263588.72,264711.96,,,266024.82
11,4,1812313,1472335,1003277,781774,29,266024.82,34,1,261041.58,263588.72,264711.96,,260187.76
11,5,1827529,1351969,981957,765791,32,260187.76,34,1,266024.82,261041.58,263588.72,264711.96,256093.57
11,6,1791950,1341128,893514,767117,29,256093.57,34,1,260187.76,266024.82,261041.58,263588.72,251341.44
11,7,1794417,1339989,912436,709729,29,251341.44,34,1,256093.57,260187.76,266024.82,261041.58,265215.09
11,8,1954350,1458590,893336,697115,32,265215.09,34,1,251341.44,256093.57,260187.76,266024.82,273585.95
11,9,1986503,1455541,909485,765294,32,273585.95,34,1,265215.09,251341.44,256093.57,260187.76,268845.26
11,10,1979624,1483259,914970,703826,30,268845.26,34,1,273585.95,265215.09,251341.44,256093.57,257221.14
11,11,1811438,1455545,986003,695712,32,257221.14,34,1,268845.26,273585.95,265215.09,251341.44,259341.17
11,12,1791122,1360506,994314,776360,33,259341.17,34,1,257221.14,268845.26,273585.95,265215.09,263144.6
11,13,1945700,1353052,991556,711393,30,263144.6,34,1,259341.17,257221.14,268845.26,273585.95,265670.14
11,14,1947985,1331916,911995,762053,32,265670.14,34,1,263144.6,259341.17,257221.14,268845.26,271459.2
11,15,1965391,1364504,1003639,781922,32,271459.2,34,1,265670.14,263144.6,259341.17,257221.14,259364.39
11,16,1806629,1365839,917487,777010,29,259364.39,34,1,271459.2,265670.14,263144.6,259341.17,258348.01
11,17,1787881,1367937,910792,779463,29,258348.01,34,1,259364.39,271459.2,265670.14,263144.6,273829.78
11,18,1989152,1461382,906440,763944,30,273829.78,34,1,258348.01,259364.39,271459.2,265670.14,269179.1
11,19,1950928,1356430,986287,773943,30,269179.1,34,1,273829.78,258348.01,259364.39,271459.2,258613.14
11,20,1798732,1487076,990570,704835,29,258613.14,34,1,269179.1,273829.78,258348.01,259364.39,255368.28
11,21,1784706,1466203,918978,701662,29,255368.28,34,1,258613.14,269179.1,273829.78,258348.01,265889.88
11,22,1817306,1485447,981110,774648,32,265889.88,34,1,255368.28,258613.14,269179.1,273829.78,252611.94
11,23,1783811,1345913,980116,716355,30,252611.94,34,1,265889.88,255368.28,258613.14,269179.1,269821.04
11,24,1979580,1350666,907867,777436,29,269821.04,34,1,252611.94,265889.88,255368.28,258613.14,265960.32
11,25,1998122,1347453,977874,710022,33,265960.32,34,1,269821.04,252611.94,265889.88,255368.28,265899.15
11,26,1827535,1454215,979157,782236,29,265899.15,34,1,265960.32,269821.04,252611.94,265889.88,267761.65
11,27,1947046,1364179,911343,771083,32,267761.65,34,1,265899.15,265960.32,269821.04,252611.94,258069.13
11,28,1782279,1489060,983468,711002,30,258069.13,34,1,267761.65,265899.15,265960.32,269821.04,260823.55
11,29,1963313,1331109,905380,698875,32,260823.55,34,1,258069.13,267761.65,265899.15,265960.32,269615.16
11,30,1981457,1478091,909024,714525,30,269615.16,34,1,260823.55,258069.13,267761.65,265899.15,
12,1,1362466,1906278,840057,703843,32,245295.27,34,1,,,,,234536.55
12,2,1338011,1718463,835005,690100,35,234536.55,34,1,245295.27,,,,254073.23
12,3,1473318,1924688,906104,700928,32,254073.23,34,1,234536.55,245295.27,,,240248.87
12,4,1467001,1711970,920213,648206,35,240248.87,34,1,254073.23,234536.55,245295.27,,247298.85
12,5,1464045,1902908,923822,639342,32,247298.85,34,1,240248.87,254073.23,234536.55,245295.27,237161.58
12,6,1347964,1737243,840456,702356,34,237161.58,34,1,247298.85,240248.87,254073.23,234536.55,236358.49
12,7,1339371,1729172,904832,691632,35,236358.49,34,1,237161.58,247298.85,240248.87,254073.23,240648.14
12,8,1485055,1711397,902779,643102,34,240648.14,34,1,236358.49,237161.58,247298.85,240248.87,239182.11
12,9,1364766,1762941,825253,703542,35,239182.11,34,1,240648.14,236358.49,237161.58,247298.85,249563.53
12,10,1490560,1765094,926784,708736,34,249563.53,34,1,239182.11,240648.14,236358.49,237161.58,242336.83
12,11,1480315,1764782,920499,637256,35,242336.83,34,1,249563.53,239182.11,240648.14,236358.49,237938.98
12,12,1357311,1734996,833814,706509,35,237938.98,34,1,242336.83,249563.53,239182.11,240648.14,254755.49
12,13,1479932,1920099,919152,703488,32,254755.49,34,1,237938.98,242336.83,249563.53,239182.11,246264.15
12,14,1350967,1921062,904175,704306,35,246264.15,34,1,254755.49,237938.98,242336.83,249563.53,252448.16
12,15,1478735,1874368,919629,699875,32,252448.16,34,1,246264.15,254755.49,237938.98,242336.83,250663.29
12,16,1501931,1928267,924896,637463,35,250663.29,34,1,252448.16,246264.15,254755.49,237938.98,241815.18
12,17,1483282,1759162,835039,647527,32,241815.18,34,1,250663.29,252448.16,246264.15,254755.49,239516.46
12,18,1373929,1739301,919287,694484,32,239516.46,34,1,241815.18,250663.29,252448.16,246264.15,245825.88
12,19,1498940,1716786,839655,699544,34,245825.88,34,1,239516.46,241815.18,250663.29,252448.16,254292.06
12,20,1497871,1893115,908460,699909,35,254292.06,34,1,245825.88,239516.46,241815.18,250663.29,240663.53
12,21,1491376,1715770,926324,632413,32,240663.53,34,1,254292.06,245825.88,239516.46,241815.18,231098.71
12,22,1343576,1748386,839857,633229,32,231098.71,34,1,240663.53,254292.06,245825.88,239516.46,249186.87
12,23,1493703,1896263,924797,641863,32,249186.87,34,1,231098.71,240663.53,254292.06,245825.88,237551.23
12,24,1341791,1721148,901952,707368,31,237551.23,34,1,249186.87,231098.71,240663.53,254292.06,232928.41
12,25,1363795,1737787,823768,646831,32,232928.41,34,1,237551.23,249186.87,231098.71,240663.53,240145.36
12,26,1348083,1907909,916596,642364,35,240145.36,34,1,232928.41,237551.23,249186.87,231098.71,245784.07
12,27,1349540,1898950,918324,707683,32,245784.07,34,1,240145.36,232928.41,237551.23,249186.87,238226.87
12,28,1465643,1732456,832860,633189,35,238226.87,34,1,245784.07,240145.36,232928.41,237551.23,233152.74
12,29,1364232,1720610,902146,642675,35,233152.74,34,1,238226.87,245784.07,240145.36,232928.41,233576.19
12,30,1363349,1748266,839980,646523,31,233576.19,34,1,233152.74,238226.87,245784.07,240145.36,
13,1,1236687,2054830,1005436,638385,13,240165.62,34,1,,,,,239998.87
13,2,1218919,2026569,1088674,647236,11,239998.87,34,1,240165.62,,,,249320.71
13,3,1249291,2251406,1011591,638598,13,249320.71,34,1,239998.87,240165.62,,,247118.19
13,4,1236540,2060011,1100600,695837,11,247118.19,34,1,249320.71,239998.87,240165.62,,247228.63
13,5,1247022,2020279,1110230,706187,13,247228.63,34,1,247118.19,249320.71,239998.87,240165.62,263411.71
13,6,1362712,2241804,1102030,701288,13,263411.71,34,1,247228.63,247118.19,249320.71,239998.87,262711.84
13,7,1361433,2206527,1110949,709176,11,262711.84,34,1,263411.71,247228.63,247118.19,249320.71,251532.96
13,8,1215174,2236887,1009697,694728,11,251532.96,34,1,262711.84,263411.71,247228.63,247118.19,237799.94
13,9,1225170,2007116,1017325,640384,11,237799.94,34,1,251532.96,262711.84,263411.71,247228.63,248717.83
13,10,1239632,2208392,1092212,644099,12,248717.83,34,1,237799.94,251532.96,262711.84,263411.71,262956.57
13,11,1361072,2212147,1106952,710270,13,262956.57,34,1,248717.83,237799.94,251532.96,262711.84,259419.05
13,12,1349496,2195638,993215,707752,12,259419.05,34,1,262956.57,248717.83,237799.94,251532.96,249031.74
13,13,1366413,2054875,1001563,644142,12,249031.74,34,1,259419.05,262956.57,248717.83,237799.94,247041.88
13,14,1355765,2013371,1015007,646519,12,247041.88,34,1,249031.74,259419.05,262956.57,248717.83,260740.25
13,15,1336559,2230816,1112255,693694,12,260740.25,34,1,247041.88,249031.74,259419.05,262956.57,254319.77
13,16,1237832,2208499,1113610,703559,12,254319.77,34,1,260740.25,247041.88,249031.74,259419.05,246359.46
13,17,1231836,2211563,1003899,638182,11,246359.46,34,1,254319.77,260740.25,247041.88,249031.74,260525.62
13,18,1347502,2193194,1095945,703860,13,260525.62,34,1,246359.46,254319.77,260740.25,247041.88,246738.84
13,19,1350156,2018023,1014697,645089,13,246738.84,34,1,260525.62,246359.46,254319.77,260740.25,258687.72
13,20,1338978,2218562,1021088,691494,13,258687.72,34,1,246738.84,260525.62,246359.46,254319.77,254217.59
13,21,1343017,2207068,1008880,646579,12,254217.59,34,1,258687.72,246738.84,260525.62,246359.46,245942.39
13,22,1236977,2002233,1100238,709331,13,245942.39,34,1,254217.59,258687.72,246738.84,260525.62,260395.08
13,23,1331981,2244841,1015600,704274,13,260395.08,34,1,245942.39,254217.59,258687.72,246738.84,245346.7
13,24,1228926,2037508,1017577,707232,11,245346.7,34,1,260395.08,245942.39,254217.59,258687.72,263317.94
13,25,1356362,2246872,1112943,700475,12,263317.94,34,1,245346.7,260395.08,245942.39,254217.59,253751.38
13,26,1342273,2225409,1010036,633233,11,253751.38,34,1,263317.94,245346.7,260395.08,245942.39,253399.56
13,27,1352160,2010163,1115794,702721,12,253399.56,34,1,253751.38,263317.94,245346.7,260395.08,240192.31
13,28,1242742,2021619,1020715,646941,11,240192.31,34,1,253399.56,253751.38,263317.94,245346.7,251550.66
13,29,1218787,2196460,1014316,710225,11,251550.66,34,1,240192.31,253399.56,253751.38,263317.94,250618.68
13,30,1353450,2002616,1011130,693536,12,250618.68,34,1,251550.66,240192.31,253399.56,253751.38,
14,1,1114305,1683872,708532,490924,7,198544.78,34,1,,,,,200074.45
14,2,1145075,1680730,702036,488409,8,200074.45,34,1,198544.78,,,,199348.04
14,3,1113390,1707226,704988,490309,7,199348.04,34,1,200074.45,198544.78,,,197590.78
14,4,1122748,1666405,698383,484224,7,197590.78,34,1,199348.04,200074.45,198544.78,,199915.93
14,5,1138810,1662282,766553,487946,7,199915.93,34,1,197590.78,199348.04,200074.45,198544.78,211257.27
14,6,1140304,1834030,771634,532091,7,211257.27,34,1,199915.93,197590.78,199348.04,200074.45,209792.87
14,7,1130035,1851260,707485,526941,7,209792.87,34,1,211257.27,199915.93,197590.78,199348.04,211840.1
14,8,1234908,1824524,699653,488085,7,211840.1,34,1,209792.87,211257.27,199915.93,197590.78,211742.95
14,9,1252919,1682534,772331,526632,7,211742.95,34,1,211840.1,209792.87,211257.27,199915.93,217504.2
14,10,1253530,1825914,756748,526454,7,217504.2,34,1,211742.95,211840.1,209792.87,211257.27,210200.34
14,11,1233149,1689283,709570,532049,7,210200.34,34,1,217504.2,211742.95,211840.1,209792.87,203933.91
14,12,1135057,1672895,766004,530377,7,203933.91,34,1,210200.34,217504.2,211742.95,211840.1,208459.03
14,13,1222783,1667249,705393,531165,8,208459.03,34,1,203933.91,210200.34,217504.2,211742.95,209434.29
14,14,1229675,1681869,690277,533004,8,209434.29,34,1,208459.03,203933.91,210200.34,217504.2,216747.62
14,15,1230619,1858164,693343,531141,7,216747.62,34,1,209434.29,208459.03,203933.91,210200.34,205756.43
14,16,1252970,1664543,688321,483867,8,205756.43,34,1,216747.62,209434.29,208459.03,203933.91,216905.29
14,17,1245161,1839988,699022,529826,8,216905.29,34,1,205756.43,216747.62,209434.29,208459.03,210041.03
14,18,1233064,1709725,699788,522651,7,210041.03,34,1,216905.29,205756.43,216747.62,209434.29,204752.86
14,19,1228075,1688311,697450,477952,7,204752.86,34,1,210041.03,216905.29,205756.43,216747.62,198631.94
14,20,1129577,1665974,696179,491462,7,198631.94,34,1,204752.86,210041.03,216905.29,205756.43,211202.26
14,21,1253360,1658793,771471,531480,8,211202.26,34,1,198631.94,204752.86,210041.03,216905.29,199690.87
14,22,1122405,1674474,774321,490174,7,199690.87,34,1,211202.26,198631.94,204752.86,210041.03,216162.92
14,23,1222066,1846601,760285,523962,7,216162.92,34,1,199690.87,211202.26,198631.94,204752.86,212464.32
14,24,1226480,1822964,770530,488867,7,212464.32,34,1,216162.92,199690.87,211202.26,198631.94,198257.87
14,25,1123345,1687711,697743,481431,8,198257.87,34,1,212464.32,216162.92,199690.87,211202.26,200813.24
14,26,1141724,1693793,758937,482583,7,200813.24,34,1,198257.87,212464.32,216162.92,199690.87,209043.05
14,27,1113511,1856126,708734,528020,7,209043.05,34,1,200813.24,198257.87,212464.32,216162.92,212452.05
14,28,1247003,1842574,694438,478761,7,212452.05,34,1,209043.05,200813.24,198257.87,212464.32,205706.23
14,29,1136094,1827248,691622,491294,7,205706.23,34,1,212452.05,209043.05,200813.24,198257.87,218154.86
14,30,1253259,1832350,769205,528608,8,218154.86,34,1,205706.23,212452.05,209043.05,200813.24,
15,1,1923393,1649923,966685,824232,11,283874.27,34,1,,,,,293956.72
15,2,2054335,1811009,969596,766715,11,293956.72,34,1,283874.27,,,,290806.14
15,3,1901897,1830555,967050,832750,10,290806.14,34,1,293956.72,283874.27,,,294172.02
15,4,2052509,1817711,1068369,749304,10,294172.02,34,1,290806.14,293956.72,283874.27,,304111.98
15,5,2081937,1840964,1061326,828876,10,304111.98,34,1,294172.02,290806.14,293956.72,283874.27,282622.47
15,6,1893081,1838531,959952,745938,11,282622.47,34,1,304111.98,294172.02,290806.14,293956.72,289529.26
15,7,1921711,1800974,963275,818749,11,289529.26,34,1,282622.47,304111.98,294172.02,290806.14,302925.51
15,8,2101590,1845646,962642,817412,11,302925.51,34,1,289529.26,282622.47,304111.98,294172.02,295996.8
15,9,2086218,1678378,965412,828663,11,295996.8,34,1,302925.51,289529.26,282622.47,304111.98,283795.5
15,10,1918862,1663969,974877,818611,11,283795.5,34,1,295996.8,302925.51,289529.26,282622.47,294737.85
15,11,2055134,1809900,1049996,760660,11,294737.85,34,1,283795.5,295996.8,302925.51,289529.26,288027.56
15,12,1871381,1807751,970292,833853,10,288027.56,34,1,294737.85,283795.5,295996.8,302925.51,277661.19
15,13,1899744,1655177,1072979,750526,10,277661.19,34,1,288027.56,294737.85,283795.5,295996.8,300760.8
15,14,2080499,1819355,983083,817030,10,300760.8,34,1,277661.19,288027.56,294737.85,283795.5,296318.36
15,15,2091202,1694099,972472,820072,11,296318.36,34,1,300760.8,277661.19,288027.56,294737.85,285654.99
15,16,1903308,1687592,987165,837219,11,285654.99,34,1,296318.36,300760.8,277661.19,288027.56,295421.45
15,17,2078821,1682446,978855,823265,10,295421.45,34,1,285654.99,296318.36,300760.8,277661.19,292291.89
15,18,1898615,1825317,1049814,838923,11,292291.89,34,1,295421.45,285654.99,296318.36,300760.8,277344.9
15,19,1905988,1664216,962881,758411,10,277344.9,34,1,292291.89,295421.45,285654.99,296318.36,292465.54
15,20,1916886,1834185,1056391,822408,10,292465.54,34,1,277344.9,292291.89,295421.45,285654.99,301532.31
15,21,2084015,1812133,958431,830898,11,301532.31,34,1,292465.54,277344.9,292291.89,295421.45,297157.32
15,22,2061716,1688955,1065502,835995,10,297157.32,34,1,301532.31,292465.54,277344.9,292291.89,290176.23
15,23,1904599,1825556,964529,826600,10,290176.23,34,1,297157.32,301532.31,292465.54,277344.9,291034.74
15,24,1902224,1809506,1059017,828042,10,291034.74,34,1,290176.23,297157.32,301532.31,292465.54,290144.92
15,25,1908011,1815315,980582,825620,11,290144.92,34,1,291034.74,290176.23,297157.32,301532.31,295847.92
15,26,2078256,1659115,1066026,823323,11,295847.92,34,1,290144.92,291034.74,290176.23,297157.32,291556.27
15,27,2050391,1649454,976889,816492,10,291556.27,34,1,295847.92,290144.92,291034.74,290176.23,293330.09
15,28,2061399,1812889,979406,752031,10,293330.09,34,1,291556.27,295847.92,290144.92,291034.74,291072.52
15,29,2089467,1656875,1070701,762501,10,291072.52,34,1,293330.09,291556.27,295847.92,290144.92,293787.61
15,30,2084373,1801614,970479,747444,11,293787.61,34,1,291072.52,293330.09,291556.27,295847.92,
16,1,1336291,2163802,732222,569422,4,240465.38,34,1,,,,,219561.85
16,2,1225095,1943649,722586,521364,4,219561.85,34,1,240465.38,,,,234564.77
16,3,1334198,2172212,661690,514457,4,234564.77,34,1,219561.85,240465.38,,,221064.49
16,4,1201100,1947009,669571,563379,4,221064.49,34,1,234564.77,219561.85,240465.38,,233638.76
16,5,1318637,2150809,720451,514583,4,233638.76,34,1,221064.49,234564.77,219561.85,240465.38,223614.31
16,6,1223665,1968486,662765,566719,4,223614.31,34,1,233638.76,221064.49,234564.77,219561.85,219614.22
16,7,1226423,1959396,723874,513456,4,219614.22,34,1,223614.31,233638.76,221064.49,234564.77,228144.29
16,8,1342646,1980769,726882,514050,4,228144.29,34,1,219614.22,223614.31,233638.76,221064.49,225982.69
16,9,1336605,1960564,664214,515213,4,225982.69,34,1,228144.29,219614.22,223614.31,233638.76,221030.27
16,10,1228070,1986386,662522,526647,4,221030.27,34,1,225982.69,228144.29,219614.22,223614.31,225897.52
16,11,1198047,2158280,655478,523800,4,225897.52,34,1,221030.27,225982.69,228144.29,219614.22,227980.59
16,12,1216081,2156247,726531,521926,4,227980.59,34,1,225897.52,221030.27,225982.69,228144.29,218428.93
16,13,1196773,1967480,673530,527054,4,218428.93,34,1,227980.59,225897.52,221030.27,225982.69,229913.98
16,14,1203793,2149167,664472,566791,4,229913.98,34,1,218428.93,227980.59,225897.52,221030.27,232573.98
16,15,1327470,2127976,674863,515322,4,232573.98,34,1,229913.98,218428.93,227980.59,225897.52,226744.7
16,16,1322495,1967422,737185,517323,4,226744.7,34,1,232573.98,229913.98,218428.93,227980.59,222956.15
16,17,1226088,1940615,674833,568399,4,222956.15,34,1,226744.7,232573.98,229913.98,218428.93,230964.7
16,18,1317923,1966140,737495,567940,4,230964.7,34,1,222956.15,226744.7,232573.98,229913.98,239370.77
16,19,1329564,2168237,667160,571924,4,239370.77,34,1,230964.7,222956.15,226744.7,232573.98,219659.27
16,20,1209499,1988262,676204,521429,4,219659.27,34,1,239370.77,230964.7,222956.15,226744.7,239548.59
16,21,1322196,2167889,738391,566368,4,239548.59,34,1,219659.27,239370.77,230964.7,222956.15,226147.99
16,22,1215339,2128401,669724,525402,4,226147.99,34,1,239548.59,219659.27,239370.77,230964.7,225219.85
16,23,1217408,1985700,735208,567834,4,225219.85,34,1,226147.99,239548.59,219659.27,239370.77,237725.79
16,24,1330169,2142760,667377,565019,4,237725.79,34,1,225219.85,226147.99,239548.59,219659.27,226579.35
16,25,1206809,2152427,667727,525543,4,226579.35,34,1,237725.79,225219.85,226147.99,239548.59,228021.75
16,26,1211425,2153497,725114,527262,4,228021.75,34,1,226579.35,237725.79,225219.85,226147.99,222034.96
16,27,1200535,1971625,668071,563409,4,222034.96,34,1,228021.75,226579.35,237725.79,225219.85,229624.88
16,28,1318115,1938989,719980,568724,4,229624.88,34,1,222034.96,228021.75,226579.35,237725.79,233279.01
16,29,1329707,2128229,662479,523672,4,233279.01,34,1,229624.88,222034.96,228021.75,226579.35,231901.03
16,30,1217539,2154332,729028,564782,4,231901.03,34,1,233279.01,229624.88,222034.96,228021.75,
17,1,1167686,1757580,872746,429031,45,202208.66,34,1,,,,,210604.91
17,2,1181205,1935425,878520,428924,45,210604.91,34,1,202208.66,,,,217099.68
17,3,1294424,1914055,894555,426554,40,217099.68,34,1,210604.91,202208.66,,,219231.98
17,4,1303426,1944400,889229,430631,41,219231.98,34,1,217099.68,210604.91,202208.66,,215823.35
17,5,1186380,1934236,964283,467986,45,215823.35,34,1,219231.98,217099.68,210604.91,202208.66,216089.32
17,6,1193338,1947535,961530,460270,46,216089.32,34,1,215823.35,219231.98,217099.68,210604.91,218634.24
17,7,1302898,1950798,881341,422856,40,218634.24,34,1,216089.32,215823.35,219231.98,217099.68,210943.87
17,8,1281983,1782692,880686,430657,41,210943.87,34,1,218634.24,216089.32,215823.35,219231.98,207004.92
17,9,1198696,1778511,973601,431838,45,207004.92,34,1,210943.87,218634.24,216089.32,215823.35,211852.97
17,10,1183761,1918866,981756,429788,41,211852.97,34,1,207004.92,210943.87,218634.24,216089.32,220743.14
17,11,1285548,1917831,897719,471000,45,220743.14,34,1,211852.97,207004.92,210943.87,218634.24,207952.18
17,12,1190749,1770017,883455,468429,41,207952.18,34,1,220743.14,211852.97,207004.92,210943.87,217844.77
17,13,1289508,1943448,889371,425668,41,217844.77,34,1,207952.18,220743.14,211852.97,207004.92,222478.31
17,14,1284007,1934333,968482,470799,45,222478.31,34,1,217844.77,207952.18,220743.14,211852.97,209539.99
17,15,1176448,1925189,899880,421386,45,209539.99,34,1,222478.31,217844.77,207952.18,220743.14,216489.6
17,16,1280555,1917856,879339,430768,41,216489.6,34,1,209539.99,222478.31,217844.77,207952.18,204795.59
17,17,1161996,1750047,873288,465200,44,204795.59,34,1,216489.6,209539.99,222478.31,217844.77,217820.23
17,18,1283393,1937829,899046,430628,44,217820.23,34,1,204795.59,216489.6,209539.99,222478.31,211216.5
17,19,1292228,1776331,886576,428186,45,211216.5,34,1,217820.23,204795.59,216489.6,209539.99,204737.03
17,20,1190757,1787885,880612,425004,44,204737.03,34,1,211216.5,217820.23,204795.59,216489.6,217015.52
17,21,1288544,1930422,892501,422628,45,217015.52,34,1,204737.03,211216.5,217820.23,204795.59,219888.32
17,22,1293810,1943041,980302,428843,45,219888.32,34,1,217015.52,204737.03,211216.5,217820.23,213651.6
17,23,1182331,1923299,877287,467750,40,213651.6,34,1,219888.32,217015.52,204737.03,211216.5,212682.48
17,24,1307560,1753599,970396,428679,45,212682.48,34,1,213651.6,219888.32,217015.52,204737.03,211033.38
17,25,1197487,1919173,873390,430441,45,211033.38,34,1,212682.48,213651.6,219888.32,217015.52,205978.5
17,26,1180496,1793975,979772,425250,41,205978.5,34,1,211033.38,212682.48,213651.6,219888.32,220168.95
17,27,1304169,1934146,964008,431608,41,220168.95,34,1,205978.5,211033.38,212682.48,213651.6,205193.28
17,28,1198901,1763441,964703,420210,45,205193.28,34,1,220168.95,205978.5,211033.38,212682.48,207392.11
17,29,1171838,1754733,965540,467931,42,207392.11,34,1,205193.28,220168.95,205978.5,211033.38,211882.11
17,30,1197241,1907533,971013,427634,41,211882.11,34,1,207392.11,205193.28,220168.95,205978.5,
18,1,1958991,1389953,947145,778295,30,270852.14,34,1,,,,,260714.19
18,2,1798326,1297467,865096,839190,28,260714.19,34,1,270852.14,,,,259846.94
18,3,1787456,1423850,858785,779953,28,259846.94,34,1,260714.19,270852.14,,,264453.12
18,4,1930620,1300350,856747,785748,28,264453.12,34,1,259846.94,260714.19,270852.14,,267781.02
18,5,1969746,1287958,942630,784613,30,267781.02,34,1,264453.12,259846.94,260714.19,270852.14,256442.14
18,6,1804975,1291993,935859,776676,30,256442.14,34,1,267781.02,264453.12,259846.94,260714.19,259452.58
18,7,1785880,1395427,943685,774413,27,259452.58,34,1,256442.14,267781.02,264453.12,259846.94,275722.65
18,8,1961367,1391262,859761,845920,27,275722.65,34,1,259452.58,256442.14,267781.02,264453.12,279729.08
18,9,1978497,1418305,933737,852008,30,279729.08,34,1,275722.65,259452.58,256442.14,267781.02,258393.5
18,10,1759065,1264552,864300,857076,30,258393.5,34,1,279729.08,275722.65,259452.58,256442.14,260155.06
18,11,1794133,1419815,943972,764912,28,260155.06,34,1,258393.5,279729.08,275722.65,259452.58,264243.95
18,12,1955942,1275049,923796,764734,28,264243.95,34,1,260155.06,258393.5,279729.08,275722.65,264244.17
18,13,1788901,1399011,860392,838895,27,264244.17,34,1,264243.95,260155.06,258393.5,279729.08,269283.82
18,14,1929729,1269487,865764,852617,27,269283.82,34,1,264244.17,264243.95,260155.06,258393.5,274104.41
18,15,1967817,1294380,933090,854882,27,274104.41,34,1,269283.82,264244.17,264243.95,260155.06,266960.52
18,16,1793708,1420060,861653,855573,27,266960.52,34,1,274104.41,269283.82,264244.17,264243.95,272537.41
18,17,1976080,1411549,947790,774571,30,272537.41,34,1,266960.52,274104.41,269283.82,264244.17,265383.92
18,18,1776612,1390751,947256,848360,27,265383.92,34,1,272537.41,266960.52,274104.41,269283.82,274851.77
18,19,1933029,1386234,940955,844157,30,274851.77,34,1,265383.92,272537.41,266960.52,274104.41,265038.82
18,20,1937165,1272731,929867,787009,30,265038.82,34,1,274851.77,265383.92,272537.41,266960.52,252924.11
18,21,1781250,1264867,858006,781489,27,252924.11,34,1,265038.82,274851.77,265383.92,272537.41,254717.62
18,22,1774526,1288835,938333,780452,30,254717.62,34,1,252924.11,265038.82,274851.77,265383.92,269326.48
18,23,1939886,1290974,850109,838682,28,269326.48,34,1,254717.62,252924.11,265038.82,274851.77,262563.18
18,24,1791178,1272649,948547,861119,30,262563.18,34,1,269326.48,254717.62,252924.11,265038.82,252936.22
18,25,1792719,1277789,849992,768851,27,252936.22,34,1,262563.18,269326.48,254717.62,252924.11,267741.64
18,26,1932122,1418041,843836,768933,27,267741.64,34,1,252936.22,262563.18,269326.48,254717.62,269614.4
18,27,1925209,1274180,948525,842268,28,269614.4,34,1,267741.64,252936.22,262563.18,269326.48,257712.68
18,28,1774330,1389300,924951,769677,27,257712.68,34,1,269614.4,267741.64,252936.22,262563.18,252840.28
18,29,1777287,1266234,851304,783992,30,252840.28,34,1,257712.68,269614.4,267741.64,252936.22,256147.23
18,30,1811298,1290200,947239,767618,30,256147.23,34,1,252840.28,257712.68,269614.4,267741.64,
19,1,1431731,1835519,738169,415326,45,219133.83,34,1,,,,,218442.15
19,2,1323554,1990620,730424,414930,41,218442.15,34,1,219133.83,,,,210916.76
19,3,1297945,1842024,730914,418683,41,210916.76,34,1,218442.15,219133.83,,,220369.18
19,4,1300672,1979052,725383,459020,45,220369.18,34,1,210916.76,218442.15,219133.83,,214807.0
19,5,1307424,1818301,790082,455212,45,214807.0,34,1,220369.18,210916.76,218442.15,219133.83,226699.91
19,6,1433368,2003322,733569,421100,45,226699.91,34,1,214807.0,220369.18,210916.76,218442.15,218136.68
19,7,1302173,1986772,793492,417192,45,218136.68,34,1,226699.91,214807.0,220369.18,210916.76,222219.91
19,8,1431590,1844121,723802,448284,41,222219.91,34,1,218136.68,226699.91,214807.0,220369.18,227233.87
19,9,1426666,2006479,807365,416922,45,227233.87,34,1,222219.91,218136.68,226699.91,214807.0,224785.73
19,10,1460713,1836186,729912,458363,44,224785.73,34,1,227233.87,222219.91,218136.68,226699.91,230740.7
19,11,1447590,1991405,800988,448918,45,230740.7,34,1,224785.73,227233.87,222219.91,218136.68,210490.33
19,12,1315522,1818801,727719,412663,45,210490.33,34,1,230740.7,224785.73,227233.87,222219.91,223400.52
19,13,1329171,2015585,742453,452108,41,223400.52,34,1,210490.33,230740.7,224785.73,227233.87,219350.41
19,14,1446518,1809014,737047,419594,42,219350.41,34,1,223400.52,210490.33,230740.7,224785.73,214101.28
19,15,1310879,1812299,731086,458440,45,214101.28,34,1,219350.41,223400.52,210490.33,230740.7,224006.7
19,16,1430780,1848413,794262,453845,41,224006.7,34,1,214101.28,219350.41,223400.52,210490.33,220606.37
19,17,1429761,1807252,726852,448240,42,220606.37,34,1,224006.7,214101.28,219350.41,223400.52,219630.99
19,18,1309747,2018809,809210,410602,45,219630.99,34,1,220606.37,224006.7,214101.28,219350.41,218729.73
19,19,1301146,2000823,798573,417072,41,218729.73,34,1,219630.99,220606.37,224006.7,214101.28,223312.13
19,20,1337933,1978885,810585,449417,45,223312.13,34,1,218729.73,219630.99,220606.37,224006.7,221352.23
19,21,1326511,2019313,791294,420671,45,221352.23,34,1,223312.13,218729.73,219630.99,220606.37,222980.62
19,22,1438522,1804969,804235,455223,41,222980.62,34,1,221352.23,223312.13,218729.73,219630.99,218751.05
19,23,1429569,1795945,792366,421100,45,218751.05,34,1,222980.62,221352.23,223312.13,218729.73,231101.87
19,24,1457856,1986179,737161,459607,41,231101.87,34,1,218751.05,222980.62,221352.23,223312.13,232843.98
19,25,1460784,2005980,798819,456396,45,232843.98,34,1,231101.87,218751.05,222980.62,221352.23,223854.48
19,26,1335762,2022368,721773,453030,41,223854.48,34,1,232843.98,231101.87,218751.05,222980.62,215109.2
19,27,1313330,1824804,742811,459926,41,215109.2,34,1,223854.48,232843.98,231101.87,218751.05,211943.32
19,28,1321452,1817749,807230,410511,41,211943.32,34,1,215109.2,223854.48,232843.98,231101.87,225715.09
19,29,1422915,1999157,792074,408964,41,225715.09,34,1,211943.32,215109.2,223854.48,232843.98,228729.79
19,30,1451894,2014383,800712,412927,44,228729.79,34,1,225715.09,211943.32,215109.2,223854.48,
20,1,1726500,1877511,1111053,691291,20,271011.07,34,1,,,,,256060.02
20,2,1581031,1873163,1111527,631994,19,256060.02,34,1,271011.07,,,,256591.18
20,3,1740512,1691267,1019375,624369,21,256591.18,34,1,256060.02,271011.07,,,258816.47
20,4,1573221,1854644,1013532,694620,19,258816.47,34,1,256591.18,256060.02,271011.07,,254414.66
20,5,1587826,1851320,1109571,619346,20,254414.66,34,1,258816.47,256591.18,256060.02,271011.07,266191.23
20,6,1755365,1728568,1096212,688848,19,266191.23,34,1,254414.66,258816.47,256591.18,256060.02,259590.29
20,7,1576664,1871398,1009591,693678,19,259590.29,34,1,266191.23,254414.66,258816.47,256591.18,247447.72
20,8,1574902,1723446,1025772,625935,19,247447.72,34,1,259590.29,266191.23,254414.66,258816.47,255438.25
20,9,1591078,1878845,1015348,632777,19,255438.25,34,1,247447.72,259590.29,266191.23,254414.66,270948.46
20,10,1753955,1864535,1095708,679677,19,270948.46,34,1,255438.25,247447.72,259590.29,266191.23,259014.44
20,11,1565156,1844239,1109653,689913,19,259014.44,34,1,270948.46,255438.25,247447.72,259590.29,252820.78
20,12,1558800,1701534,1103253,693120,19,252820.78,34,1,259014.44,270948.46,255438.25,247447.72,252486.0
20,13,1583416,1689879,1013148,693543,19,252486.0,34,1,252820.78,259014.44,270948.46,255438.25,247808.06
20,14,1557245,1713281,1103361,633187,21,247808.06,34,1,252486.0,252820.78,259014.44,270948.46,268051.16
20,15,1740353,1844740,1029864,678503,21,268051.16,34,1,247808.06,252486.0,252820.78,259014.44,249094.82
20,16,1589315,1705335,1108549,627145,19,249094.82,34,1,268051.16,247808.06,252486.0,252820.78,248036.15
20,17,1605841,1703216,1008910,622671,21,248036.15,34,1,249094.82,268051.16,247808.06,252486.0,253510.69
20,18,1587401,1865482,1000154,623009,20,253510.69,34,1,248036.15,249094.82,268051.16,247808.06,256712.71
20,19,1730820,1685570,1009781,637075,19,256712.71,34,1,253510.69,248036.15,249094.82,268051.16,268644.18
20,20,1711311,1888377,1012814,688833,21,268644.18,34,1,256712.71,253510.69,248036.15,249094.82,252887.31
20,21,1583927,1699385,1029109,690307,21,252887.31,34,1,268644.18,256712.71,253510.69,248036.15,268093.44
20,22,1743699,1837378,1027211,680463,21,268093.44,34,1,252887.31,268644.18,256712.71,253510.69,266517.36
20,23,1754576,1843948,1121572,634925,19,266517.36,34,1,268093.44,252887.31,268644.18,256712.71,249415.0
20,24,1588242,1723178,1126529,619918,19,249415.0,34,1,266517.36,268093.44,252887.31,268644.18,254714.39
20,25,1584034,1878526,1014194,630169,21,254714.39,34,1,249415.0,266517.36,268093.44,252887.31,260650.7
20,26,1727390,1684411,1030171,680024,21,260650.7,34,1,254714.39,249415.0,266517.36,268093.44,248899.87
20,27,1575001,1721569,1105430,628315,19,248899.87,34,1,260650.7,254714.39,249415.0,266517.36,248307.14
20,28,1560916,1729149,1120687,625570,20,248307.14,34,1,248899.87,260650.7,254714.39,249415.0,249259.56
20,29,1597023,1699196,1097883,628219,21,249259.56,34,1,248307.14,248899.87,260650.7,254714.39,259736.48
20,30,1603261,1869806,1000043,678661,19,259736.48,34,1,249259.56,248307.14,248899.87,260650.7,
21,1,1686069,1448526,985624,741832,20,252952.94,34,1,,,,,251716.46
21,2,1507938,1550228,1004257,805612,21,251716.46,34,1,252952.94,,,,253376.26
21,3,1529185,1544542,1000647,812039,21,253376.26,34,1,251716.46,252952.94,,,251161.84
21,4,1651687,1445770,990447,747078,23,251161.84,34,1,253376.26,251716.46,252952.94,,257584.04
21,5,1670948,1558978,1089163,733977,21,257584.04,34,1,251161.84,253376.26,251716.46,252952.94,245057.62
21,6,1539731,1452399,1095322,737671,22,245057.62,34,1,257584.04,251161.84,253376.26,251716.46,252953.76
21,7,1671054,1433640,1088087,740854,21,252953.76,34,1,245057.62,257584.04,251161.84,253376.26,258775.33
21,8,1687210,1438184,990890,809407,20,258775.33,34,1,252953.76,245057.62,257584.04,251161.84,258867.41
21,9,1674667,1556108,1085366,747557,21,258867.41,34,1,258775.33,252953.76,245057.62,257584.04,259075.65
21,10,1659744,1447650,1097132,808722,21,259075.65,34,1,258867.41,258775.33,252953.76,245057.62,240473.9
21,11,1512013,1441300,977992,733303,20,240473.9,34,1,259075.65,258867.41,258775.33,252953.76,254901.24
21,12,1647316,1423051,990717,802167,22,254901.24,34,1,240473.9,259075.65,258867.41,258775.33,250637.99
21,13,1538948,1440324,1079862,808528,21,250637.99,34,1,254901.24,240473.9,259075.65,258867.41,250843.08
21,14,1540779,1574377,1083967,746600,20,250843.08,34,1,250637.99,254901.24,240473.9,259075.65,257951.43
21,15,1644248,1587637,1078150,745963,22,257951.43,34,1,250843.08,250637.99,254901.24,240473.9,254806.86
21,16,1683826,1449359,1074010,747503,20,254806.86,34,1,257951.43,250843.08,250637.99,254901.24,245653.5
21,17,1504322,1418307,1003398,802290,21,245653.5,34,1,254806.86,257951.43,250843.08,250637.99,248351.89
21,18,1509634,1573824,1068233,744484,22,248351.89,34,1,245653.5,254806.86,257951.43,250843.08,258833.59
21,19,1666676,1410774,1094057,818711,20,258833.59,34,1,248351.89,245653.5,254806.86,257951.43,257304.73
21,20,1677914,1425356,974293,808751,22,257304.73,34,1,258833.59,248351.89,245653.5,254806.86,255587.16
21,21,1644138,1416169,982236,816793,22,255587.16,34,1,257304.73,258833.59,248351.89,245653.5,256222.3
21,22,1664054,1422562,985624,805940,22,256222.3,34,1,255587.16,257304.73,258833.59,248351.89,256858.01
21,23,1648696,1428294,996511,819386,22,256858.01,34,1,256222.3,255587.16,257304.73,258833.59,250781.25
21,24,1526261,1439184,1088561,818178,21,250781.25,34,1,256858.01,256222.3,255587.16,257304.73,259404.31
21,25,1670363,1421637,1087784,818496,21,259404.31,34,1,250781.25,256858.01,256222.3,255587.16,254390.14
21,26,1520490,1586704,989608,811998,22,254390.14,34,1,259404.31,250781.25,256858.01,256222.3,253829.97
21,27,1527218,1553550,1088196,798350,20,253829.97,34,1,254390.14,259404.31,250781.25,256858.01,250110.01
21,28,1534599,1414950,1080765,817398,20,250110.01,34,1,253829.97,254390.14,259404.31,250781.25,244990.48
21,29,1502457,1550073,998007,736181,22,244990.48,34,1,250110.01,253829.97,254390.14,259404.31,256863.24
21,30,1676146,1551294,978997,745894,20,256863.24,34,1,244990.48,250110.01,253829.97,254390.14,
22,1,1796724,2267955,719782,622396,11,279238.42,34,1,,,,,281735.72
22,2,1813631,2283316,730062,628942,10,281735.72,34,1,279238.42,,,,269991.99
22,3,1669669,2246760,718314,621281,11,269991.99,34,1,281735.72,279238.42,,,281648.73
22,4,1821668,2294307,726769,617705,11,281648.73,34,1,269991.99,281735.72,279238.42,,269754.63
22,5,1675727,2077161,792251,679433,11,269754.63,34,1,281648.73,269991.99,281735.72,279238.42,277254.51
22,6,1807549,2062530,789731,675089,11,277254.51,34,1,269754.63,281648.73,269991.99,281735.72,281616.17
22,7,1816784,2304339,729273,615749,10,281616.17,34,1,277254.51,269754.63,281648.73,269991.99,277080.19
22,8,1651560,2296298,799194,675187,11,277080.19,34,1,281616.17,277254.51,269754.63,281648.73,271006.27
22,9,1809434,2053787,712684,622549,11,271006.27,34,1,277080.19,281616.17,277254.51,269754.63,268734.31
22,10,1643323,2277430,714379,612772,11,268734.31,34,1,271006.27,277080.19,281616.17,277254.51,274780.1
22,11,1650042,2251345,728492,684501,10,274780.1,34,1,268734.31,271006.27,277080.19,281616.17,263682.12
22,12,1640492,2106279,784898,625268,10,263682.12,34,1,274780.1,268734.31,271006.27,277080.19,276108.62
22,13,1810117,2063214,721720,672618,11,276108.62,34,1,263682.12,274780.1,268734.31,271006.27,276119.52
22,14,1644502,2299853,783006,670912,10,276119.52,34,1,276108.62,263682.12,274780.1,268734.31,259968.71
22,15,1646009,2054392,728256,614504,10,259968.71,34,1,276119.52,276108.62,263682.12,274780.1,276432.78
22,16,1667506,2247349,787065,681448,11,276432.78,34,1,259968.71,276119.52,276108.62,263682.12,288322.12
22,17,1832359,2281731,786951,678877,11,288322.12,34,1,276432.78,259968.71,276119.52,276108.62,277618.51
22,18,1838710,2060298,721033,670286,11,277618.51,34,1,288322.12,276432.78,259968.71,276119.52,280229.57
22,19,1809076,2268007,709252,626405,10,280229.57,34,1,277618.51,288322.12,276432.78,259968.71,264152.67
22,20,1690262,2091456,715304,614271,10,264152.67,34,1,280229.57,277618.51,288322.12,276432.78,266814.94
22,21,1653765,2075943,709574,678259,10,266814.94,34,1,264152.67,280229.57,277618.51,288322.12,269400.7
22,22,1648886,2108992,777431,682747,11,269400.7,34,1,266814.94,264152.67,280229.57,277618.51,275750.55
22,23,1655750,2297104,713938,672601,10,275750.55,34,1,269400.7,266814.94,264152.67,280229.57,272688.26
22,24,1797022,2095735,717656,629771,10,272688.26,34,1,275750.55,269400.7,266814.94,264152.67,287432.88
22,25,1830338,2283314,720085,681926,10,287432.88,34,1,272688.26,275750.55,269400.7,266814.94,279901.75
22,26,1813171,2248501,782921,615438,11,279901.75,34,1,287432.88,272688.26,275750.55,269400.7,268146.69
22,27,1671951,2075910,716415,678723,10,268146.69,34,1,279901.75,287432.88,272688.26,275750.55,287939.77
22,28,1830331,2278378,726836,688609,10,287939.77,34,1,268146.69,279901.75,287432.88,272688.26,272334.54
22,29,1667581,2297856,721549,624482,11,272334.54,34,1,287939.77,268146.69,279901.75,287432.88,275297.78
22,30,1808027,2045302,721498,673474,10,275297.78,34,1,272334.54,287939.77,268146.69,279901.75,
23,1,1308975,2195823,765050,611864,30,244403.77,34,1,,,,,241379.27
23,2,1188820,2160524,837692,667809,30,241379.27,34,1,244403.77,,,,235688.11
23,3,1166953,2180607,831788,612187,30,235688.11,34,1,241379.27,244403.77,,,238311.82
23,4,1281407,1985665,759232,662606,30,238311.82,34,1,235688.11,241379.27,244403.77,,238063.04
23,5,1280777,1963234,769995,668736,30,238063.04,34,1,238311.82,235688.11,241379.27,244403.77,242649.25
23,6,1301671,2173053,766431,607958,33,242649.25,34,1,238063.04,238311.82,235688.11,241379.27,232446.43
23,7,1188979,1984286,758488,664773,32,232446.43,34,1,242649.25,238063.04,238311.82,235688.11,240536.85
23,8,1184520,2188250,755529,663680,33,240536.85,34,1,232446.43,242649.25,238063.04,238311.82,241644.98
23,9,1298419,2155212,772041,606407,33,241644.98,34,1,240536.85,232446.43,242649.25,238063.04,234378.84
23,10,1306506,1959183,756925,613649,32,234378.84,34,1,241644.98,240536.85,232446.43,242649.25,235320.13
23,11,1284900,2006626,847077,601190,32,235320.13,34,1,234378.84,241644.98,240536.85,232446.43,235731.86
23,12,1182534,2197114,757966,607280,29,235731.86,34,1,235320.13,234378.84,241644.98,240536.85,243768.61
23,13,1197272,2183063,845319,676386,33,243768.61,34,1,235731.86,235320.13,234378.84,241644.98,234950.68
23,14,1200345,1992427,846703,664520,30,234950.68,34,1,243768.61,235731.86,235320.13,234378.84,227696.4
23,15,1190774,1998012,773139,601778,33,227696.4,34,1,234950.68,243768.61,235731.86,235320.13,242017.77
23,16,1290938,2146059,837345,608260,30,242017.77,34,1,227696.4,234950.68,243768.61,235731.86,234674.46
23,17,1184703,2163840,773226,606633,33,234674.46,34,1,242017.77,227696.4,234950.68,243768.61,235055.14
23,18,1167696,2159850,838898,612960,30,235055.14,34,1,234674.46,242017.77,227696.4,234950.68,245342.76
23,19,1282356,2144213,753100,667510,30,245342.76,34,1,235055.14,234674.46,242017.77,227696.4,250528.58
23,20,1308154,2193818,832710,668960,33,250528.58,34,1,245342.76,235055.14,234674.46,242017.77,226788.82
23,21,1170349,1977698,838091,603975,30,226788.82,34,1,250528.58,245342.76,235055.14,234674.46,232503.43
23,22,1197022,1961551,752445,671263,33,232503.43,34,1,226788.82,250528.58,245342.76,235055.14,241235.18
23,23,1304047,1983317,830323,666878,30,241235.18,34,1,232503.43,226788.82,250528.58,245342.76,244219.12
23,24,1306546,2187940,845188,600604,33,244219.12,34,1,241235.18,232503.43,226788.82,250528.58,231785.3
23,25,1185553,1984156,754020,660782,30,231785.3,34,1,244219.12,241235.18,232503.43,226788.82,243220.91
23,26,1298766,2154161,837438,612198,33,243220.91,34,1,231785.3,244219.12,241235.18,232503.43,240996.17
23,27,1278755,2155631,840744,600632,30,240996.17,34,1,243220.91,231785.3,244219.12,241235.18,241049.79
23,28,1301161,2015088,774448,662351,33,241049.79,34,1,240996.17,243220.91,231785.3,244219.12,250153.9
23,29,1308943,2167782,841630,674681,33,250153.9,34,1,241049.79,240996.17,243220.91,231785.3,234859.11
23,30,1294658,2015132,763158,600422,30,234859.11,34,1,250153.9,241049.79,240996.17,243220.91,
24,1,2075068,1594952,696645,227167,29,233124.66,34,1,,,,,223778.82
24,2,1899541,1601300,697973,246512,29,223778.82,34,1,233124.66,,,,220188.43
24,3,1860812,1607512,714075,228726,26,220188.43,34,1,223778.82,233124.66,,,217046.99
24,4,1842042,1593363,651620,225327,26,217046.99,34,1,220188.43,223778.82,233124.66,,223469.29
24,5,1889578,1598139,702235,250929,29,223469.29,34,1,217046.99,220188.43,223778.82,233124.66,225581.81
24,6,1860508,1726594,638032,247407,29,225581.81,34,1,223469.29,217046.99,220188.43,223778.82,231576.9
24,7,2064630,1572139,707411,226122,27,231576.9,34,1,225581.81,223469.29,217046.99,220188.43,236963.32
24,8,2045289,1753182,640470,228032,27,236963.32,34,1,231576.9,225581.81,223469.29,217046.99,221272.61
24,9,1879654,1583256,648677,250369,27,221272.61,34,1,236963.32,231576.9,225581.81,223469.29,241461.02
24,10,2073376,1745314,710930,248517,29,241461.02,34,1,221272.61,236963.32,231576.9,225581.81,227337.79
24,11,1876147,1759093,700497,229190,26,227337.79,34,1,241461.02,221272.61,236963.32,231576.9,231882.28
24,12,2043567,1605261,700873,230487,26,231882.28,34,1,227337.79,241461.02,221272.61,236963.32,232229.23
24,13,2041892,1573607,711850,248206,29,232229.23,34,1,231882.28,227337.79,241461.02,221272.61,240912.89
24,14,2049909,1761273,710974,251903,27,240912.89,34,1,232229.23,231882.28,227337.79,241461.02,224492.45
24,15,1865149,1739911,635300,226321,26,224492.45,34,1,240912.89,232229.23,231882.28,227337.79,238623.34
24,16,2046694,1748122,646899,246604,26,238623.34,34,1,224492.45,240912.89,232229.23,231882.28,219527.91
24,17,1884389,1577372,652789,229595,29,219527.91,34,1,238623.34,224492.45,240912.89,232229.23,221287.82
24,18,1868657,1584155,710717,246713,29,221287.82,34,1,219527.91,238623.34,224492.45,240912.89,224343.3
24,19,1877607,1711742,641880,227567,29,224343.3,34,1,221287.82,219527.91,238623.34,224492.45,238723.11
24,20,2047311,1744298,637656,250723,27,238723.11,34,1,224343.3,221287.82,219527.91,238623.34,219999.54
24,21,1887033,1585655,640812,231268,29,219999.54,34,1,238723.11,224343.3,221287.82,219527.91,222971.38
24,22,1881796,1601956,706870,248387,29,222971.38,34,1,219999.54,238723.11,224343.3,221287.82,225861.42
24,23,1866166,1746534,704029,225167,29,225861.42,34,1,222971.38,219999.54,238723.11,224343.3,239142.55
24,24,2048518,1754002,643271,248986,26,239142.55,34,1,225861.42,222971.38,219999.54,238723.11,233296.25
24,25,2069033,1584513,642771,248071,26,233296.25,34,1,239142.55,225861.42,222971.38,219999.54,235435.51
24,26,2067625,1610715,708974,248586,29,235435.51,34,1,233296.25,239142.55,225861.42,222971.38,219535.69
24,27,1857376,1603876,713478,225752,26,219535.69,34,1,235435.51,233296.25,239142.55,225861.42,219448.3
24,28,1877954,1570443,707686,226542,29,219448.3,34,1,219535.69,235435.51,233296.25,239142.55,230825.39
24,29,2043906,1567945,643401,246297,27,230825.39,34,1,219448.3,219535.69,235435.51,233296.25,227423.95
24,30,1876871,1731525,647850,252001,26,227423.95,34,1,230825.39,219448.3,219535.69,235435.51,
25,1,1192203,1299039,800049,789566,35,215947.2,34,1,,,,,225628.18
25,2,1211194,1296616,883503,869173,35,225628.18,34,1,215947.2,,,,216447.81
25,3,1092994,1297085,807478,865975,35,216447.81,34,1,225628.18,215947.2,,,224697.61
25,4,1193408,1310745,794293,881351,35,224697.61,34,1,216447.81,225628.18,215947.2,,224207.91
25,5,1108304,1429831,787534,883115,39,224207.91,34,1,224697.61,216447.81,225628.18,215947.2,216911.3
25,6,1106433,1277522,801950,871531,35,216911.3,34,1,224207.91,224697.61,216447.81,225628.18,219496.28
25,7,1207341,1311263,805117,811445,38,219496.28,34,1,216911.3,224207.91,224697.61,216447.81,216135.01
25,8,1080571,1410934,880179,805405,38,216135.01,34,1,219496.28,216911.3,224207.91,224697.61,221736.88
25,9,1180667,1421366,866191,793291,38,221736.88,34,1,216135.01,219496.28,216911.3,224207.91,209780.58
25,10,1082725,1280762,808319,806836,38,209780.58,34,1,221736.88,216135.01,219496.28,216911.3,229378.01
25,11,1186616,1404506,884181,878283,35,229378.01,34,1,209780.58,221736.88,216135.01,219496.28,219632.29
25,12,1096524,1301930,883865,882578,35,219632.29,34,1,229378.01,209780.58,221736.88,216135.01,217995.36
25,13,1202674,1301455,798474,803914,38,217995.36,34,1,219632.29,229378.01,209780.58,221736.88,216341.17
25,14,1198707,1283638,794363,797430,39,216341.17,34,1,217995.36,219632.29,229378.01,209780.58,215237.07
25,15,1111328,1405266,795743,791365,35,215237.07,34,1,216341.17,217995.36,219632.29,229378.01,219796.89
25,16,1093526,1305316,883664,885025,35,219796.89,34,1,215237.07,216341.17,217995.36,219632.29,219455.58
25,17,1084278,1315700,861431,887123,38,219455.58,34,1,219796.89,215237.07,216341.17,217995.36,215401.85
25,18,1085881,1418380,861491,793414,38,215401.85,34,1,219455.58,219796.89,215237.07,216341.17,224397.87
25,19,1205482,1432468,875523,798114,38,224397.87,34,1,215401.85,219455.58,219796.89,215237.07,217272.43
25,20,1197813,1289117,810246,802969,35,217272.43,34,1,224397.87,215401.85,219455.58,219796.89,217011.62
25,21,1188111,1285092,806417,809614,35,217011.62,34,1,217272.43,224397.87,215401.85,219455.58,225154.51
25,22,1213250,1283001,867610,871646,39,225154.51,34,1,217011.62,217272.43,224397.87,215401.85,217975.0
25,23,1190693,1314272,861068,794948,38,217975.0,34,1,225154.51,217011.62,217272.43,224397.87,216055.16
25,24,1079839,1411022,883289,804442,35,216055.16,34,1,217975.0,225154.51,217011.62,217272.43,215213.41
25,25,1081065,1423738,885378,787952,35,215213.41,34,1,216055.16,217975.0,225154.51,217011.62,218149.75
25,26,1213925,1315354,801538,790538,38,218149.75,34,1,215213.41,216055.16,217975.0,225154.51,224283.78
25,27,1098475,1438551,799722,884757,39,224283.78,34,1,218149.75,215213.41,216055.16,217975.0,218277.16
25,28,1080925,1287844,875933,886735,38,218277.16,34,1,224283.78,218149.75,215213.41,216055.16,227568.26
25,29,1214078,1313842,883369,880652,35,227568.26,34,1,218277.16,224283.78,218149.75,215213.41,214362.98
25,30,1083641,1425813,789563,793175,35,214362.98,34,1,227568.26,218277.16,224283.78,218149.75,
26,1,1204838,2283956,1025054,264559,40,214292.1,34,1,,,,,209647.28
26,2,1188310,2247656,1006666,245108,44,209647.28,34,1,214292.1,,,,198995.3
26,3,1089733,2062490,1099206,266811,43,198995.3,34,1,209647.28,214292.1,,,211213.94
26,4,1201858,2268855,1024130,239732,44,211213.94,34,1,198995.3,209647.28,214292.1,,197276.9
26,5,1083780,2036090,1107279,262800,44,197276.9,34,1,211213.94,198995.3,209647.28,214292.1,215325.69
26,6,1221714,2255731,1093146,264561,40,215325.69,34,1,197276.9,211213.94,198995.3,209647.28,200778.15
26,7,1116984,2070264,1100258,263198,43,200778.15,34,1,215325.69,197276.9,211213.94,198995.3,212100.3
26,8,1192775,2262272,1105989,244218,44,212100.3,34,1,200778.15,215325.69,197276.9,211213.94,205092.14
26,9,1202277,2069120,1020047,264885,40,205092.14,34,1,212100.3,200778.15,215325.69,197276.9,203432.57
26,10,1194023,2093063,1001500,244698,40,203432.57,34,1,205092.14,212100.3,200778.15,215325.69,195881.84
26,11,1095434,2075060,1002559,239984,41,195881.84,34,1,203432.57,205092.14,212100.3,200778.15,208888.38
26,12,1100525,2279372,1117422,264897,44,208888.38,34,1,195881.84,203432.57,205092.14,212100.3,206327.56
26,13,1088452,2284986,1105895,244678,44,206327.56,34,1,208888.38,195881.84,203432.57,205092.14,202942.96
26,14,1199394,2080227,1008556,240067,44,202942.96,34,1,206327.56,208888.38,195881.84,203432.57,205886.44
26,15,1116276,2232158,1006990,262307,43,205886.44,34,1,202942.96,206327.56,208888.38,195881.84,199202.16
26,16,1091686,2064002,1104446,266049,40,199202.16,34,1,205886.44,202942.96,206327.56,208888.38,207708.99
26,17,1211892,2085277,1112588,262632,40,207708.99,34,1,199202.16,205886.44,202942.96,206327.56,203780.4
26,18,1193988,2073778,1099479,239660,39,203780.4,34,1,207708.99,199202.16,205886.44,202942.96,203531.82
26,19,1191838,2051260,1011126,264993,39,203531.82,34,1,203780.4,207708.99,199202.16,205886.44,203209.64
26,20,1209656,2076152,997324,239590,40,203209.64,34,1,203531.82,203780.4,207708.99,199202.16,212742.51
26,21,1220685,2232284,1009549,262765,40,212742.51,34,1,203209.64,203531.82,203780.4,207708.99,202436.75
26,22,1087781,2230971,1025348,241740,43,202436.75,34,1,212742.51,203209.64,203531.82,203780.4,204374.51
26,23,1206156,2059053,1100702,244098,44,204374.51,34,1,202436.75,212742.51,203209.64,203531.82,197072.25
26,24,1096888,2088492,1005008,245462,44,197072.25,34,1,204374.51,202436.75,212742.51,203209.64,199940.44
26,25,1116925,2079799,1011512,265708,44,199940.44,34,1,197072.25,204374.51,202436.75,212742.51,204659.81
26,26,1108628,2247802,1026852,243329,44,204659.81,34,1,199940.44,197072.25,204374.51,202436.75,205442.79
26,27,1205758,2090057,1104589,241156,39,205442.79,34,1,204659.81,199940.44,197072.25,204374.51,213758.78
26,28,1199654,2287732,998377,265484,40,213758.78,34,1,205442.79,204659.81,199940.44,197072.25,204432.1
26,29,1084028,2253088,1121040,238872,39,204432.1,34,1,213758.78,205442.79,204659.81,199940.44,204791.09
26,30,1095548,2279205,1001852,244188,43,204791.09,34,1,204432.1,213758.78,205442.79,204659.81,
27,1,1311859,1749848,659494,347448,33,200365.95,34,1,,,,,208164.92
27,2,1416577,1739763,732850,349964,32,208164.92,34,1,200365.95,,,,199112.7
27,3,1296614,1748349,652876,346414,30,199112.7,34,1,208164.92,200365.95,,,207956.53
27,4,1439646,1716077,714933,345318,32,207956.53,34,1,199112.7,208164.92,200365.95,,216680.88
27,5,1443144,1923566,663213,352790,33,216680.88,34,1,207956.53,199112.7,208164.92,200365.95,212463.4
27,6,1414573,1922955,731871,314333,29,212463.4,34,1,216680.88,207956.53,199112.7,208164.92,197984.54
27,7,1310489,1736207,733843,314798,32,197984.54,34,1,212463.4,216680.88,207956.53,199112.7,216708.52
27,8,1435069,1915771,726269,351023,30,216708.52,34,1,197984.54,212463.4,216680.88,207956.53,205940.47
27,9,1416168,1723630,659437,346456,30,205940.47,34,1,216708.52,197984.54,212463.4,216680.88,207725.59
27,10,1304427,1911094,726349,347469,30,207725.59,34,1,205940.47,216708.52,197984.54,212463.4,198248.23
27,11,1288904,1735500,655038,347928,33,198248.23,34,1,207725.59,205940.47,216708.52,197984.54,214677.52
27,12,1414873,1924637,658052,351340,33,214677.52,34,1,198248.23,207725.59,205940.47,216708.52,214904.25
27,13,1430411,1887935,732384,346149,33,214904.25,34,1,214677.52,198248.23,207725.59,205940.47,197604.19
27,14,1317965,1739814,652057,318444,32,197604.19,34,1,214904.25,214677.52,198248.23,207725.59,202696.04
27,15,1304362,1884550,651877,317626,30,202696.04,34,1,197604.19,214904.25,214677.52,198248.23,206773.47
27,16,1439832,1752893,670325,323136,29,206773.47,34,1,202696.04,197604.19,214904.25,214677.52,197942.14
27,17,1289195,1733489,653074,345615,33,197942.14,34,1,206773.47,202696.04,197604.19,214904.25,208014.46
27,18,1323309,1917110,659923,346421,30,208014.46,34,1,197942.14,206773.47,202696.04,197604.19,208898.98
27,19,1444708,1744152,657361,349611,32,208898.98,34,1,208014.46,197942.14,206773.47,202696.04,208436.51
27,20,1309790,1909404,723195,352857,29,208436.51,34,1,208898.98,208014.46,197942.14,206773.47,210514.56
27,21,1423478,1873740,665720,321191,32,210514.56,34,1,208436.51,208898.98,208014.46,197942.14,206248.0
27,22,1300476,1882582,715971,349029,33,206248.0,34,1,210514.56,208436.51,208898.98,208014.46,206566.29
27,23,1446180,1750617,665277,318250,30,206566.29,34,1,206248.0,210514.56,208436.51,208898.98,207895.56
27,24,1433826,1709119,722213,350726,30,207895.56,34,1,206566.29,206248.0,210514.56,208436.51,215673.79
27,25,1442892,1902490,664297,351380,30,215673.79,34,1,207895.56,206566.29,206248.0,210514.56,203001.42
27,26,1286343,1893854,730715,315275,33,203001.42,34,1,215673.79,207895.56,206566.29,206248.0,205026.13
27,27,1427564,1750722,668232,313965,30,205026.13,34,1,203001.42,215673.79,207895.56,206566.29,206470.92
27,28,1309198,1889593,652463,353563,30,206470.92,34,1,205026.13,203001.42,215673.79,207895.56,202961.61
27,29,1408877,1731037,655561,315940,29,202961.61,34,1,206470.92,205026.13,203001.42,215673.79,212152.21
27,30,1411934,1880207,658814,345907,33,212152.21,34,1,202961.61,206470.92,205026.13,203001.42,
28,1,1239400,2013727,839949,640513,18,236095.13,34,1,,,,,239383.68
28,2,1150972,2253092,846801,628328,20,239383.68,34,1,236095.13,,,,240884.42
28,3,1151980,2259324,936543,624999,18,240884.42,34,1,239383.68,236095.13,,,245733.0
28,4,1147626,2268787,858064,691811,18,245733.0,34,1,240884.42,239383.68,236095.13,,251118.1
28,5,1254296,2231426,862378,691386,18,251118.1,34,1,245733.0,240884.42,239383.68,236095.13,238311.52
28,6,1264039,2048135,846792,630183,18,238311.52,34,1,251118.1,245733.0,240884.42,239383.68,236915.82
28,7,1139796,2063554,845074,697171,19,236915.82,34,1,238311.52,251118.1,245733.0,240884.42,238685.58
28,8,1132952,2075639,924202,701689,18,238685.58,34,1,236915.82,238311.52,251118.1,245733.0,249413.9
28,9,1238586,2210222,842008,697323,18,249413.9,34,1,238685.58,236915.82,238311.52,251118.1,244844.73
28,10,1244180,2211309,924416,627110,19,244844.73,34,1,249413.9,238685.58,236915.82,238311.52,238019.62
28,11,1243168,2034467,940987,631112,18,238019.62,34,1,244844.73,249413.9,238685.58,236915.82,239163.61
28,12,1269843,2025744,932785,630163,18,239163.61,34,1,238019.62,244844.73,249413.9,238685.58,243349.47
28,13,1243460,2046497,933539,685783,18,243349.47,34,1,239163.61,238019.62,244844.73,249413.9,245801.78
28,14,1252474,2064403,935734,697796,18,245801.78,34,1,243349.47,239163.61,238019.62,244844.73,245452.84
28,15,1255168,2070677,860607,702776,19,245452.84,34,1,245801.78,243349.47,239163.61,238019.62,245141.43
28,16,1141083,2234919,920353,694296,20,245141.43,34,1,245452.84,245801.78,243349.47,239163.61,245645.22
28,17,1147040,2243950,943675,687163,20,245645.22,34,1,245141.43,245452.84,245801.78,243349.47,245414.56
28,18,1261981,2036707,921101,702175,18,245414.56,34,1,245645.22,245141.43,245452.84,245801.78,246722.6
28,19,1247364,2248291,927894,627866,20,246722.6,34,1,245414.56,245645.22,245141.43,245452.84,247934.02
28,20,1164910,2262839,939143,691771,18,247934.02,34,1,246722.6,245414.56,245645.22,245141.43,235990.55
28,21,1137658,2056979,842094,692039,19,235990.55,34,1,247934.02,246722.6,245414.56,245645.22,243445.5
28,22,1131251,2215979,859912,702355,20,243445.5,34,1,235990.55,247934.02,246722.6,245414.56,254066.82
28,23,1270395,2248457,936204,691159,18,254066.82,34,1,243445.5,235990.55,247934.02,246722.6,237700.54
28,24,1253417,2050873,857633,627796,19,237700.54,34,1,254066.82,243445.5,235990.55,247934.02,241728.07
28,25,1164502,2259288,939426,624842,20,241728.07,34,1,237700.54,254066.82,243445.5,235990.55,251285.92
28,26,1244729,2232123,934916,686577,18,251285.92,34,1,241728.07,237700.54,254066.82,243445.5,243850.37
28,27,1237928,2216556,846981,632260,20,243850.37,34,1,251285.92,241728.07,237700.54,254066.82,246097.68
28,28,1247649,2238320,929268,625106,18,246097.68,34,1,243850.37,251285.92,241728.07,237700.54,236611.56
28,29,1142942,2015460,922368,699741,18,236611.56,34,1,246097.68,243850.37,251285.92,241728.07,242516.23
28,30,1142057,2218802,845425,685619,18,242516.23,34,1,236611.56,246097.68,243850.37,251285.92,
29,1,1322273,1393207,840974,908869,18,239744.97,34,1,,,,,231024.52
29,2,1308658,1261887,755994,898325,16,231024.52,34,1,239744.97,,,,239990.65
29,3,1317097,1389379,844155,916508,18,239990.65,34,1,231024.52,239744.97,,,230932.78
29,4,1207311,1381582,828842,901385,18,230932.78,34,1,239990.65,231024.52,239744.97,,226272.89
29,5,1213484,1273833,840391,893121,16,226272.89,34,1,230932.78,239990.65,231024.52,239744.97,228636.1
29,6,1332465,1265385,834938,838715,18,228636.1,34,1,226272.89,230932.78,239990.65,231024.52,226120.36
29,7,1211321,1261560,773109,910937,17,226120.36,34,1,228636.1,226272.89,230932.78,239990.65,227068.07
29,8,1327190,1263925,842535,824414,16,227068.07,34,1,226120.36,228636.1,226272.89,230932.78,220351.85
29,9,1225351,1255155,845853,826599,16,220351.85,34,1,227068.07,226120.36,228636.1,226272.89,222556.49
29,10,1209050,1386869,776664,814319,16,222556.49,34,1,220351.85,227068.07,226120.36,228636.1,234159.22
29,11,1317532,1281428,761514,916640,17,234159.22,34,1,222556.49,220351.85,227068.07,226120.36,230882.39
29,12,1219328,1390806,766782,899229,16,230882.39,34,1,234159.22,222556.49,220351.85,227068.07,230092.2
29,13,1202302,1398707,755641,901073,16,230092.2,34,1,230882.39,234159.22,222556.49,220351.85,239077.05
29,14,1330800,1398047,760340,907792,16,239077.05,34,1,230092.2,230882.39,234159.22,222556.49,227221.37
29,15,1307969,1281076,844905,831544,18,227221.37,34,1,239077.05,230092.2,230882.39,234159.22,218929.05
29,16,1208635,1277004,774298,825753,16,218929.05,34,1,227221.37,239077.05,230092.2,230882.39,226888.26
29,17,1211279,1289770,833489,895400,16,226888.26,34,1,218929.05,227221.37,239077.05,230092.2,232078.65
29,18,1226206,1373439,826026,904798,18,232078.65,34,1,226888.26,218929.05,227221.37,239077.05,227274.56
29,19,1338255,1276976,768282,826234,18,227274.56,34,1,232078.65,226888.26,218929.05,227221.37,229759.04
29,20,1313533,1384583,761642,822882,18,229759.04,34,1,227274.56,232078.65,226888.26,218929.05,239403.48
29,21,1318370,1405408,838180,902744,16,239403.48,34,1,229759.04,227274.56,232078.65,226888.26,221829.96
29,22,1218187,1284689,829713,837390,16,221829.96,34,1,239403.48,229759.04,227274.56,232078.65,239929.03
29,23,1319129,1410517,775111,917152,18,239929.03,34,1,221829.96,239403.48,229759.04,227274.56,232232.46
29,24,1220404,1403071,830777,896072,18,232232.46,34,1,239929.03,221829.96,239403.48,229759.04,225563.42
29,25,1311904,1264993,844751,817815,18,225563.42,34,1,232232.46,239929.03,221829.96,239403.48,218786.79
29,26,1204728,1267349,767186,832753,18,218786.79,34,1,225563.42,232232.46,239929.03,221829.96,233516.49
29,27,1206352,1402690,846232,917769,18,233516.49,34,1,218786.79,225563.42,232232.46,239929.03,237687.41
29,28,1315021,1402847,755472,902384,18,237687.41,34,1,233516.49,218786.79,225563.42,232232.46,225865.01
29,29,1336375,1253106,754173,825595,16,225865.01,34,1,237687.41,233516.49,218786.79,225563.42,225369.04
29,30,1306230,1262120,760323,836460,18,225369.04,34,1,225865.01,237687.41,233516.49,218786.79,
30,1,1562954,2108883,880642,791155,47,275303.82,34,1,,,,,271897.83
30,2,1571617,2152802,893928,724376,51,271897.83,34,1,275303.82,,,,284559.1
30,3,1706830,2101595,895172,791100,47,284559.1,34,1,271897.83,275303.82,,,276423.81
30,4,1715268,1939425,881955,772411,46,276423.81,34,1,284559.1,271897.83,275303.82,,271733.9
30,5,1718286,1932226,884895,721038,47,271733.9,34,1,276423.81,284559.1,271897.83,275303.82,274873.7
30,6,1689179,1930274,869545,780477,47,274873.7,34,1,271733.9,276423.81,284559.1,271897.83,270136.27
30,7,1697978,1940262,883850,714378,52,270136.27,34,1,274873.7,271733.9,276423.81,284559.1,278487.32
30,8,1700020,1977806,883601,788159,47,278487.32,34,1,270136.27,274873.7,271733.9,276423.81,269871.2
30,9,1552211,2109247,973638,721511,51,269871.2,34,1,278487.32,270136.27,274873.7,271733.9,275774.05
30,10,1575316,2104818,972984,772535,47,275774.05,34,1,269871.2,278487.32,270136.27,274873.7,283930.08
30,11,1694386,2120768,882647,786461,50,283930.08,34,1,275774.05,269871.2,278487.32,270136.27,270449.31
30,12,1570156,2143816,885586,715049,52,270449.31,34,1,283930.08,275774.05,269871.2,278487.32,264610.03
30,13,1539712,1927610,887540,772048,51,264610.03,34,1,270449.31,283930.08,275774.05,269871.2,286077.39
30,14,1706000,2139676,967747,777650,47,286077.39,34,1,264610.03,270449.31,283930.08,275774.05,261745.4
30,15,1538925,1969587,963073,707621,52,261745.4,34,1,286077.39,264610.03,270449.31,283930.08,266677.1
30,16,1539336,1948318,951456,773995,46,266677.1,34,1,261745.4,286077.39,264610.03,270449.31,271019.77
30,17,1701902,1923798,978201,711788,51,271019.77,34,1,266677.1,261745.4,286077.39,264610.03,277307.43
30,18,1694786,1922643,971236,788433,47,277307.43,34,1,271019.77,266677.1,261745.4,286077.39,284702.83
30,19,1696409,2124967,882988,791571,47,284702.83,34,1,277307.43,271019.77,266677.1,261745.4,270511.86
30,20,1576656,2122921,887278,720456,46,270511.86,34,1,284702.83,277307.43,271019.77,266677.1,286219.7
30,21,1684309,2156865,974377,785638,50,286219.7,34,1,270511.86,284702.83,277307.43,271019.77,286670.35
30,22,1721879,2129855,956615,779395,46,286670.35,34,1,286219.7,270511.86,284702.83,277307.43,276992.6
30,23,1571504,2141222,875261,789726,47,276992.6,34,1,286670.35,286219.7,270511.86,284702.83,268291.9
30,24,1559248,1971050,895119,777320,47,268291.9,34,1,276992.6,286670.35,286219.7,270511.86,273676.53
30,25,1712345,1970188,957375,716034,51,273676.53,34,1,268291.9,276992.6,286670.35,286219.7,280011.01
30,26,1695319,2129990,971443,721878,46,280011.01,34,1,273676.53,268291.9,276992.6,286670.35,266573.08
30,27,1533924,1947786,963225,774826,51,266573.08,34,1,280011.01,273676.53,268291.9,276992.6,277413.18
30,28,1709754,1924873,975034,777116,51,277413.18,34,1,266573.08,280011.01,273676.53,268291.9,284301.21
30,29,1684527,2126285,951926,782480,47,284301.21,34,1,277413.18,266573.08,280011.01,273676.53,279364.83
30,30,1701251,2114536,952591,721048,47,279364.83,34,1,284301.21,277413.18,266573.08,280011.01,
31,1,1328151,1579581,855171,913207,22,248542.3,34,1,,,,,249338.31
31,2,1468144,1578744,857968,821289,24,249338.31,34,1,248542.3,,,,246873.08
31,3,1324637,1707165,865118,836266,25,246873.08,34,1,249338.31,248542.3,,,263339.8
31,4,1492991,1712691,848432,898334,23,263339.8,34,1,246873.08,249338.31,248542.3,,247649.06
31,5,1457528,1572829,852720,813888,23,247649.06,34,1,263339.8,246873.08,249338.31,248542.3,251997.93
31,6,1486997,1564442,939619,828976,23,251997.93,34,1,247649.06,263339.8,246873.08,249338.31,258578.73
31,7,1482799,1731548,924004,830351,22,258578.73,34,1,251997.93,247649.06,263339.8,246873.08,264533.88
31,8,1486258,1720875,855632,911309,22,264533.88,34,1,258578.73,251997.93,247649.06,263339.8,247826.57
31,9,1353908,1716376,840345,826049,23,247826.57,34,1,264533.88,258578.73,251997.93,247649.06,253077.44
31,10,1341704,1700749,843892,899639,25,253077.44,34,1,247826.57,264533.88,258578.73,251997.93,254965.98
31,11,1460199,1540737,931174,893677,22,254965.98,34,1,253077.44,247826.57,264533.88,258578.73,254697.03
31,12,1336604,1724690,842716,910380,25,254697.03,34,1,254965.98,253077.44,247826.57,264533.88,249218.61
31,13,1453253,1582578,944460,813122,23,249218.61,34,1,254697.03,254965.98,253077.44,247826.57,256025.55
31,14,1455675,1557377,863957,913216,23,256025.55,34,1,249218.61,254697.03,254965.98,253077.44,249740.01
31,15,1350222,1728667,922199,829298,22,249740.01,34,1,256025.55,249218.61,254697.03,254965.98,248002.53
31,16,1471024,1539362,848879,824322,22,248002.53,34,1,249740.01,256025.55,249218.61,254697.03,257852.15
31,17,1491139,1699399,922218,831528,22,257852.15,34,1,248002.53,249740.01,256025.55,249218.61,252588.85
31,18,1473761,1581938,935762,837632,25,252588.85,34,1,257852.15,248002.53,249740.01,256025.55,252246.63
31,19,1331793,1709758,857729,890853,24,252246.63,34,1,252588.85,257852.15,248002.53,249740.01,248672.15
31,20,1342413,1723739,920269,825702,25,248672.15,34,1,252246.63,252588.85,257852.15,248002.53,262195.89
31,21,1464480,1714681,864215,902340,25,262195.89,34,1,248672.15,252246.63,252588.85,257852.15,262810.48
31,22,1462450,1722911,940307,892928,25,262810.48,34,1,262195.89,248672.15,252246.63,252588.85,249404.33
31,23,1460537,1576290,861478,827989,22,249404.33,34,1,262810.48,262195.89,248672.15,252246.63,257499.98
31,24,1473105,1544769,920006,912663,24,257499.98,34,1,249404.33,262810.48,262195.89,248672.15,265328.45
31,25,1479653,1725202,937551,907924,25,265328.45,34,1,257499.98,249404.33,262810.48,262195.89,246309.46
31,26,1340999,1689093,848783,829611,25,246309.46,34,1,265328.45,257499.98,249404.33,262810.48,253143.26
31,27,1343089,1719001,839948,891633,24,253143.26,34,1,246309.46,265328.45,257499.98,249404.33,252397.17
31,28,1333773,1704481,843751,896092,25,252397.17,34,1,253143.26,246309.46,265328.45,257499.98,256721.48
31,29,1343320,1719862,924415,915347,24,256721.48,34,1,252397.17,253143.26,246309.46,265328.45,256218.01
31,30,1463297,1559041,928978,897245,25,256218.01,34,1,256721.48,252397.17,253143.26,246309.46,
32,1,1156324,1447806,697422,631396,46,203890.3,34,1,,,,,206655.81
32,2,1163929,1459293,771719,637720,51,206655.81,34,1,203890.3,,,,210669.19
32,3,1153055,1595605,702473,639473,52,210669.19,34,1,206655.81,203890.3,,,214224.59
32,4,1276673,1590445,717296,589744,46,214224.59,34,1,210669.19,206655.81,203890.3,,208447.19
32,5,1287487,1431665,776489,580720,46,208447.19,34,1,214224.59,210669.19,206655.81,203890.3,205401.23
32,6,1166839,1561790,767516,574977,47,205401.23,34,1,208447.19,214224.59,210669.19,206655.81,213932.68
32,7,1295776,1551923,765512,581844,46,213932.68,34,1,205401.23,208447.19,214224.59,210669.19,205714.37
32,8,1281996,1416710,698720,575473,46,205714.37,34,1,213932.68,205401.23,208447.19,214224.59,219141.35
32,9,1298339,1570458,705827,640046,46,219141.35,34,1,205714.37,213932.68,205401.23,208447.19,203690.36
32,10,1154782,1431754,715873,634358,51,203690.36,34,1,219141.35,205714.37,213932.68,205401.23,210173.51
32,11,1163758,1553077,778132,632208,50,210173.51,34,1,203690.36,219141.35,205714.37,213932.68,217128.36
32,12,1266518,1569352,764765,630364,47,217128.36,34,1,210173.51,203690.36,219141.35,205714.37,210587.53
32,13,1162357,1560627,781612,633677,46,210587.53,34,1,217128.36,210173.51,203690.36,219141.35,206519.43
32,14,1161943,1591730,708151,587833,51,206519.43,34,1,210587.53,217128.36,210173.51,203690.36,205591.31
32,15,1169114,1428991,767668,636981,46,205591.31,34,1,206519.43,210587.53,217128.36,210173.51,209006.72
32,16,1296757,1431577,717971,590963,51,209006.72,34,1,205591.31,206519.43,210587.53,217128.36,214607.24
32,17,1268265,1593377,781057,587040,52,214607.24,34,1,209006.72,205591.31,206519.43,210587.53,213436.96
32,18,1291096,1449716,704781,638159,46,213436.96,34,1,214607.24,209006.72,205591.31,206519.43,203498.74
32,19,1161954,1419760,699917,635552,47,203498.74,34,1,213436.96,214607.24,209006.72,205591.31,214441.02
32,20,1293327,1557851,782661,583367,46,214441.02,34,1,203498.74,213436.96,214607.24,209006.72,218773.95
32,21,1275361,1562408,765295,645372,51,218773.95,34,1,214441.02,203498.74,213436.96,214607.24,218306.68
32,22,1272343,1592391,710179,638514,47,218306.68,34,1,218773.95,214441.02,203498.74,213436.96,204709.3
32,23,1167497,1416911,715989,643382,47,204709.3,34,1,218306.68,218773.95,214441.02,203498.74,199800.55
32,24,1172107,1426938,706896,582648,47,199800.55,34,1,204709.3,218306.68,218773.95,214441.02,205655.07
32,25,1186189,1416006,712294,641522,51,205655.07,34,1,199800.55,204709.3,218306.68,218773.95,206248.1
32,26,1158677,1589302,719084,586311,46,206248.1,34,1,205655.07,199800.55,204709.3,218306.68,209377.13
32,27,1288932,1438400,777078,586757,51,209377.13,34,1,206248.1,205655.07,199800.55,204709.3,201358.04
32,28,1177601,1415309,765316,590705,51,201358.04,34,1,209377.13,206248.1,205655.07,199800.55,212290.64
32,29,1169808,1576508,781474,639870,46,212290.64,34,1,201358.04,209377.13,206248.1,205655.07,213976.56
32,30,1297259,1445675,705689,641419,47,213976.56,34,1,212290.64,201358.04,209377.13,206248.1,
33,1,1796760,1425251,955467,435815,24,231061.7,34,1,,,,,232011.1
33,2,1820679,1425477,933854,432987,23,232011.1,34,1,231061.7,,,,221903.23
33,3,1790690,1301914,931234,400217,22,221903.23,34,1,232011.1,231061.7,,,225465.38
33,4,1792398,1305533,946027,434115,21,225465.38,34,1,221903.23,232011.1,231061.7,,238159.18
33,5,1988824,1314906,935239,431307,23,238159.18,34,1,225465.38,221903.23,232011.1,231061.7,229475.82
33,6,1816903,1316997,1043443,437898,22,229475.82,34,1,238159.18,225465.38,221903.23,232011.1,235823.2
33,7,1942378,1297001,1032507,429355,24,235823.2,34,1,229475.82,238159.18,225465.38,221903.23,230839.16
33,8,1826270,1417881,1045839,399082,22,230839.16,34,1,235823.2,229475.82,238159.18,225465.38,233342.12
33,9,1971004,1301333,956916,393043,22,233342.12,34,1,230839.16,235823.2,229475.82,238159.18,236773.21
33,10,1945126,1423649,943163,395498,21,236773.21,34,1,233342.12,230839.16,235823.2,229475.82,225276.32
33,11,1802832,1285188,930583,436764,22,225276.32,34,1,236773.21,233342.12,230839.16,235823.2,234828.58
33,12,1959964,1282099,947515,428090,22,234828.58,34,1,225276.32,236773.21,233342.12,230839.16,235489.87
33,13,1988683,1285692,1044358,395459,24,235489.87,34,1,234828.58,225276.32,236773.21,233342.12,242584.23
33,14,1986375,1431148,930700,429077,24,242584.23,34,1,235489.87,234828.58,225276.32,236773.21,236566.79
33,15,1979787,1285125,932536,434444,22,236566.79,34,1,242584.23,235489.87,234828.58,225276.32,235601.14
33,16,1957013,1300394,931579,433202,22,235601.14,34,1,236566.79,242584.23,235489.87,234828.58,238791.87
33,17,1994654,1400059,942920,393260,23,238791.87,34,1,235601.14,236566.79,242584.23,235489.87,232075.7
33,18,1810298,1409804,1038165,429416,22,232075.7,34,1,238791.87,235601.14,236566.79,242584.23,239814.97
33,19,1941759,1408512,941725,438921,24,239814.97,34,1,232075.7,238791.87,235601.14,236566.79,233628.74
33,20,1966682,1311742,948045,396121,21,233628.74,34,1,239814.97,232075.7,238791.87,235601.14,227943.11
33,21,1826191,1291941,1033041,427735,24,227943.11,34,1,233628.74,239814.97,232075.7,238791.87,233947.86
33,22,1946011,1282975,954258,426715,24,233947.86,34,1,227943.11,233628.74,239814.97,232075.7,234354.13
33,23,1993935,1284043,948065,397411,22,234354.13,34,1,233947.86,227943.11,233628.74,239814.97,223949.88
33,24,1801520,1310478,1031492,392881,22,223949.88,34,1,234354.13,233947.86,227943.11,233628.74,223771.85
33,25,1817882,1277317,1026692,395392,23,223771.85,34,1,223949.88,234354.13,233947.86,227943.11,231136.52
33,26,1945584,1284936,936504,398180,21,231136.52,34,1,223771.85,223949.88,234354.13,233947.86,241309.42
33,27,1947056,1405288,1036516,435901,23,241309.42,34,1,231136.52,223771.85,223949.88,234354.13,243235.07
33,28,1992970,1424043,942098,432772,22,243235.07,34,1,241309.42,231136.52,223771.85,223949.88,240565.57
33,29,1966382,1416140,937086,426856,24,240565.57,34,1,243235.07,241309.42,231136.52,223771.85,233120.44
33,30,1816985,1414501,1046035,432581,23,233120.44,34,1,240565.57,243235.07,241309.42,231136.52,
34,1,2007983,1740602,1124375,349805,6,252954.08,34,1,,,,,244717.35
34,2,1832854,1731609,1140233,385626,5,244717.35,34,1,252954.08,,,,243646.12
34,3,1824116,1732497,1147170,378352,5,243646.12,34,1,244717.35,252954.08,,,257300.1
34,4,2033917,1772018,1032446,381552,5,257300.1,34,1,243646.12,244717.35,252954.08,,244470.94
34,5,1841043,1741348,1053342,388333,5,244470.94,34,1,257300.1,243646.12,244717.35,252954.08,239506.11
34,6,1858288,1619935,1048356,378075,5,239506.11,34,1,244470.94,257300.1,243646.12,244717.35,242412.86
34,7,1811881,1749260,1035534,386051,5,242412.86,34,1,239506.11,244470.94,257300.1,243646.12,246226.0
34,8,1978207,1608324,1135759,355844,6,246226.0,34,1,242412.86,239506.11,244470.94,257300.1,249497.62
34,9,2005180,1622265,1042235,383322,5,249497.62,34,1,246226.0,242412.86,239506.11,244470.94,255080.77
34,10,1986191,1743808,1122372,387930,5,255080.77,34,1,249497.62,246226.0,242412.86,239506.11,237581.64
34,11,1833529,1579896,1126028,378932,5,237581.64,34,1,255080.77,249497.62,246226.0,242412.86,247744.6
34,12,2028045,1613794,1052231,349554,5,247744.6,34,1,237581.64,255080.77,249497.62,246226.0,237036.85
34,13,1807903,1609165,1118875,379045,6,237036.85,34,1,247744.6,237581.64,255080.77,249497.62,248018.03
34,14,2015277,1603315,1141727,350306,5,248018.03,34,1,237036.85,247744.6,237581.64,255080.77,242995.1
34,15,1862010,1725102,1141804,348303,5,242995.1,34,1,248018.03,237036.85,247744.6,237581.64,254857.2
34,16,2024005,1758274,1142963,347813,5,254857.2,34,1,242995.1,248018.03,237036.85,247744.6,245564.41
34,17,2008146,1607663,1028218,346901,5,245564.41,34,1,254857.2,242995.1,248018.03,237036.85,237642.66
34,18,1845292,1612647,1129081,355416,5,237642.66,34,1,245564.41,254857.2,242995.1,248018.03,245317.64
34,19,2023274,1578752,1031147,346159,5,245317.64,34,1,237642.66,245564.41,254857.2,242995.1,247884.79
34,20,2025954,1621139,1043880,350729,5,247884.79,34,1,245317.64,237642.66,245564.41,254857.2,246024.35
34,21,2017877,1594149,1047561,347745,5,246024.35,34,1,247884.79,245317.64,237642.66,245564.41,255921.1
34,22,2016424,1746978,1047182,387755,5,255921.1,34,1,246024.35,247884.79,245317.64,237642.66,245264.03
34,23,1995336,1581976,1120856,347796,6,245264.03,34,1,255921.1,246024.35,247884.79,245317.64,252962.49
34,24,1991867,1755658,1147184,350346,5,252962.49,34,1,245264.03,255921.1,246024.35,247884.79,247149.45
34,25,1861015,1753723,1142074,381767,5,247149.45,34,1,252962.49,245264.03,255921.1,246024.35,252865.34
34,26,2024258,1736215,1046578,353340,5,252865.34,34,1,247149.45,252962.49,245264.03,255921.1,249570.24
34,27,2000096,1596565,1125011,384605,5,249570.24,34,1,252865.34,247149.45,252962.49,245264.03,256460.06
34,28,2022226,1725876,1131622,383950,5,256460.06,34,1,249570.24,252865.34,247149.45,252962.49,246246.16
34,29,1847337,1753107,1134231,383296,6,246246.16,34,1,256460.06,249570.24,252865.34,247149.45,252384.07
34,30,2025180,1734673,1051171,347217,6,252384.07,34,1,246246.16,256460.06,249570.24,252865.34,
35,1,1381448,1392462,733176,364185,38,192657.81,34,1,,,,,190393.97
35,2,1363049,1277463,736982,404920,38,190393.97,34,1,192657.81,,,,187834.53
35,3,1254891,1398156,750039,395956,35,187834.53,34,1,190393.97,192657.81,,,192593.43
35,4,1358829,1409241,738556,370974,35,192593.43,34,1,187834.53,190393.97,192657.81,,178659.47
35,5,1234231,1298314,674685,369082,38,178659.47,34,1,192593.43,187834.53,190393.97,192657.81,178289.19
35,6,1253116,1270086,677128,364046,35,178289.19,34,1,178659.47,192593.43,187834.53,190393.97,186391.03
35,7,1233027,1418944,681180,398577,38,186391.03,34,1,178289.19,178659.47,192593.43,187834.53,189664.68
35,8,1352335,1298304,684299,404481,35,189664.68,34,1,186391.03,178289.19,178659.47,192593.43,188745.04
35,9,1381622,1294653,746218,363640,34,188745.04,34,1,189664.68,186391.03,178289.19,178659.47,181751.61
35,10,1238303,1293642,684719,400784,34,181751.61,34,1,188745.04,189664.68,186391.03,178289.19,183952.01
35,11,1269598,1284215,751985,394796,35,183952.01,34,1,181751.61,188745.04,189664.68,186391.03,185888.35
35,12,1247235,1384988,676583,399369,38,185888.35,34,1,183952.01,181751.61,188745.04,189664.68,183708.68
35,13,1238042,1410214,673704,370639,38,183708.68,34,1,185888.35,183952.01,181751.61,188745.04,188764.48
35,14,1380670,1298266,749552,362252,38,188764.48,34,1,183708.68,185888.35,183952.01,181751.61,185999.89
35,15,1265475,1408501,753178,362634,38,185999.89,34,1,188764.48,183708.68,185888.35,183952.01,187633.22
35,16,1367984,1275410,743727,370488,34,187633.22,34,1,185999.89,188764.48,183708.68,185888.35,192919.46
35,17,1364628,1413416,753281,365803,34,192919.46,34,1,187633.22,185999.89,188764.48,183708.68,196173.27
35,18,1384084,1398059,744230,396663,37,196173.27,34,1,192919.46,187633.22,185999.89,188764.48,185167.4
35,19,1236041,1385135,672175,400156,38,185167.4,34,1,196173.27,192919.46,187633.22,185999.89,179711.39
35,20,1255283,1268206,752803,365331,38,179711.39,34,1,185167.4,196173.27,192919.46,187633.22,191065.14
35,21,1377579,1284726,734711,398970,35,191065.14,34,1,179711.39,185167.4,196173.27,192919.46,189627.56
35,22,1377831,1262545,677924,403478,38,189627.56,34,1,191065.14,179711.39,185167.4,196173.27,183630.91
35,23,1254324,1282656,752022,402931,34,183630.91,34,1,189627.56,191065.14,179711.39,185167.4,188350.11
35,24,1267559,1419798,673776,396434,38,188350.11,34,1,183630.91,189627.56,191065.14,179711.39,187507.22
35,25,1257344,1409464,673567,399262,35,187507.22,34,1,188350.11,183630.91,189627.56,191065.14,185610.05
35,26,1245359,1384760,677204,397624,38,185610.05,34,1,187507.22,188350.11,183630.91,189627.56,195609.69
35,27,1353761,1418136,739461,403770,38,195609.69,34,1,185610.05,187507.22,188350.11,183630.91,182832.62
35,28,1259588,1268814,737796,399304,35,182832.62,34,1,195609.69,185610.05,187507.22,188350.11,188848.23
35,29,1361470,1271109,679962,402260,34,188848.23,34,1,182832.62,195609.69,185610.05,187507.22,179212.15
35,30,1247709,1300463,687976,362104,38,179212.15,34,1,188848.23,182832.62,195609.69,185610.05,
36,1,1683478,1848767,1044166,300717,22,230697.74,34,1,,,,,223556.6
36,2,1701650,1697094,940609,297655,23,223556.6,34,1,230697.74,,,,218862.21
36,3,1525769,1813422,1028768,302024,22,218862.21,34,1,223556.6,230697.74,,,211115.48
36,4,1522573,1674570,945429,297978,22,211115.48,34,1,218862.21,223556.6,230697.74,,216119.73
36,5,1554324,1698913,1052772,299793,23,216119.73,34,1,211115.48,218862.21,223556.6,230697.74,217103.5
36,6,1537608,1843254,956059,273442,20,217103.5,34,1,216119.73,211115.48,218862.21,223556.6,230134.9
36,7,1704853,1807394,1046401,297886,20,230134.9,34,1,217103.5,216119.73,211115.48,218862.21,209736.65
36,8,1547584,1664915,944532,269350,23,209736.65,34,1,230134.9,217103.5,216119.73,211115.48,224390.34
36,9,1668324,1817229,944802,274401,23,224390.34,34,1,209736.65,230134.9,217103.5,216119.73,217644.55
36,10,1561094,1828181,959294,268958,20,217644.55,34,1,224390.34,209736.65,230134.9,217103.5,221225.71
36,11,1681842,1687096,1052854,270222,21,221225.71,34,1,217644.55,224390.34,209736.65,230134.9,228840.12
36,12,1704691,1833453,1027733,274965,23,228840.12,34,1,221225.71,217644.55,224390.34,209736.65,212577.01
36,13,1557787,1669468,1039761,274043,22,212577.01,34,1,228840.12,221225.71,217644.55,224390.34,227789.71
36,14,1678164,1821802,960727,300002,21,227789.71,34,1,212577.01,228840.12,221225.71,217644.55,212969.62
36,15,1516441,1691105,1031773,299543,20,212969.62,34,1,227789.71,212577.01,228840.12,221225.71,217528.85
36,16,1525957,1822397,953925,296587,22,217528.85,34,1,212969.62,227789.71,212577.01,228840.12,227348.09
36,17,1696848,1818786,1029756,270488,23,227348.09,34,1,217528.85,212969.62,227789.71,212577.01,219081.5
36,18,1540830,1837848,937045,299031,20,219081.5,34,1,227348.09,217528.85,212969.62,227789.71,219715.83
36,19,1678268,1684958,947481,276247,22,219715.83,34,1,219081.5,227348.09,217528.85,212969.62,211243.15
36,20,1540731,1657708,1053041,274542,22,211243.15,34,1,219715.83,219081.5,227348.09,217528.85,227366.06
36,21,1664483,1846301,937074,298093,21,227366.06,34,1,211243.15,219715.83,219081.5,227348.09,213439.49
36,22,1548612,1654974,1043738,296196,21,213439.49,34,1,227366.06,211243.15,219715.83,219081.5,211142.13
36,23,1554884,1679542,956438,270737,23,211142.13,34,1,213439.49,227366.06,211243.15,219715.83,230819.73
36,24,1693702,1840499,1051135,297286,20,230819.73,34,1,211142.13,213439.49,227366.06,211243.15,221345.39
36,25,1684841,1663014,954939,298407,20,221345.39,34,1,230819.73,211142.13,213439.49,227366.06,228201.06
36,26,1671832,1844073,952155,300352,22,228201.06,34,1,221345.39,230819.73,211142.13,213439.49,224189.86
36,27,1691252,1675785,1051300,301854,20,224189.86,34,1,228201.06,221345.39,230819.73,211142.13,229548.02
36,28,1677901,1825062,1050876,301742,22,229548.02,34,1,224189.86,228201.06,221345.39,230819.73,220685.68
36,29,1552162,1856603,947765,298026,20,220685.68,34,1,229548.02,224189.86,228201.06,221345.39,218517.08
36,30,1686005,1652723,945627,272674,22,218517.08,34,1,220685.68,229548.02,224189.86,228201.06,
37,1,1350847,1471134,770488,329318,37,191431.9,34,1,,,,,196597.18
37,2,1325341,1647791,770773,322984,38,196597.18,34,1,191431.9,,,,198618.97
37,3,1449350,1487631,770225,330613,37,198618.97,34,1,196597.18,191431.9,,,199113.0
37,4,1468326,1499086,692142,331380,34,199113.0,34,1,198618.97,196597.18,191431.9,,188661.46
37,5,1330052,1479231,686663,325072,37,188661.46,34,1,199113.0,198618.97,196597.18,191431.9,206409.27
37,6,1482631,1633324,769432,325684,37,206409.27,34,1,188661.46,199113.0,198618.97,196597.18,199334.69
37,7,1478161,1496963,701607,326028,34,199334.69,34,1,206409.27,188661.46,199113.0,198618.97,192549.2
37,8,1329078,1623961,705366,298387,34,192549.2,34,1,199334.69,206409.27,188661.46,199113.0,198854.73
37,9,1458826,1497767,759346,323701,37,198854.73,34,1,192549.2,199334.69,206409.27,188661.46,189182.25
37,10,1346910,1493615,767360,297356,34,189182.25,34,1,198854.73,192549.2,199334.69,206409.27,206742.18
37,11,1486317,1639648,763780,324829,34,206742.18,34,1,189182.25,198854.73,192549.2,199334.69,189759.43
37,12,1325842,1486466,760352,323486,37,189759.43,34,1,206742.18,189182.25,198854.73,192549.2,195125.2
37,13,1451572,1496897,699237,298921,37,195125.2,34,1,189759.43,206742.18,189182.25,198854.73,191704.47
37,14,1339214,1500985,765520,327770,37,191704.47,34,1,195125.2,189759.43,206742.18,189182.25,188834.34
37,15,1346911,1507568,689871,301150,38,188834.34,34,1,191704.47,195125.2,189759.43,206742.18,198746.15
37,16,1483424,1475480,703420,325347,34,198746.15,34,1,188834.34,191704.47,195125.2,189759.43,188325.21
37,17,1331444,1515763,692044,302432,34,188325.21,34,1,198746.15,188834.34,191704.47,195125.2,193779.93
37,18,1445794,1476888,701347,297046,38,193779.93,34,1,188325.21,198746.15,188834.34,191704.47,196722.02
37,19,1335419,1653417,689918,329256,38,196722.02,34,1,193779.93,188325.21,198746.15,188834.34,196064.84
37,20,1338799,1644854,694033,322764,34,196064.84,34,1,196722.02,193779.93,188325.21,198746.15,197874.8
37,21,1461030,1494477,699415,323701,37,197874.8,34,1,196064.84,196722.02,193779.93,188325.21,191197.38
37,22,1334477,1509839,753033,323728,34,191197.38,34,1,197874.8,196064.84,196722.02,193779.93,201853.06
37,23,1451143,1642234,753703,296536,34,201853.06,34,1,191197.38,197874.8,196064.84,196722.02,200195.96
37,24,1448157,1629615,690338,297708,34,200195.96,34,1,201853.06,191197.38,197874.8,196064.84,194200.76
37,25,1349726,1645619,690811,294468,38,194200.76,34,1,200195.96,201853.06,191197.38,197874.8,196982.24
37,26,1335277,1647476,753891,323337,37,196982.24,34,1,194200.76,200195.96,201853.06,191197.38,187577.07
37,27,1340689,1494994,695586,296473,34,187577.07,34,1,196982.24,194200.76,200195.96,201853.06,193077.54
37,28,1358047,1501424,756784,330852,34,193077.54,34,1,187577.07,196982.24,194200.76,200195.96,197037.72
37,29,1450055,1485930,703092,325603,34,197037.72,34,1,193077.54,187577.07,196982.24,194200.76,191540.4
37,30,1345321,1512087,700449,328277,37,191540.4,34,1,197037.72,193077.54,187577.07,196982.24,
38,1,1280719,2249551,1121634,534665,12,243716.17,34,1,,,,,254180.34
38,2,1416321,2301433,1130844,527505,11,254180.34,34,1,243716.17,,,,239218.0
38,3,1412399,2071890,1038076,487729,11,239218.0,34,1,254180.34,243716.17,,,239837.48
38,4,1300376,2272263,1036639,482494,12,239837.48,34,1,239218.0,254180.34,243716.17,,240300.94
38,5,1420690,2081530,1038029,489318,11,240300.94,34,1,239837.48,239218.0,254180.34,243716.17,232858.33
38,6,1289748,2087193,1128310,481822,12,232858.33,34,1,240300.94,239837.48,239218.0,254180.34,237914.26
38,7,1312484,2105831,1026553,531454,11,237914.26,34,1,232858.33,240300.94,239837.48,239218.0,234743.73
38,8,1281109,2050910,1126083,526162,12,234743.73,34,1,237914.26,232858.33,240300.94,239837.48,239031.98
38,9,1307724,2247288,1039432,479350,11,239031.98,34,1,234743.73,237914.26,232858.33,240300.94,242706.61
38,10,1288286,2268809,1030704,525682,11,242706.61,34,1,239031.98,234743.73,237914.26,232858.33,237567.66
38,11,1300966,2062651,1133929,536330,12,237567.66,34,1,242706.61,239031.98,234743.73,237914.26,240585.9
38,12,1427966,2097691,1021664,482740,11,240585.9,34,1,237567.66,242706.61,239031.98,234743.73,247592.7
38,13,1308354,2292335,1136378,535267,12,247592.7,34,1,240585.9,237567.66,242706.61,239031.98,231222.05
38,14,1285319,2066012,1108358,480317,12,231222.05,34,1,247592.7,240585.9,237567.66,242706.61,242884.58
38,15,1309289,2285906,1122442,487910,12,242884.58,34,1,231222.05,247592.7,240585.9,237567.66,232137.3
38,16,1301603,2091003,1032398,481024,12,232137.3,34,1,242884.58,231222.05,247592.7,240585.9,240720.31
38,17,1430035,2084514,1017305,489646,11,240720.31,34,1,232137.3,242884.58,231222.05,247592.7,232796.11
38,18,1294630,2065900,1134012,486454,12,232796.11,34,1,240720.31,232137.3,242884.58,231222.05,236721.48
38,19,1298441,2105930,1039714,525875,12,236721.48,34,1,232796.11,240720.31,232137.3,242884.58,252922.79
38,20,1421347,2246968,1114890,538102,12,252922.79,34,1,236721.48,232796.11,240720.31,232137.3,237000.05
38,21,1310432,2106628,1019067,523787,11,237000.05,34,1,252922.79,236721.48,232796.11,240720.31,247180.85
38,22,1417080,2269550,1012925,485621,11,247180.85,34,1,237000.05,252922.79,236721.48,232796.11,237843.43
38,23,1407015,2070357,1032899,478010,12,237843.43,34,1,247180.85,237000.05,252922.79,236721.48,235922.81
38,24,1298207,2052325,1134811,524700,12,235922.81,34,1,237843.43,247180.85,237000.05,252922.79,238296.93
38,25,1291176,2242766,1038051,485440,12,238296.93,34,1,235922.81,237843.43,247180.85,237000.05,239787.06
38,26,1280423,2266788,1117570,484061,12,239787.06,34,1,238296.93,235922.81,237843.43,247180.85,241657.4
38,27,1401417,2070875,1018791,526656,12,241657.4,34,1,239787.06,238296.93,235922.81,237843.43,244548.08
38,28,1430498,2079677,1036510,530497,12,244548.08,34,1,241657.4,239787.06,238296.93,235922.81,247857.29
38,29,1429834,2259918,1015488,487951,12,247857.29,34,1,244548.08,241657.4,239787.06,238296.93,241063.35
38,30,1416104,2086730,1133753,481208,11,241063.35,34,1,247857.29,244548.08,241657.4,239787.06,
39,1,1420785,1601613,1094842,642525,20,234996.5,34,1,,,,,234494.93
39,2,1526036,1469599,1028270,634641,22,234494.93,34,1,234996.5,,,,230009.11
39,3,1426501,1480944,1099608,638178,22,230009.11,34,1,234494.93,234996.5,,,227882.03
39,4,1419570,1442668,1113344,634815,20,227882.03,34,1,230009.11,234494.93,234996.5,,243998.75
39,5,1544196,1612370,1122879,643544,22,243998.75,34,1,227882.03,230009.11,234494.93,234996.5,239862.68
39,6,1529594,1471599,1001862,695493,20,239862.68,34,1,243998.75,227882.03,230009.11,234494.93,227990.74
39,7,1406353,1457550,1123619,636746,22,227990.74,34,1,239862.68,243998.75,227882.03,230009.11,234577.45
39,8,1550599,1446784,1007094,632340,20,234577.45,34,1,227990.74,239862.68,243998.75,227882.03,239424.33
39,9,1423359,1623208,1016800,693986,22,239424.33,34,1,234577.45,227990.74,239862.68,243998.75,230417.59
39,10,1395619,1592072,1007520,630181,20,230417.59,34,1,239424.33,234577.45,227990.74,239862.68,241369.61
39,11,1559045,1604127,1002533,629480,20,241369.61,34,1,230417.59,239424.33,234577.45,227990.74,238264.12
39,12,1540468,1484011,1112727,643986,22,238264.12,34,1,241369.61,230417.59,239424.33,234577.45,236958.69
39,13,1394374,1612786,997110,695902,20,236958.69,34,1,238264.12,241369.61,230417.59,239424.33,240604.39
39,14,1430610,1611571,1097756,692496,22,240604.39,34,1,236958.69,238264.12,241369.61,230417.59,242737.3
39,15,1561808,1450472,1114689,693440,20,242737.3,34,1,240604.39,236958.69,238264.12,241369.61,232517.74
39,16,1392907,1480663,1116151,687255,22,232517.74,34,1,242737.3,240604.39,236958.69,238264.12,236007.99
39,17,1551293,1471744,1009902,635619,22,236007.99,34,1,232517.74,242737.3,240604.39,236958.69,233619.26
39,18,1524580,1452969,1021304,634959,20,233619.26,34,1,236007.99,232517.74,242737.3,240604.39,233476.21
39,19,1431790,1471790,998218,695547,22,233476.21,34,1,233619.26,236007.99,232517.74,242737.3,246261.62
39,20,1521914,1594543,1097992,697451,22,246261.62,34,1,233476.21,233619.26,236007.99,232517.74,232918.44
39,21,1400258,1472027,1101223,693139,22,232918.44,34,1,246261.62,233476.21,233619.26,236007.99,242764.74
39,22,1551403,1463835,1118806,694278,20,242764.74,34,1,232918.44,246261.62,233476.21,233619.26,242993.78
39,23,1553655,1476771,1106420,691458,22,242993.78,34,1,242764.74,232918.44,246261.62,233476.21,232917.42
39,24,1420256,1479327,1025531,689171,20,232917.42,34,1,242993.78,242764.74,232918.44,246261.62,250194.15
39,25,1559715,1622183,1092503,702078,20,250194.15,34,1,232917.42,242993.78,242764.74,232918.44,235818.13
39,26,1542922,1464078,1026538,640054,20,235818.13,34,1,250194.15,232917.42,242993.78,242764.74,240849.44
39,27,1418755,1604820,1108925,704830,20,240849.44,34,1,235818.13,250194.15,232917.42,242993.78,231564.28
39,28,1407225,1451599,1021497,697120,21,231564.28,34,1,240849.44,235818.13,250194.15,232917.42,243374.43
39,29,1538255,1485898,1111727,701552,20,243374.43,34,1,231564.28,240849.44,235818.13,250194.15,244968.04
39,30,1539188,1584657,1028021,688032,20,244968.04,34,1,243374.43,231564.28,240849.44,235818.13,
40,1,1207274,1556101,805020,497633,50,201426.11,34,1,,,,,208249.24
40,2,1319446,1533502,821462,500152,45,208249.24,34,1,201426.11,,,,213602.44
40,3,1313751,1711787,747589,494421,50,213602.44,34,1,208249.24,201426.11,,,214331.27
40,4,1315510,1682881,819174,501588,50,214331.27,34,1,213602.44,208249.24,201426.11,,197223.91
40,5,1190840,1566705,802845,458337,45,197223.91,34,1,214331.27,213602.44,208249.24,201426.11,200662.92
40,6,1179043,1680093,818195,449591,45,200662.92,34,1,197223.91,214331.27,213602.44,208249.24,194623.84
40,7,1192750,1541618,746136,450100,45,194623.84,34,1,200662.92,197223.91,214331.27,213602.44,194436.3
40,8,1182048,1532486,749610,459307,49,194436.3,34,1,194623.84,200662.92,197223.91,214331.27,195988.08
40,9,1191695,1556385,747868,458818,50,195988.08,34,1,194436.3,194623.84,200662.92,197223.91,195129.98
40,10,1176564,1536578,801896,459511,50,195129.98,34,1,195988.08,194436.3,194623.84,200662.92,204152.43
40,11,1191660,1679713,747960,492195,45,204152.43,34,1,195129.98,195988.08,194436.3,194623.84,197929.22
40,12,1175279,1534789,742928,503059,45,197929.22,34,1,204152.43,195129.98,195988.08,194436.3,196895.75
40,13,1200698,1562658,813806,447484,50,196895.75,34,1,197929.22,204152.43,195129.98,195988.08,206232.56
40,14,1293268,1540824,805948,496033,50,206232.56,34,1,196895.75,197929.22,204152.43,195129.98,201548.24
40,15,1288582,1533365,801362,451753,50,201548.24,34,1,206232.56,196895.75,197929.22,204152.43,201110.28
40,16,1192169,1574049,820007,493936,50,201110.28,34,1,201548.24,206232.56,196895.75,197929.22,211681.01
40,17,1290339,1710236,744462,491233,49,211681.01,34,1,201110.28,201548.24,206232.56,196895.75,200011.27
40,18,1184649,1560581,811488,494956,46,200011.27,34,1,211681.01,201110.28,201548.24,206232.56,210455.91
40,19,1319759,1691846,819153,451412,49,210455.91,34,1,200011.27,211681.01,201110.28,201548.24,195873.12
40,20,1192326,1564123,740500,454846,50,195873.12,34,1,210455.91,200011.27,211681.01,201110.28,203050.08
40,21,1205592,1696392,812704,450423,46,203050.08,34,1,195873.12,210455.91,200011.27,211681.01,198586.06
40,22,1194036,1542567,737338,494273,46,198586.06,34,1,203050.08,195873.12,210455.91,200011.27,212764.88
40,23,1300633,1685774,821749,493103,49,212764.88,34,1,198586.06,203050.08,195873.12,210455.91,206151.14
40,24,1191738,1692032,818783,495674,50,206151.14,34,1,212764.88,198586.06,203050.08,195873.12,205355.92
40,25,1300375,1536561,742998,494657,49,205355.92,34,1,206151.14,212764.88,198586.06,203050.08,212454.84
40,26,1287346,1716079,735610,500870,49,212454.84,34,1,205355.92,206151.14,212764.88,198586.06,210854.26
40,27,1286820,1684434,750388,495475,49,210854.26,34,1,212454.84,205355.92,206151.14,212764.88,211925.55
40,28,1305400,1690137,729915,495092,46,211925.55,34,1,210854.26,212454.84,205355.92,206151.14,209691.32
40,29,1297367,1721468,737521,460182,46,209691.32,34,1,211925.55,210854.26,212454.84,205355.92,196326.4
40,30,1186567,1574235,746233,458279,50,196326.4,34,1,209691.32,211925.55,210854.26,212454.84,
41,1,1765994,1909080,972099,847952,25,286735.37,34,1,,,,,296703.81
41,2,1797368,2068375,987405,859306,25,296703.81,34,1,286735.37,,,,288877.5
41,3,1788877,2078311,985102,774439,27,288877.5,34,1,296703.81,286735.37,,,306580.21
41,4,1962991,2062575,989494,852083,27,306580.21,34,1,288877.5,296703.81,286735.37,,304783.09
41,5,1943975,2089518,899759,849695,25,304783.09,34,1,306580.21,288877.5,296703.81,286735.37,293354.99
41,6,1963095,1928356,890015,785712,27,293354.99,34,1,304783.09,306580.21,288877.5,296703.81,292044.78
41,7,1918436,1918470,971956,792928,27,292044.78,34,1,293354.99,304783.09,306580.21,288877.5,306004.24
41,8,1937513,2087528,893022,870028,27,306004.24,34,1,292044.78,293354.99,304783.09,306580.21,298624.13
41,9,1923946,2093878,977481,779606,27,298624.13,34,1,306004.24,292044.78,293354.99,304783.09,299544.24
41,10,1955264,1926208,907444,857788,27,299544.24,34,1,298624.13,306004.24,292044.78,293354.99,289961.45
41,11,1780304,2097663,977810,784979,27,289961.45,34,1,299544.24,298624.13,306004.24,292044.78,290171.44
41,12,1933149,1896806,887325,787053,25,290171.44,34,1,289961.45,299544.24,298624.13,306004.24,297398.22
41,13,1922760,1920027,895716,862360,25,297398.22,34,1,290171.44,289961.45,299544.24,298624.13,286386.2
41,14,1774011,2078635,894046,773948,27,286386.2,34,1,297398.22,290171.44,289961.45,299544.24,288048.58
41,15,1777895,2057200,974506,784861,25,288048.58,34,1,286386.2,297398.22,290171.44,289961.45,296980.5
41,16,1936562,2062114,883505,784168,27,296980.5,34,1,288048.58,286386.2,297398.22,290171.44,300863.22
41,17,1962663,2060628,974538,792558,25,300863.22,34,1,296980.5,288048.58,286386.2,297398.22,297169.42
41,18,1790707,2099661,975092,856996,27,297169.42,34,1,300863.22,296980.5,288048.58,286386.2,294593.76
41,19,1780019,2082834,890303,859377,25,294593.76,34,1,297169.42,300863.22,296980.5,288048.58,289389.69
41,20,1780319,1906261,984607,866112,27,289389.69,34,1,294593.76,297169.42,300863.22,296980.5,307006.49
41,21,1953161,2060241,984599,865848,28,307006.49,34,1,289389.69,294593.76,297169.42,300863.22,299232.17
41,22,1966511,2048059,906503,789935,25,299232.17,34,1,307006.49,289389.69,294593.76,297169.42,296699.69
41,23,1914320,2100946,898888,776235,28,296699.69,34,1,299232.17,307006.49,289389.69,294593.76,287175.56
41,24,1773204,2048988,979585,781433,25,287175.56,34,1,296699.69,299232.17,307006.49,289389.69,304680.13
41,25,1921778,2084033,898861,867211,27,304680.13,34,1,287175.56,296699.69,299232.17,307006.49,287302.7
41,26,1752478,2071863,971666,788577,27,287302.7,34,1,304680.13,287175.56,296699.69,299232.17,281717.28
41,27,1757902,1921667,973922,791956,27,281717.28,34,1,287302.7,304680.13,287175.56,296699.69,300097.23
41,28,1951080,2081818,981245,781342,27,300097.23,34,1,281717.28,287302.7,304680.13,287175.56,287318.26
41,29,1764871,2073998,905461,790921,27,287318.26,34,1,300097.23,281717.28,287302.7,304680.13,280828.78
41,30,1750078,1905296,974065,795290,27,280828.78,34,1,287318.26,300097.23,281717.28,287302.7,
42,1,1110529,2020068,926183,751049,33,239394.88,34,1,,,,,235131.26
42,2,1193151,1833392,841775,746308,32,235131.26,34,1,239394.88,,,,243711.07
42,3,1185578,1866283,920856,817220,36,243711.07,34,1,235131.26,239394.88,,,243402.43
42,4,1190471,2009850,924112,743142,33,243402.43,34,1,243711.07,235131.26,239394.88,,238530.24
42,5,1092333,2041710,834584,761207,32,238530.24,34,1,243402.43,243711.07,235131.26,239394.88,238944.13
42,6,1101442,2048576,850167,753226,32,238944.13,34,1,238530.24,243402.43,243711.07,235131.26,243208.38
42,7,1202718,1851471,843335,820328,33,243208.38,34,1,238944.13,238530.24,243402.43,243711.07,239482.74
42,8,1105190,2040245,842563,761747,36,239482.74,34,1,243208.38,238944.13,238530.24,243402.43,236968.35
42,9,1201378,1842482,929451,740569,32,236968.35,34,1,239482.74,243208.38,238944.13,238530.24,244303.39
42,10,1204729,1834526,918070,825253,35,244303.39,34,1,236968.35,239482.74,243208.38,238944.13,237314.04
42,11,1087193,2012390,916857,750005,35,237314.04,34,1,244303.39,236968.35,239482.74,243208.38,246885.99
42,12,1204191,2049894,937624,750880,35,246885.99,34,1,237314.04,244303.39,236968.35,239482.74,241954.4
42,13,1190883,1832570,915232,810585,33,241954.4,34,1,246885.99,237314.04,244303.39,236968.35,239585.62
42,14,1198944,1869299,923684,759959,33,239585.62,34,1,241954.4,246885.99,237314.04,244303.39,248338.98
42,15,1183969,2011045,852365,815080,32,248338.98,34,1,239585.62,241954.4,246885.99,237314.04,242324.55
42,16,1077940,2037580,854184,811961,36,242324.55,34,1,248338.98,239585.62,241954.4,246885.99,248500.62
42,17,1188795,2013239,851299,812577,35,248500.62,34,1,242324.55,248338.98,239585.62,241954.4,229984.54
42,18,1077038,1886166,856309,745579,35,229984.54,34,1,248500.62,242324.55,248338.98,239585.62,243559.64
42,19,1189729,1833675,926268,826686,36,243559.64,34,1,229984.54,248500.62,242324.55,248338.98,246658.36
42,20,1197798,2045744,922803,757579,33,246658.36,34,1,243559.64,229984.54,248500.62,242324.55,244197.31
42,21,1087901,2043341,855429,822674,33,244197.31,34,1,246658.36,243559.64,229984.54,248500.62,244243.84
42,22,1100545,2006472,856918,830917,36,244243.84,34,1,244197.31,246658.36,243559.64,229984.54,243424.0
42,23,1078564,2019235,933396,817769,35,243424.0,34,1,244243.84,244197.31,246658.36,243559.64,235126.64
42,24,1080358,2017012,837051,743071,33,235126.64,34,1,243424.0,244243.84,244197.31,246658.36,231238.17
42,25,1079371,1854670,937329,757636,33,231238.17,34,1,235126.64,243424.0,244243.84,244197.31,245659.0
42,26,1207460,2029994,847310,760617,32,245659.0,34,1,231238.17,235126.64,243424.0,244243.84,230056.85
42,27,1091784,1847596,847014,755354,36,230056.85,34,1,245659.0,231238.17,235126.64,243424.0,250379.87
42,28,1182826,2039119,843546,827126,32,250379.87,34,1,230056.85,245659.0,231238.17,235126.64,230319.87
42,29,1088219,1859275,917791,742517,36,230319.87,34,1,250379.87,230056.85,245659.0,231238.17,246120.57
42,30,1211412,1882190,842581,832270,32,246120.57,34,1,230319.87,250379.87,230056.85,245659.0,
43,1,1808472,1804421,646932,381469,11,237696.78,34,1,,,,,246353.57
43,2,1832844,1976662,654974,378636,10,246353.57,34,1,237696.78,,,,248447.73
43,3,1795795,1984012,718668,413468,10,248447.73,34,1,246353.57,237696.78,,,228304.03
43,4,1657028,1807207,710963,373205,11,228304.03,34,1,248447.73,246353.57,237696.78,,234949.97
43,5,1652064,1971922,709940,374300,11,234949.97,34,1,228304.03,248447.73,246353.57,237696.78,228176.16
43,6,1638943,1813837,701894,383367,10,228176.16,34,1,234949.97,228304.03,248447.73,246353.57,244664.5
43,7,1809819,1977801,651336,376590,11,244664.5,34,1,228176.16,234949.97,228304.03,248447.73,234611.91
43,8,1640682,1981047,707611,374927,11,234611.91,34,1,244664.5,228176.16,234949.97,228304.03,239195.06
43,9,1654171,2000997,650594,417199,10,239195.06,34,1,234611.91,244664.5,228176.16,234949.97,240636.72
43,10,1835489,1812656,698848,381370,10,240636.72,34,1,239195.06,234611.91,244664.5,228176.16,239981.53
43,11,1837833,1804841,711292,373773,11,239981.53,34,1,240636.72,239195.06,234611.91,244664.5,239384.41
43,12,1794254,1849408,710544,377952,11,239384.41,34,1,239981.53,240636.72,239195.06,234611.91,240233.0
43,13,1670555,1986002,705476,413877,11,240233.0,34,1,239384.41,239981.53,240636.72,239195.06,228927.7
43,14,1660165,1823315,640554,383234,11,228927.7,34,1,240233.0,239384.41,239981.53,240636.72,239461.61
43,15,1669264,1990788,640521,415875,10,239461.61,34,1,228927.7,240233.0,239384.41,239981.53,243381.09
43,16,1827285,1841335,650197,413272,10,243381.09,34,1,239461.61,228927.7,240233.0,239384.41,239942.84
43,17,1792772,1824226,641328,409501,10,239942.84,34,1,243381.09,239461.61,228927.7,240233.0,245630.08
43,18,1825248,1969449,653276,379725,11,245630.08,34,1,239942.84,243381.09,239461.61,228927.7,248587.59
43,19,1808926,1987814,646638,416949,10,248587.59,34,1,245630.08,239942.84,243381.09,239461.61,249368.17
43,20,1819239,1991872,649583,415774,10,249368.17,34,1,248587.59,245630.08,239942.84,243381.09,241825.67
43,21,1798367,1827143,702549,413845,10,241825.67,34,1,249368.17,248587.59,245630.08,239942.84,230335.17
43,22,1681417,1825780,650601,380593,10,230335.17,34,1,241825.67,249368.17,248587.59,245630.08,240305.59
43,23,1825438,1817261,718528,379199,11,240305.59,34,1,230335.17,241825.67,249368.17,248587.59,246913.69
43,24,1829728,2002494,656226,374884,10,246913.69,34,1,240305.59,230335.17,241825.67,249368.17,232982.69
43,25,1672240,1820429,646493,419775,10,232982.69,34,1,246913.69,240305.59,230335.17,241825.67,240151.27
43,26,1789268,1805465,711118,410305,10,240151.27,34,1,232982.69,246913.69,240305.59,230335.17,235133.67
43,27,1639751,2012286,637500,379683,10,235133.67,34,1,240151.27,232982.69,246913.69,240305.59,233814.49
43,28,1646950,1974988,640870,376556,10,233814.49,34,1,235133.67,240151.27,232982.69,246913.69,235282.65
43,29,1657014,1977513,649952,382776,10,235282.65,34,1,233814.49,235133.67,240151.27,232982.69,246923.34
43,30,1827981,1987039,655133,383610,10,246923.34,34,1,235282.65,233814.49,235133.67,240151.27,
44,1,1907382,1879802,1017962,605164,30,273535.1,34,1,,,,,272490.16
44,2,1933328,1877632,1116850,557904,33,272490.16,34,1,273535.1,,,,257430.89
44,3,1747956,1868879,1035147,543112,30,257430.89,34,1,272490.16,273535.1,,,272852.08
44,4,1937939,1880447,1142551,552617,30,272852.08,34,1,257430.89,272490.16,273535.1,,255693.8
44,5,1785412,1705842,1122328,556611,30,255693.8,34,1,272852.08,257430.89,272490.16,273535.1,250390.41
44,6,1731834,1704634,1044053,551139,33,250390.41,34,1,255693.8,272852.08,257430.89,272490.16,264564.45
44,7,1922794,1741773,1028917,556599,32,264564.45,34,1,250390.41,255693.8,272852.08,257430.89,270226.21
44,8,1912780,1740738,1125234,609501,30,270226.21,34,1,264564.45,250390.41,255693.8,272852.08,256059.85
44,9,1740922,1721759,1034858,601210,33,256059.85,34,1,270226.21,264564.45,250390.41,255693.8,257141.85
44,10,1746514,1723929,1021377,610640,33,257141.85,34,1,256059.85,270226.21,264564.45,250390.41,268192.95
44,11,1927829,1715186,1029357,605457,33,268192.95,34,1,257141.85,256059.85,270226.21,264564.45,274464.39
44,12,1922442,1895360,1023959,596339,30,274464.39,34,1,268192.95,257141.85,256059.85,270226.21,253724.52
44,13,1779421,1696953,1122758,543123,30,253724.52,34,1,274464.39,268192.95,257141.85,256059.85,256544.18
44,14,1744592,1728637,1025416,602477,32,256544.18,34,1,253724.52,274464.39,268192.95,257141.85,255098.06
44,15,1766713,1738445,1119510,548842,33,255098.06,34,1,256544.18,253724.52,274464.39,268192.95,268285.88
44,16,1913822,1702306,1133176,603600,33,268285.88,34,1,255098.06,256544.18,253724.52,274464.39,259466.15
44,17,1769485,1696654,1144627,610078,33,259466.15,34,1,268285.88,255098.06,256544.18,253724.52,264463.36
44,18,1939589,1715191,1047882,552270,33,264463.36,34,1,259466.15,268285.88,255098.06,256544.18,271141.43
44,19,1933426,1911261,1028134,543466,30,271141.43,34,1,264463.36,259466.15,268285.88,255098.06,269897.32
44,20,1928884,1859660,1042565,554224,30,269897.32,34,1,271141.43,264463.36,259466.15,268285.88,262302.93
44,21,1775813,1901081,1134462,544079,32,262302.93,34,1,269897.32,271141.43,264463.36,259466.15,257793.23
44,22,1772286,1725947,1032473,596385,30,257793.23,34,1,262302.93,269897.32,271141.43,264463.36,261729.99
44,23,1780274,1747310,1118173,608767,33,261729.99,34,1,257793.23,262302.93,269897.32,271141.43,273873.48
44,24,1937995,1898592,1139147,556112,30,273873.48,34,1,261729.99,257793.23,262302.93,269897.32,260486.89
44,25,1777317,1875195,1035955,552816,33,260486.89,34,1,273873.48,261729.99,257793.23,262302.93,273597.85
44,26,1898699,1860900,1143418,597989,33,273597.85,34,1,260486.89,273873.48,261729.99,257793.23,258446.59
44,27,1772328,1738660,1026875,598723,33,258446.59,34,1,273597.85,260486.89,273873.48,261729.99,265858.16
44,28,1941028,1708781,1115187,557408,30,265858.16,34,1,258446.59,273597.85,260486.89,273873.48,264610.2
44,29,1774224,1878481,1045806,597445,30,264610.2,34,1,265858.16,258446.59,273597.85,260486.89,250670.35
44,30,1742251,1710745,1040620,544549,33,250670.35,34,1,264610.2,265858.16,258446.59,273597.85,
45,1,1502654,1932503,1164636,545015,24,246489.85,34,1,,,,,239017.3
45,2,1379518,1943540,1136556,550667,21,239017.3,34,1,246489.85,,,,251027.74
45,3,1500562,2090855,1064634,541666,22,251027.74,34,1,239017.3,246489.85,,,249279.73
45,4,1376463,2131480,1050782,595172,23,249279.73,34,1,251027.74,239017.3,246489.85,,238203.61
45,5,1397795,1917076,1140762,540007,22,238203.61,34,1,249279.73,251027.74,239017.3,246489.85,244478.02
45,6,1375434,2122438,1035356,549673,22,244478.02,34,1,238203.61,249279.73,251027.74,239017.3,246937.46
45,7,1363310,2092207,1033957,599924,24,246937.46,34,1,244478.02,238203.61,249279.73,251027.74,242923.49
45,8,1382385,1935972,1155984,591885,22,242923.49,34,1,246937.46,244478.02,238203.61,249279.73,239553.95
45,9,1372364,1914380,1039679,592935,22,239553.95,34,1,242923.49,246937.46,244478.02,238203.61,243311.23
45,10,1364270,1955591,1151597,600910,22,243311.23,34,1,239553.95,242923.49,246937.46,244478.02,252731.62
45,11,1492159,2089605,1152355,551185,24,252731.62,34,1,243311.23,239553.95,242923.49,246937.46,242813.88
45,12,1507622,1907066,1036942,535755,22,242813.88,34,1,252731.62,243311.23,239553.95,242923.49,245952.65
45,13,1522615,1943808,1057478,539005,24,245952.65,34,1,242813.88,252731.62,243311.23,239553.95,256536.5
45,14,1492921,2143418,1043089,587801,24,256536.5,34,1,245952.65,242813.88,252731.62,243311.23,240461.41
45,15,1369090,1953127,1037945,587703,24,240461.41,34,1,256536.5,245952.65,242813.88,252731.62,248792.79
45,16,1365193,2142949,1057426,591344,24,248792.79,34,1,240461.41,256536.5,245952.65,242813.88,248357.16
45,17,1359268,2130729,1049587,597867,23,248357.16,34,1,248792.79,240461.41,256536.5,245952.65,238134.14
45,18,1380885,1911833,1153177,551558,22,238134.14,34,1,248357.16,248792.79,240461.41,256536.5,240976.22
45,19,1372740,1903028,1142519,594948,24,240976.22,34,1,238134.14,248357.16,248792.79,240461.41,242712.19
45,20,1395499,1901533,1156025,596074,21,242712.19,34,1,240976.22,238134.14,248357.16,248792.79,257538.83
45,21,1514419,2101740,1051605,601232,23,257538.83,34,1,242712.19,240976.22,238134.14,248357.16,244109.82
45,22,1391804,2098990,1062024,539832,22,244109.82,34,1,257538.83,242712.19,240976.22,238134.14,247038.48
45,23,1522222,1915657,1147775,547919,22,247038.48,34,1,244109.82,257538.83,242712.19,240976.22,257720.42
45,24,1495826,2112489,1136657,596121,24,257720.42,34,1,247038.48,244109.82,257538.83,242712.19,254136.09
45,25,1500970,2139421,1156123,536648,23,254136.09,34,1,257720.42,247038.48,244109.82,257538.83,243046.58
45,26,1357982,2103254,1064557,549915,21,243046.58,34,1,254136.09,257720.42,247038.48,244109.82,244234.17
45,27,1495092,1942202,1056272,540699,22,244234.17,34,1,243046.58,254136.09,257720.42,247038.48,239031.41
45,28,1386762,1940775,1134681,547239,22,239031.41,34,1,244234.17,243046.58,254136.09,257720.42,248196.37
45,29,1367621,2111369,1061437,596893,24,248196.37,34,1,239031.41,244234.17,243046.58,254136.09,256535.29
45,30,1494389,2098507,1135587,590689,24,256535.29,34,1,248196.37,239031.41,244234.17,243046.58,
46,1,1884298,1804785,1011157,222423,48,234275.82,34,1,,,,,246513.85
46,2,2071993,1814937,1003098,219982,47,246513.85,34,1,234275.82,,,,238994.97
46,3,2076573,1632191,995457,219425,44,238994.97,34,1,246513.85,234275.82,,,240047.24
46,4,2066796,1664179,1006043,221364,43,240047.24,34,1,238994.97,246513.85,234275.82,,233459.48
46,5,1864370,1813705,904492,243005,47,233459.48,34,1,240047.24,238994.97,246513.85,234275.82,239011.7
46,6,2063454,1640974,1011330,222071,47,239011.7,34,1,233459.48,240047.24,238994.97,246513.85,245684.59
46,7,2065832,1795860,994348,225653,47,245684.59,34,1,239011.7,233459.48,240047.24,238994.97,243553.61
46,8,2058512,1788189,912616,225740,47,243553.61,34,1,245684.59,239011.7,233459.48,240047.24,247007.67
46,9,2045089,1818199,1002033,243477,47,247007.67,34,1,243553.61,245684.59,239011.7,233459.48,249352.31
46,10,2098899,1798025,989932,242362,43,249352.31,34,1,247007.67,243553.61,245684.59,239011.7,235508.82
46,11,1907139,1804420,1008412,220349,47,235508.82,34,1,249352.31,247007.67,243553.61,245684.59,243554.32
46,12,2046421,1819625,908237,220670,43,243554.32,34,1,235508.82,249352.31,247007.67,243553.61,228326.36
46,13,1891650,1664465,992529,219610,47,228326.36,34,1,243554.32,235508.82,249352.31,247007.67,240394.03
46,14,2066578,1655248,925165,244244,47,240394.03,34,1,228326.36,243554.32,235508.82,249352.31,234888.91
46,15,1899558,1828671,914595,224790,43,234888.91,34,1,240394.03,228326.36,243554.32,235508.82,229701.94
46,16,1879616,1653581,1001673,246896,43,229701.94,34,1,234888.91,240394.03,228326.36,243554.32,240444.54
46,17,2094294,1632392,992101,223276,47,240444.54,34,1,229701.94,234888.91,240394.03,228326.36,245789.46
46,18,2059510,1815864,988744,223114,43,245789.46,34,1,240444.54,229701.94,234888.91,240394.03,228573.79
46,19,1880802,1633077,1015938,240433,47,228573.79,34,1,245789.46,240444.54,229701.94,234888.91,247240.55
46,20,2084577,1804550,1006382,223210,48,247240.55,34,1,228573.79,245789.46,240444.54,229701.94,239153.64
46,21,2090085,1648192,907758,220037,48,239153.64,34,1,247240.55,228573.79,245789.46,240444.54,226315.47
46,22,1875189,1641755,988865,220344,43,226315.47,34,1,239153.64,247240.55,228573.79,245789.46,249091.19
46,23,2093477,1828993,1015198,224403,43,249091.19,34,1,226315.47,239153.64,247240.55,228573.79,227734.68
46,24,1865638,1632949,1011363,242921,47,227734.68,34,1,249091.19,226315.47,239153.64,247240.55,229588.03
46,25,1872168,1677167,992081,241795,48,229588.03,34,1,227734.68,249091.19,226315.47,239153.64,234964.9
46,26,1885256,1824145,901589,240381,43,234964.9,34,1,229588.03,227734.68,249091.19,226315.47,225988.08
46,27,1877770,1649465,918722,224070,44,225988.08,34,1,234964.9,229588.03,227734.68,249091.19,241576.84
46,28,2073995,1643270,988319,246067,48,241576.84,34,1,225988.08,234964.9,229588.03,227734.68,232337.16
46,29,1867751,1823111,906791,223351,47,232337.16,34,1,241576.84,225988.08,234964.9,229588.03,227427.18
46,30,1879203,1641485,913648,243616,48,227427.18,34,1,232337.16,241576.84,225988.08,234964.9,
47,1,1522544,2010174,797937,566446,31,246931.19,34,1,,,,,237029.02
47,2,1504713,1822043,743619,566575,28,237029.02,34,1,246931.19,,,,236831.67
47,3,1495156,1854577,742269,556421,28,236831.67,34,1,237029.02,246931.19,,,242830.62
47,4,1518714,2036388,807903,509766,28,242830.62,34,1,236831.67,237029.02,246931.19,,226433.71
47,5,1388574,1855806,731362,519146,30,226433.71,34,1,242830.62,236831.67,237029.02,246931.19,231310.39
47,6,1391272,1871526,740365,562356,28,231310.39,34,1,226433.71,242830.62,236831.67,237029.02,244034.84
47,7,1509251,2007609,732522,556998,31,244034.84,34,1,231310.39,226433.71,242830.62,236831.67,235168.53
47,8,1506640,1863523,806828,513810,28,235168.53,34,1,244034.84,231310.39,226433.71,242830.62,238994.97
47,9,1495438,1993841,738414,516350,31,238994.97,34,1,235168.53,244034.84,231310.39,226433.71,237570.03
47,10,1364864,2026429,797456,568531,31,237570.03,34,1,238994.97,235168.53,244034.84,231310.39,237632.86
47,11,1513613,1819868,809025,555955,31,237632.86,34,1,237570.03,238994.97,235168.53,244034.84,236743.13
47,12,1369336,2045516,726208,560292,28,236743.13,34,1,237632.86,237570.03,238994.97,235168.53,246992.12
47,13,1526624,2041910,722893,563162,28,246992.12,34,1,236743.13,237632.86,237570.03,238994.97,246480.72
47,14,1508654,2036286,808680,557376,28,246480.72,34,1,246992.12,236743.13,237632.86,237570.03,237911.19
47,15,1513997,1828987,742843,566604,30,237911.19,34,1,246480.72,246992.12,236743.13,237632.86,237998.85
47,16,1398978,2017856,725458,565865,31,237998.85,34,1,237911.19,246480.72,246992.12,236743.13,237427.12
47,17,1371941,2010702,804548,567857,31,237427.12,34,1,237998.85,237911.19,246480.72,246992.12,232485.11
47,18,1497647,1820380,795908,512508,28,232485.11,34,1,237427.12,237998.85,237911.19,246480.72,245146.04
47,19,1506657,2030908,744394,558225,27,245146.04,34,1,232485.11,237427.12,237998.85,237911.19,235801.39
47,20,1363440,2011390,799065,556625,28,235801.39,34,1,245146.04,232485.11,237427.12,237998.85,244948.67
47,21,1512078,2026463,744483,554183,28,244948.67,34,1,235801.39,245146.04,232485.11,237427.12,239319.03
47,22,1519217,1852595,801126,556895,30,239319.03,34,1,244948.67,235801.39,245146.04,232485.11,225184.45
47,23,1364440,1849851,810161,511036,30,225184.45,34,1,239319.03,244948.67,235801.39,245146.04,248102.11
47,24,1519683,2041507,803171,566013,27,248102.11,34,1,225184.45,239319.03,244948.67,235801.39,244721.47
47,25,1523868,2002593,734847,556007,31,244721.47,34,1,248102.11,225184.45,239319.03,244948.67,239027.31
47,26,1499512,1870609,799347,559800,28,239027.31,34,1,244721.47,248102.11,225184.45,239319.03,230239.12
47,27,1367325,1855247,803690,563689,30,230239.12,34,1,239027.31,244721.47,248102.11,225184.45,228083.69
47,28,1385244,1819100,736150,555977,30,228083.69,34,1,230239.12,239027.31,244721.47,248102.11,246121.46
47,29,1496345,2034270,802975,564214,28,246121.46,34,1,228083.69,230239.12,239027.31,244721.47,231305.63
47,30,1378098,2002863,740222,510918,28,231305.63,34,1,246121.46,228083.69,230239.12,239027.31,
48,1,1154525,1630479,987096,460845,23,200788.6,34,1,,,,,208457.29
48,2,1249337,1623295,1088138,462646,21,208457.29,34,1,200788.6,,,,211459.71
48,3,1170580,1804274,1067351,472440,23,211459.71,34,1,208457.29,200788.6,,,200061.21
48,4,1153118,1605280,992436,464502,20,200061.21,34,1,211459.71,208457.29,200788.6,,198441.74
48,5,1156213,1616422,1060854,426682,21,198441.74,34,1,200061.21,211459.71,208457.29,200788.6,203318.3
48,6,1151603,1777567,974887,425041,22,203318.3,34,1,198441.74,200061.21,211459.71,208457.29,211047.72
48,7,1171784,1800709,1088033,464890,22,211047.72,34,1,203318.3,198441.74,200061.21,211459.71,209035.38
48,8,1163686,1759610,1061946,472206,20,209035.38,34,1,211047.72,203318.3,198441.74,200061.21,212659.3
48,9,1282693,1775530,991010,432402,22,212659.3,34,1,209035.38,211047.72,203318.3,198441.74,216013.07
48,10,1261458,1795963,1060734,462671,22,216013.07,34,1,212659.3,209035.38,211047.72,203318.3,208780.96
48,11,1256908,1646172,978685,470140,22,208780.96,34,1,216013.07,212659.3,209035.38,211047.72,211203.24
48,12,1278014,1758924,974541,430322,20,211203.24,34,1,208780.96,216013.07,212659.3,209035.38,206997.09
48,13,1273363,1619001,1083032,432106,22,206997.09,34,1,211203.24,208780.96,216013.07,212659.3,203979.77
48,14,1164490,1645348,1071784,466740,21,203979.77,34,1,206997.09,211203.24,208780.96,216013.07,209511.15
48,15,1277764,1608998,1074808,462957,21,209511.15,34,1,203979.77,206997.09,211203.24,208780.96,213498.53
48,16,1276987,1799974,1067948,420453,22,213498.53,34,1,209511.15,203979.77,206997.09,211203.24,211538.32
48,17,1252879,1779759,1078527,423487,22,211538.32,34,1,213498.53,209511.15,203979.77,206997.09,214046.73
48,18,1283915,1787818,1076401,425646,22,214046.73,34,1,211538.32,213498.53,209511.15,203979.77,209881.45
48,19,1164932,1764695,1089109,473382,21,209881.45,34,1,214046.73,211538.32,213498.53,209511.15,203456.78
48,20,1168666,1622795,1087522,465522,23,203456.78,34,1,209881.45,214046.73,211538.32,213498.53,213447.11
48,21,1277932,1785498,1061355,427117,21,213447.11,34,1,203456.78,209881.45,214046.73,211538.32,209136.23
48,22,1165667,1776437,1078294,461119,21,209136.23,34,1,213447.11,203456.78,209881.45,214046.73,213788.36
48,23,1267931,1805825,1081857,424928,22,213788.36,34,1,209136.23,213447.11,203456.78,209881.45,197011.91
48,24,1140723,1640266,982684,425158,21,197011.91,34,1,213788.36,209136.23,213447.11,203456.78,203028.98
48,25,1148078,1778872,973314,424051,20,203028.98,34,1,197011.91,213788.36,209136.23,213447.11,214540.92
48,26,1282841,1794375,1063566,431198,22,214540.92,34,1,203028.98,197011.91,213788.36,209136.23,216917.28
48,27,1275378,1783394,1086750,463776,22,216917.28,34,1,214540.92,203028.98,197011.91,213788.36,202549.38
48,28,1175940,1635089,972423,465519,20,202549.38,34,1,216917.28,214540.92,203028.98,197011.91,216237.69
48,29,1271353,1804991,967216,470915,20,216237.69,34,1,202549.38,216917.28,214540.92,203028.98,210841.44
48,30,1168636,1797654,1064370,470595,22,210841.44,34,1,216237.69,202549.38,216917.28,214540.92,
49,1,1574844,2068729,997353,675272,7,265859.02,34,1,,,,,272619.91
49,2,1726963,1882338,985959,729381,7,272619.91,34,1,265859.02,,,,261291.2
49,3,1596900,1853248,915586,723558,8,261291.2,34,1,272619.91,265859.02,,,272365.15
49,4,1725806,1859506,996932,735971,7,272365.15,34,1,261291.2,272619.91,265859.02,,269494.34
49,5,1574952,2053857,1003655,721248,8,269494.34,34,1,272365.15,261291.2,272619.91,265859.02,262733.66
49,6,1585970,1852893,994292,733227,7,262733.66,34,1,269494.34,272365.15,261291.2,272619.91,271118.28
49,7,1619769,2039787,902107,732076,8,271118.28,34,1,262733.66,269494.34,272365.15,261291.2,270970.0
49,8,1723661,1858262,988300,724193,7,270970.0,34,1,271118.28,262733.66,269494.34,272365.15,275706.18
49,9,1758562,2026112,992813,672995,8,275706.18,34,1,270970.0,271118.28,262733.66,269494.34,273039.39
49,10,1735118,1872176,1001221,730098,8,273039.39,34,1,275706.18,270970.0,271118.28,262733.66,263310.7
49,11,1580086,2046870,896250,671809,8,263310.7,34,1,273039.39,275706.18,270970.0,271118.28,260650.22
49,12,1580874,1849702,909718,730684,7,260650.22,34,1,263310.7,273039.39,275706.18,270970.0,255532.83
49,13,1580812,1872865,912661,662710,8,255532.83,34,1,260650.22,263310.7,273039.39,275706.18,279048.61
49,14,1725676,2034129,978946,732507,7,279048.61,34,1,255532.83,260650.22,263310.7,273039.39,272962.76
49,15,1742210,1849604,994695,735805,7,272962.76,34,1,279048.61,255532.83,260650.22,263310.7,262381.09
49,16,1588524,2026461,904616,663373,7,262381.09,34,1,272962.76,279048.61,255532.83,260650.22,279882.41
49,17,1758086,2019855,978976,725069,7,279882.41,34,1,262381.09,272962.76,279048.61,255532.83,274778.63
49,18,1744007,2074965,911637,665325,7,274778.63,34,1,279882.41,262381.09,272962.76,279048.61,274020.68
49,19,1759752,1896100,896293,731311,8,274020.68,34,1,274778.63,279882.41,262381.09,272962.76,273553.68
49,20,1741281,2038818,920366,668866,7,273553.68,34,1,274020.68,274778.63,279882.41,262381.09,265405.32
49,21,1612694,1875970,982712,735056,8,265405.32,34,1,273553.68,274020.68,274778.63,279882.41,267287.82
49,22,1752050,1889361,908237,663138,7,267287.82,34,1,265405.32,273553.68,274020.68,274778.63,271982.51
49,23,1614722,2019701,987292,739070,7,271982.51,34,1,267287.82,265405.32,273553.68,274020.68,266607.46
49,24,1756389,1873085,899931,661534,7,266607.46,34,1,271982.51,267287.82,265405.32,273553.68,276998.26
49,25,1755945,2067790,991831,670064,7,276998.26,34,1,266607.46,271982.51,267287.82,265405.32,258189.34
49,26,1577256,1895348,995950,669119,7,258189.34,34,1,276998.26,266607.46,271982.51,267287.82,273431.47
49,27,1753637,1895821,903454,727998,7,273431.47,34,1,258189.34,276998.26,266607.46,271982.51,271923.12
49,28,1732536,2034140,908460,661410,7,271923.12,34,1,273431.47,258189.34,276998.26,266607.46,260634.16
49,29,1587413,1854270,909946,723647,7,260634.16,34,1,271923.12,273431.47,258189.34,276998.26,279042.72
49,30,1722724,2022954,984817,738672,8,279042.72,34,1,260634.16,271923.12,273431.47,258189.34,
50,1,1572567,1277899,831829,732275,20,235072.56,34,1,,,,,230761.7
50,2,1438424,1378606,917713,718548,23,230761.7,34,1,235072.56,,,,246283.53
50,3,1571820,1393722,905924,789924,23,246283.53,34,1,230761.7,235072.56,,,238751.65
50,4,1539726,1413638,926257,716538,22,238751.65,34,1,246283.53,230761.7,235072.56,,225547.97
50,5,1408156,1288938,923859,722937,22,225547.97,34,1,238751.65,246283.53,230761.7,235072.56,235872.78
50,6,1433379,1388504,837963,788800,21,235872.78,34,1,225547.97,238751.65,246283.53,230761.7,238702.82
50,7,1442094,1409054,915048,790339,21,238702.82,34,1,235872.78,225547.97,238751.65,246283.53,242098.6
50,8,1576898,1406719,925049,730359,23,242098.6,34,1,238702.82,235872.78,225547.97,238751.65,223469.56
50,9,1409290,1289081,828684,716359,22,223469.56,34,1,242098.6,238702.82,235872.78,225547.97,239928.19
50,10,1556846,1380415,918916,734016,23,239928.19,34,1,223469.56,242098.6,238702.82,235872.78,247972.0
50,11,1576593,1397128,926183,799948,20,247972.0,34,1,239928.19,223469.56,242098.6,238702.82,241126.0
50,12,1551694,1274376,916826,800538,21,241126.0,34,1,247972.0,239928.19,223469.56,242098.6,244377.37
50,13,1539501,1383366,918604,794510,20,244377.37,34,1,241126.0,247972.0,239928.19,223469.56,244671.91
50,14,1555016,1389431,911953,785023,22,244671.91,34,1,244377.37,241126.0,247972.0,239928.19,245619.6
50,15,1552943,1384923,918682,797887,20,245619.6,34,1,244671.91,244377.37,241126.0,247972.0,225509.55
50,16,1420598,1266398,914843,725660,22,225509.55,34,1,245619.6,244671.91,244377.37,241126.0,238020.81
50,17,1439684,1416096,904480,783171,21,238020.81,34,1,225509.55,245619.6,244671.91,244377.37,238037.97
50,18,1550811,1382207,916514,717004,21,238037.97,34,1,238020.81,225509.55,245619.6,244671.91,231883.14
50,19,1413725,1408272,918371,734868,20,231883.14,34,1,238037.97,238020.81,225509.55,245619.6,241752.08
50,20,1563698,1294361,841442,803329,22,241752.08,34,1,231883.14,238037.97,238020.81,225509.55,233469.09
50,21,1540156,1262704,919365,728877,20,233469.09,34,1,241752.08,231883.14,238037.97,238020.81,231189.32
50,22,1443656,1266499,837598,786101,22,231189.32,34,1,233469.09,241752.08,231883.14,238037.97,239791.92
50,23,1556536,1391697,905049,730030,20,239791.92,34,1,231189.32,233469.09,241752.08,231883.14,244075.48
50,24,1559158,1408127,825215,782579,21,244075.48,34,1,239791.92,231189.32,233469.09,241752.08,226935.99
50,25,1445816,1283140,919198,714797,22,226935.99,34,1,244075.48,239791.92,231189.32,233469.09,238995.05
50,26,1444556,1401432,909313,796387,22,238995.05,34,1,226935.99,244075.48,239791.92,231189.32,235580.45
50,27,1415254,1401296,843728,791604,22,235580.45,34,1,238995.05,226935.99,244075.48,239791.92,243841.87
50,28,1546840,1403670,836685,788816,22,243841.87,34,1,235580.45,238995.05,226935.99,244075.48,246364.72
50,29,1567933,1386823,904613,797059,20,246364.72,34,1,243841.87,235580.45,238995.05,226935.99,239147.39
50,30,1565640,1380014,927059,717743,20,239147.39,34,1,246364.72,243841.87,235580.45,238995.05,
51,1,1826766,1408381,1008413,357971,8,226149.65,34,1,,,,,219326.72
51,2,1715804,1411717,1010504,360142,8,219326.72,34,1,226149.65,,,,226218.83
51,3,1669976,1538957,1107054,392922,8,226218.83,34,1,219326.72,226149.65,,,235209.72
51,4,1831773,1510981,1089144,392558,8,235209.72,34,1,226218.83,219326.72,226149.65,,221168.97
51,5,1706804,1407943,983003,393801,8,221168.97,34,1,235209.72,226218.83,219326.72,226149.65,223586.17
51,6,1681110,1540763,1085475,358824,8,223586.17,34,1,221168.97,235209.72,226218.83,219326.72,229515.2
51,7,1851837,1413887,1079423,361773,8,229515.2,34,1,223586.17,221168.97,235209.72,226218.83,223647.9
51,8,1700081,1508585,1084767,360918,8,223647.9,34,1,229515.2,223586.17,221168.97,235209.72,234161.39
51,9,1823817,1513138,995756,402676,8,234161.39,34,1,223647.9,229515.2,223586.17,221168.97,218845.54
51,10,1665869,1397905,1004951,398112,8,218845.54,34,1,234161.39,223647.9,229515.2,223586.17,226994.0
51,11,1695523,1517651,1085538,396954,8,226994.0,34,1,218845.54,234161.39,223647.9,229515.2,232648.67
51,12,1870647,1391696,1085786,392125,8,232648.67,34,1,226994.0,218845.54,234161.39,223647.9,230264.23
51,13,1840525,1414941,986536,394653,8,230264.23,34,1,232648.67,226994.0,218845.54,234161.39,224734.71
51,14,1686001,1513585,1009850,394428,8,224734.71,34,1,230264.23,232648.67,226994.0,218845.54,234104.66
51,15,1872194,1515783,1005339,364303,8,234104.66,34,1,224734.71,230264.23,232648.67,226994.0,220929.09
51,16,1669314,1409081,1081019,399692,8,220929.09,34,1,234104.66,224734.71,230264.23,232648.67,221714.49
51,17,1709339,1380219,1076738,393792,8,221714.49,34,1,220929.09,234104.66,224734.71,230264.23,231511.61
51,18,1843901,1384916,1101192,399075,8,231511.61,34,1,221714.49,220929.09,234104.66,224734.71,226400.77
51,19,1696548,1526280,994433,402247,8,226400.77,34,1,231511.61,221714.49,220929.09,234104.66,235626.09
51,20,1841278,1525155,1005404,399038,8,235626.09,34,1,226400.77,231511.61,221714.49,220929.09,233837.78
51,21,1873339,1401378,1091159,397908,8,233837.78,34,1,235626.09,226400.77,231511.61,221714.49,229799.77
51,22,1826084,1414644,1008084,396092,8,229799.77,34,1,233837.78,235626.09,226400.77,231511.61,219241.37
51,23,1688534,1381461,1004293,393953,8,219241.37,34,1,229799.77,233837.78,235626.09,226400.77,220073.16
51,24,1672954,1389900,1104542,392188,8,220073.16,34,1,219241.37,229799.77,233837.78,235626.09,229189.6
51,25,1858724,1403254,1081340,357792,8,229189.6,34,1,220073.16,219241.37,229799.77,233837.78,231289.19
51,26,1865272,1386395,1003495,398372,8,231289.19,34,1,229189.6,220073.16,219241.37,229799.77,226157.01
51,27,1837266,1391613,990197,361599,8,226157.01,34,1,231289.19,229189.6,220073.16,219241.37,223433.84
51,28,1681070,1539121,1085397,357939,8,223433.84,34,1,226157.01,231289.19,229189.6,220073.16,230391.99
51,29,1828664,1505691,984475,362904,8,230391.99,34,1,223433.84,226157.01,231289.19,229189.6,236193.45
51,30,1834431,1519697,1098449,395819,8,236193.45,34,1,230391.99,223433.84,226157.01,231289.19,
52,1,1663201,2191252,808446,271050,46,237152.87,34,1,,,,,233106.81
52,2,1672397,2170132,737247,242345,46,233106.81,34,1,237152.87,,,,219908.64
52,3,1559849,1983918,813915,249229,50,219908.64,34,1,233106.81,237152.87,,,217608.72
52,4,1537777,1993407,734130,249735,51,217608.72,34,1,219908.64,233106.81,237152.87,,219658.31
52,5,1550093,1984615,736129,267322,50,219658.31,34,1,217608.72,219908.64,233106.81,237152.87,219494.0
52,6,1556345,1995444,809506,242616,46,219494.0,34,1,219658.31,217608.72,219908.64,233106.81,226697.72
52,7,1520474,2171783,796239,268954,46,226697.72,34,1,219494.0,219658.31,217608.72,219908.64,235375.77
52,8,1691039,2161260,812839,244438,46,235375.77,34,1,226697.72,219494.0,219658.31,217608.72,221374.66
52,9,1561817,2005781,729403,269347,46,221374.66,34,1,235375.77,226697.72,219494.0,219658.31,229264.92
52,10,1690159,1973852,796144,267219,51,229264.92,34,1,221374.66,235375.77,226697.72,219494.0,240595.6
52,11,1707051,2209564,799569,270837,46,240595.6,34,1,229264.92,221374.66,235375.77,226697.72,224670.19
52,12,1523824,2192564,745116,243744,51,224670.19,34,1,240595.6,229264.92,221374.66,235375.77,223544.26
52,13,1532133,2154635,746115,242688,50,223544.26,34,1,224670.19,240595.6,229264.92,221374.66,227511.46
52,14,1559394,2180344,815845,242461,46,227511.46,34,1,223544.26,224670.19,240595.6,229264.92,237705.85
52,15,1704286,2171860,734426,270134,46,237705.85,34,1,227511.46,223544.26,224670.19,240595.6,225516.52
52,16,1516314,2179881,735026,266246,50,225516.52,34,1,237705.85,227511.46,223544.26,224670.19,227029.0
52,17,1521938,2206747,727093,267966,51,227029.0,34,1,225516.52,237705.85,227511.46,223544.26,236952.88
52,18,1680416,2163553,814757,268147,47,236952.88,34,1,227029.0,225516.52,237705.85,227511.46,237944.44
52,19,1687082,2200382,747240,269588,46,237944.44,34,1,236952.88,227029.0,225516.52,237705.85,233575.34
52,20,1662736,2184036,738163,247872,46,233575.34,34,1,237944.44,236952.88,227029.0,225516.52,235682.19
52,21,1674701,2177051,740074,265518,50,235682.19,34,1,233575.34,237944.44,236952.88,227029.0,218577.58
52,22,1517191,1985122,805968,266026,46,218577.58,34,1,235682.19,233575.34,237944.44,236952.88,225120.99
52,23,1661207,1996418,737665,242280,50,225120.99,34,1,218577.58,235682.19,233575.34,237944.44,229344.0
52,24,1694732,1968424,804403,265821,50,229344.0,34,1,225120.99,218577.58,235682.19,233575.34,236325.18
52,25,1694992,2179753,812420,243627,47,236325.18,34,1,229344.0,225120.99,218577.58,235682.19,235851.42
52,26,1691948,2173248,797515,246290,50,235851.42,34,1,236325.18,229344.0,225120.99,218577.58,227749.71
52,27,1526238,2185275,803875,268830,46,227749.71,34,1,235851.42,236325.18,229344.0,225120.99,228418.71
52,28,1524883,2211524,795997,266484,51,228418.71,34,1,227749.71,235851.42,236325.18,229344.0,227215.31
52,29,1686032,2000559,727510,247590,51,227215.31,34,1,228418.71,227749.71,235851.42,236325.18,218366.2
52,30,1546652,1976949,817778,244136,51,218366.2,34,1,227215.31,228418.71,227749.71,235851.42,
53,1,1386393,2036960,794138,813554,34,261448.83,34,1,,,,,278415.84
53,2,1504689,2228819,797502,827118,34,278415.84,34,1,261448.83,,,,275734.18
53,3,1502980,2171896,814728,821857,34,275734.18,34,1,278415.84,261448.83,,,266878.58
53,4,1354912,2028609,804868,898302,35,266878.58,34,1,275734.18,278415.84,261448.83,,269116.54
53,5,1476584,2029582,878645,821767,34,269116.54,34,1,266878.58,275734.18,278415.84,261448.83,267513.7
53,6,1479100,2026412,794555,818984,34,267513.7,34,1,269116.54,266878.58,275734.18,278415.84,270362.88
53,7,1513661,1996866,872035,825312,31,270362.88,34,1,267513.7,269116.54,266878.58,275734.18,275258.43
53,8,1476648,2202698,813416,821473,31,275258.43,34,1,270362.88,267513.7,269116.54,266878.58,269364.99
53,9,1381549,2022310,887149,894653,31,269364.99,34,1,275258.43,270362.88,267513.7,269116.54,277671.69
53,10,1514755,1999016,870977,904765,31,277671.69,34,1,269364.99,275258.43,270362.88,267513.7,277684.5
53,11,1510994,2025253,801705,908072,34,277684.5,34,1,277671.69,269364.99,275258.43,270362.88,265145.74
53,12,1363598,1984739,792509,895437,32,265145.74,34,1,277684.5,277671.69,269364.99,275258.43,266475.23
53,13,1483178,2003569,805645,813109,31,266475.23,34,1,265145.74,277684.5,277671.69,269364.99,277976.04
53,14,1501418,2187822,879139,828717,32,277976.04,34,1,266475.23,265145.74,277684.5,277671.69,284030.74
53,15,1517818,2181745,799222,901449,34,284030.74,34,1,277976.04,266475.23,265145.74,277684.5,276953.1
53,16,1381508,2209842,792107,909215,34,276953.1,34,1,284030.74,277976.04,266475.23,265145.74,279804.92
53,17,1519324,2229340,880392,816654,31,279804.92,34,1,276953.1,284030.74,277976.04,266475.23,267859.44
53,18,1353761,2185473,869752,825466,34,267859.44,34,1,279804.92,276953.1,284030.74,277976.04,275704.52
53,19,1363277,2187211,887356,901605,31,275704.52,34,1,267859.44,279804.92,276953.1,284030.74,286062.16
53,20,1517866,2212977,878536,895008,31,286062.16,34,1,275704.52,267859.44,279804.92,276953.1,258603.81
53,21,1349763,1987729,816551,827070,34,258603.81,34,1,286062.16,275704.52,267859.44,279804.92,268468.17
53,22,1369670,2018135,815685,908204,35,268468.17,34,1,258603.81,286062.16,275704.52,267859.44,265850.07
53,23,1367513,2166655,809952,812925,34,265850.07,34,1,268468.17,258603.81,286062.16,275704.52,263512.44
53,24,1377383,2034991,892403,825912,34,263512.44,34,1,265850.07,268468.17,258603.81,286062.16,277975.73
53,25,1379600,2210218,890616,903798,31,277975.73,34,1,263512.44,265850.07,268468.17,258603.81,268648.09
53,26,1372820,2229181,796999,813514,34,268648.09,34,1,277975.73,263512.44,265850.07,268468.17,269235.97
53,27,1510661,2021136,805779,815799,32,269235.97,34,1,268648.09,277975.73,263512.44,265850.07,271808.04
53,28,1507115,2026508,891684,828714,35,271808.04,34,1,269235.97,268648.09,277975.73,263512.44,262999.05
53,29,1381173,2027523,814467,835168,31,262999.05,34,1,271808.04,269235.97,268648.09,277975.73,274606.61
53,30,1354882,2222261,793015,896414,32,274606.61,34,1,262999.05,271808.04,269235.97,268648.09,
54,1,1106132,1781441,1076114,412093,48,201032.38,34,1,,,,,207758.71
54,2,1236404,1778002,986251,411025,44,207758.71,34,1,201032.38,,,,206462.63
54,3,1124242,1970954,1062850,373864,45,206462.63,34,1,207758.71,201032.38,,,210239.65
54,4,1212710,1932963,1065513,369285,44,210239.65,34,1,206462.63,207758.71,201032.38,,205856.48
54,5,1229886,1792540,1069757,372649,49,205856.48,34,1,210239.65,206462.63,207758.71,201032.38,213373.08
54,6,1212420,1944480,973881,415598,48,213373.08,34,1,205856.48,210239.65,206462.63,207758.71,202515.8
54,7,1208881,1793939,957077,370597,48,202515.8,34,1,213373.08,205856.48,210239.65,206462.63,202535.67
54,8,1223304,1755672,979030,374186,49,202535.67,34,1,202515.8,213373.08,205856.48,210239.65,202588.18
54,9,1210116,1778482,981700,373187,49,202588.18,34,1,202535.67,202515.8,213373.08,205856.48,200777.17
54,10,1206850,1750648,958103,372657,49,200777.17,34,1,202588.18,202535.67,202515.8,213373.08,213223.86
54,11,1238352,1919999,978780,405765,44,213223.86,34,1,200777.17,202588.18,202535.67,202515.8,209513.42
54,12,1238559,1786916,1070356,409464,48,209513.42,34,1,213223.86,200777.17,202588.18,202535.67,206064.87
54,13,1121972,1930810,974011,405888,45,206064.87,34,1,209513.42,213223.86,200777.17,202588.18,204321.31
54,14,1210713,1779832,1074890,374362,49,204321.31,34,1,206064.87,209513.42,213223.86,200777.17,216292.68
54,15,1228758,1965934,1050686,412287,45,216292.68,34,1,204321.31,206064.87,209513.42,213223.86,213646.88
54,16,1232246,1926965,982806,410880,45,213646.88,34,1,216292.68,204321.31,206064.87,209513.42,213307.87
54,17,1213115,1967753,964349,405329,45,213307.87,34,1,213646.88,216292.68,204321.31,206064.87,206753.99
54,18,1222803,1786318,968138,409107,44,206753.99,34,1,213307.87,213646.88,216292.68,204321.31,203566.73
54,19,1133198,1931182,965394,371512,49,203566.73,34,1,206753.99,213307.87,213646.88,216292.68,199354.91
54,20,1126885,1754753,977411,408944,45,199354.91,34,1,203566.73,206753.99,213307.87,213646.88,212750.72
54,21,1216988,1965498,1067901,378536,45,212750.72,34,1,199354.91,203566.73,206753.99,213307.87,194747.24
54,22,1098876,1756193,973081,378107,44,194747.24,34,1,212750.72,199354.91,203566.73,206753.99,214252.23
54,23,1233653,1942655,984917,408918,49,214252.23,34,1,194747.24,212750.72,199354.91,203566.73,203432.4
54,24,1102473,1961345,972141,376901,44,203432.4,34,1,214252.23,194747.24,212750.72,199354.91,214477.54
54,25,1209437,1952782,1064337,409655,45,214477.54,34,1,203432.4,214252.23,194747.24,212750.72,204134.57
54,26,1238645,1770207,965396,376642,45,204134.57,34,1,214477.54,203432.4,214252.23,194747.24,208055.26
54,27,1107396,1962191,1053320,409431,45,208055.26,34,1,204134.57,214477.54,203432.4,214252.23,210499.57
54,28,1214373,1928386,1054103,375172,45,210499.57,34,1,208055.26,204134.57,214477.54,203432.4,209295.39
54,29,1230928,1792722,1051135,413349,44,209295.39,34,1,210499.57,208055.26,204134.57,214477.54,208273.21
54,30,1212969,1796021,1057768,412183,45,208273.21,34,1,209295.39,210499.57,208055.26,204134.57,
55,1,1514809,2104905,787950,894932,27,279849.59,34,1,,,,,278774.99
55,2,1521877,2135443,725724,875128,24,278774.99,34,1,279849.59,,,,272250.42
55,3,1492053,2123938,785419,818668,24,272250.42,34,1,278774.99,279849.59,,,261385.65
55,4,1360506,2088844,731632,818817,24,261385.65,34,1,272250.42,278774.99,279849.59,,270336.84
55,5,1507421,1922486,794744,878084,25,270336.84,34,1,261385.65,272250.42,278774.99,279849.59,262488.09
55,6,1372691,1949602,780514,877917,24,262488.09,34,1,270336.84,261385.65,272250.42,278774.99,255388.27
55,7,1387659,1901720,782129,810330,27,255388.27,34,1,262488.09,270336.84,261385.65,272250.42,261668.45
55,8,1373323,1925842,723391,889797,27,261668.45,34,1,255388.27,262488.09,270336.84,261385.65,256782.33
55,9,1391038,1922875,779995,813942,27,256782.33,34,1,261668.45,255388.27,262488.09,270336.84,269908.46
55,10,1365484,2107050,780900,892319,27,269908.46,34,1,256782.33,261668.45,255388.27,262488.09,256098.87
55,11,1380852,1949992,780576,801009,27,256098.87,34,1,269908.46,256782.33,261668.45,255388.27,271004.42
55,12,1482337,2136363,791145,805028,27,271004.42,34,1,256098.87,269908.46,256782.33,261668.45,262089.67
55,13,1378664,2086712,718241,816999,26,262089.67,34,1,271004.42,256098.87,269908.46,256782.33,262520.36
55,14,1485721,1938146,714827,814319,24,262520.36,34,1,262089.67,271004.42,256098.87,269908.46,280299.84
55,15,1516528,2129157,797365,885735,24,280299.84,34,1,262520.36,262089.67,271004.42,256098.87,254741.53
55,16,1364617,1922263,733728,819022,26,254741.53,34,1,280299.84,262520.36,262089.67,271004.42,262116.82
55,17,1498293,1906127,724786,813831,27,262116.82,34,1,254741.53,280299.84,262520.36,262089.67,276846.55
55,18,1496431,2093457,712351,893934,24,276846.55,34,1,262116.82,254741.53,280299.84,262520.36,259398.09
55,19,1360840,2088534,724329,798009,27,259398.09,34,1,276846.55,262116.82,254741.53,280299.84,261564.6
55,20,1485992,1915825,791666,799862,27,261564.6,34,1,259398.09,276846.55,262116.82,254741.53,271091.65
55,21,1520712,2099322,725663,807524,24,271091.65,34,1,261564.6,259398.09,276846.55,262116.82,278140.33
55,22,1515354,2092298,717800,894219,27,278140.33,34,1,271091.65,261564.6,259398.09,276846.55,262261.87
55,23,1376347,2087768,713002,821042,24,262261.87,34,1,278140.33,271091.65,261564.6,259398.09,262146.78
55,24,1376372,2104102,721962,810543,24,262146.78,34,1,262261.87,278140.33,271091.65,261564.6,268563.46
55,25,1487650,2092607,725786,806340,27,268563.46,34,1,262146.78,262261.87,278140.33,271091.65,276287.01
55,26,1499652,2087647,715723,887493,24,276287.01,34,1,268563.46,262146.78,262261.87,278140.33,281290.3
55,27,1521741,2134354,798225,890405,24,281290.3,34,1,276287.01,268563.46,262146.78,262261.87,262870.95
55,28,1369624,2133353,721633,809920,27,262870.95,34,1,281290.3,276287.01,268563.46,262146.78,255032.73
55,29,1373215,1923235,799000,803722,26,255032.73,34,1,262870.95,281290.3,276287.01,268563.46,261465.17
55,30,1351961,1913569,783041,897715,25,261465.17,34,1,255032.73,262870.95,281290.3,276287.01,
56,1,1986572,1863121,893137,540313,2,270066.86,34,1,,,,,275799.9
56,2,1988452,2003365,897674,536696,2,275799.9,34,1,270066.86,,,,263518.46
56,3,1812411,1990660,883270,535559,2,263518.46,34,1,275799.9,270066.86,,,277461.31
56,4,2004664,2027285,903418,531331,2,277461.31,34,1,263518.46,275799.9,270066.86,,274632.46
56,5,1969049,2018120,880006,534078,2,274632.46,34,1,277461.31,263518.46,275799.9,270066.86,272290.47
56,6,1967428,1986080,806410,537542,2,272290.47,34,1,274632.46,277461.31,263518.46,275799.9,263598.66
56,7,1820779,1995820,807742,541810,2,263598.66,34,1,272290.47,274632.46,277461.31,263518.46,278172.52
56,8,1995916,1981607,808227,584031,2,278172.52,34,1,263598.66,272290.47,274632.46,277461.31,273306.86
56,9,1997530,1858126,806242,586519,2,273306.86,34,1,278172.52,263598.66,272290.47,274632.46,275391.42
56,10,2005535,2005306,810964,534795,2,275391.42,34,1,273306.86,278172.52,263598.66,272290.47,261496.72
56,11,1825853,1827671,814950,591486,2,261496.72,34,1,275391.42,273306.86,278172.52,263598.66,263606.01
56,12,1829237,1842688,881790,593297,2,263606.01,34,1,261496.72,275391.42,273306.86,278172.52,269121.71
56,13,1830528,2009166,821743,587306,2,269121.71,34,1,263606.01,261496.72,275391.42,273306.86,263362.94
56,14,1811817,2003945,809275,541592,2,263362.94,34,1,269121.71,263606.01,261496.72,275391.42,274358.74
56,15,1961169,2025671,898397,529854,2,274358.74,34,1,263362.94,269121.71,263606.01,261496.72,267595.19
56,16,1787197,1998138,895583,593175,2,267595.19,34,1,274358.74,263362.94,269121.71,263606.01,275652.77
56,17,2000640,1991384,903945,530715,2,275652.77,34,1,267595.19,274358.74,263362.94,269121.71,277165.89
56,18,2001481,2035065,812403,543328,2,277165.89,34,1,275652.77,267595.19,274358.74,263362.94,276734.23
56,19,2003855,1996534,895204,539602,2,276734.23,34,1,277165.89,275652.77,267595.19,274358.74,270632.41
56,20,1995059,1811865,803480,580587,2,270632.41,34,1,276734.23,277165.89,275652.77,267595.19,256089.9
56,21,1791212,1854407,813694,544267,2,256089.9,34,1,270632.41,276734.23,277165.89,275652.77,269180.97
56,22,1814564,2016898,821678,595865,2,269180.97,34,1,256089.9,270632.41,276734.23,277165.89,261571.07
56,23,1804289,1989581,815589,532641,2,261571.07,34,1,269180.97,256089.9,270632.41,276734.23,265345.29
56,24,1834819,2034610,807310,533184,2,265345.29,34,1,261571.07,269180.97,256089.9,270632.41,261110.3
56,25,1802815,1981164,825419,530701,2,261110.3,34,1,265345.29,261571.07,269180.97,256089.9,262855.09
56,26,1795707,2010863,888834,529830,2,262855.09,34,1,261110.3,265345.29,261571.07,269180.97,272944.5
56,27,1977641,1855152,897748,581494,2,272944.5,34,1,262855.09,261110.3,265345.29,261571.07,260467.54
56,28,1809117,1823323,816264,593879,2,260467.54,34,1,272944.5,262855.09,261110.3,265345.29,262235.36
56,29,1782247,2025135,806038,541110,2,262235.36,34,1,260467.54,272944.5,262855.09,261110.3,260365.12
56,30,1781570,1862134,890328,581051,2,260365.12,34,1,262235.36,260467.54,272944.5,262855.09,
57,1,1734357,1707295,806315,889417,46,277265.75,34,1,,,,,275720.42
57,2,1714355,1718879,799024,882623,42,275720.42,34,1,277265.75,,,,275728.49
57,3,1890584,1594378,889518,797263,42,275728.49,34,1,275720.42,277265.75,,,273663.22
57,4,1709983,1695281,803802,873022,42,273663.22,34,1,275728.49,275720.42,277265.75,,268522.53
57,5,1703252,1559811,876803,870345,43,268522.53,34,1,273663.22,275728.49,275720.42,277265.75,287879.46
57,6,1913231,1702509,879231,867467,46,287879.46,34,1,268522.53,273663.22,275728.49,275720.42,282697.91
57,7,1914038,1576202,877719,868256,46,282697.91,34,1,287879.46,268522.53,273663.22,275728.49,281992.13
57,8,1890867,1738431,889504,799736,46,281992.13,34,1,282697.91,287879.46,268522.53,273663.22,268913.96
57,9,1716711,1704511,878450,797637,43,268913.96,34,1,281992.13,282697.91,287879.46,268522.53,287584.77
57,10,1882746,1729848,875400,874136,46,287584.77,34,1,268913.96,281992.13,282697.91,287879.46,263307.16
57,11,1724938,1546683,878111,802775,43,263307.16,34,1,287584.77,268913.96,281992.13,282697.91,283021.52
57,12,1910346,1582459,897734,867953,43,283021.52,34,1,263307.16,287584.77,268913.96,281992.13,289377.13
57,13,1910153,1697243,893194,886187,42,289377.13,34,1,283021.52,263307.16,287584.77,268913.96,264350.18
57,14,1727310,1553975,885684,807871,46,264350.18,34,1,289377.13,283021.52,263307.16,287584.77,277979.97
57,15,1739150,1720074,803450,888489,47,277979.97,34,1,264350.18,289377.13,283021.52,263307.16,272343.77
57,16,1867042,1568971,823433,800470,47,272343.77,34,1,277979.97,264350.18,289377.13,283021.52,273809.75
57,17,1737447,1587644,895358,888106,46,273809.75,34,1,272343.77,277979.97,264350.18,289377.13,265597.33
57,18,1729396,1578477,891864,807715,47,265597.33,34,1,273809.75,272343.77,277979.97,264350.18,268871.98
57,19,1724398,1707087,804770,803885,42,268871.98,34,1,265597.33,273809.75,272343.77,277979.97,282626.93
57,20,1896977,1576201,822966,889713,46,282626.93,34,1,268871.98,265597.33,273809.75,272343.77,279813.45
57,21,1872694,1561091,888112,871102,43,279813.45,34,1,282626.93,268871.98,265597.33,273809.75,268804.63
57,22,1703468,1574876,823028,876132,47,268804.63,34,1,279813.45,282626.93,268871.98,265597.33,271183.99
57,23,1705256,1740485,898267,810748,47,271183.99,34,1,268804.63,279813.45,282626.93,268871.98,283014.0
57,24,1911578,1584053,799031,884238,43,283014.0,34,1,271183.99,268804.63,279813.45,282626.93,274641.31
57,25,1892939,1569555,820446,807613,42,274641.31,34,1,283014.0,271183.99,268804.63,279813.45,282934.44
57,26,1908261,1724239,878432,806285,42,282934.44,34,1,274641.31,283014.0,271183.99,268804.63,280382.5
57,27,1878254,1572093,823653,880062,46,280382.5,34,1,282934.44,274641.31,283014.0,271183.99,284386.43
57,28,1917464,1719185,897045,814715,46,284386.43,34,1,280382.5,282934.44,274641.31,283014.0,284315.01
57,29,1865726,1694178,816666,877358,43,284315.01,34,1,284386.43,280382.5,282934.44,274641.31,289576.29
57,30,1902885,1732317,887061,878479,42,289576.29,34,1,284315.01,284386.43,280382.5,282934.44,
58,1,1092287,1886019,1010899,638230,46,223828.39,34,1,,,,,227656.88
58,2,1208850,1890407,1002468,596397,52,227656.88,34,1,223828.39,,,,231166.38
58,3,1205044,1919216,917164,640246,50,231166.38,34,1,227656.88,223828.39,,,227349.18
58,4,1199079,1900821,1019867,592017,46,227349.18,34,1,231166.38,227656.88,223828.39,,221262.29
58,5,1104758,1908918,1002251,591769,50,221262.29,34,1,227349.18,231166.38,227656.88,223828.39,227279.25
58,6,1109144,2075191,913018,594531,47,227279.25,34,1,221262.29,227349.18,231166.38,227656.88,224439.51
58,7,1099754,1863260,1001969,651817,46,224439.51,34,1,227279.25,221262.29,227349.18,231166.38,218693.29
58,8,1083242,1862791,1012233,598315,46,218693.29,34,1,224439.51,227279.25,221262.29,227349.18,232007.88
58,9,1077943,2075502,1007757,651970,51,232007.88,34,1,218693.29,224439.51,227279.25,221262.29,224969.71
58,10,1097216,2047776,909369,590863,51,224969.71,34,1,232007.88,218693.29,224439.51,227279.25,230671.73
58,11,1205023,1873317,921461,655273,47,230671.73,34,1,224969.71,232007.88,218693.29,224439.51,232589.29
58,12,1195394,2044806,1004008,588918,46,232589.29,34,1,230671.73,224969.71,232007.88,218693.29,217328.81
58,13,1082915,1884557,918559,590400,51,217328.81,34,1,232589.29,230671.73,224969.71,232007.88,223803.62
58,14,1095118,1882658,911109,655668,47,223803.62,34,1,217328.81,232589.29,230671.73,224969.71,227182.98
58,15,1203002,1908525,998361,587697,51,227182.98,34,1,223803.62,217328.81,232589.29,230671.73,222372.45
58,16,1078487,1901492,918119,641744,47,222372.45,34,1,227182.98,223803.62,217328.81,232589.29,224869.79
58,17,1097681,1898027,932969,654535,50,224869.79,34,1,222372.45,227182.98,223803.62,217328.81,232958.0
58,18,1182970,2090513,918462,596338,50,232958.0,34,1,224869.79,222372.45,227182.98,223803.62,227045.79
58,19,1094875,2073222,1011175,585219,46,227045.79,34,1,232958.0,224869.79,222372.45,227182.98,225339.02
58,20,1186403,1895586,999020,585064,47,225339.02,34,1,227045.79,232958.0,224869.79,222372.45,228505.37
58,21,1086433,2044849,909847,639093,47,228505.37,34,1,225339.02,227045.79,232958.0,224869.79,219778.19
58,22,1092312,1909027,996151,585325,46,219778.19,34,1,228505.37,225339.02,227045.79,232958.0,231558.61
58,23,1180962,2053256,1004241,583903,46,231558.61,34,1,219778.19,228505.37,225339.02,227045.79,234145.52
58,24,1108599,2086675,1022237,645819,52,234145.52,34,1,231558.61,219778.19,228505.37,225339.02,234060.44
58,25,1198879,2048925,1023068,597334,52,234060.44,34,1,234145.52,231558.61,219778.19,228505.37,233257.17
58,26,1205477,2068181,931501,591452,51,233257.17,34,1,234060.44,234145.52,231558.61,219778.19,231670.11
58,27,1181587,2043533,999972,589974,47,231670.11,34,1,233257.17,234060.44,234145.52,231558.61,225700.32
58,28,1098885,2046364,930062,594647,51,225700.32,34,1,231670.11,233257.17,234060.44,234145.52,224008.5
58,29,1090806,1896172,915659,653940,51,224008.5,34,1,225700.32,231670.11,233257.17,234060.44,225085.49
58,30,1079121,2063643,918701,596103,46,225085.49,34,1,224008.5,225700.32,231670.11,233257.17,
59,1,1045152,1414113,1142848,556691,25,195858.62,34,1,,,,,207697.13
59,2,1155653,1391065,1150862,617760,26,207697.13,34,1,195858.62,,,,195480.62
59,3,1053261,1278944,1139081,610017,23,195480.62,34,1,207697.13,195858.62,,,199912.09
59,4,1052617,1420823,1046484,610728,25,199912.09,34,1,195480.62,207697.13,195858.62,,188607.28
59,5,1042733,1274104,1043757,560990,23,188607.28,34,1,199912.09,195480.62,207697.13,195858.62,207163.21
59,6,1163347,1411816,1048303,615389,24,207163.21,34,1,188607.28,199912.09,195480.62,207697.13,195283.59
59,7,1049798,1265908,1128214,618345,23,195283.59,34,1,207163.21,188607.28,199912.09,195480.62,196906.52
59,8,1064719,1278124,1145252,616845,25,196906.52,34,1,195283.59,207163.21,188607.28,199912.09,196130.92
59,9,1151198,1289512,1051029,557988,23,196130.92,34,1,196906.52,195283.59,207163.21,188607.28,197611.6
59,10,1068334,1389494,1131123,573016,25,197611.6,34,1,196130.92,196906.52,195283.59,207163.21,198310.7
59,11,1159270,1286858,1152190,559146,23,198310.7,34,1,197611.6,196130.92,196906.52,195283.59,189890.1
59,12,1042436,1268195,1152875,558273,25,189890.1,34,1,198310.7,197611.6,196130.92,196906.52,199473.11
59,13,1161505,1292096,1139314,570344,26,199473.11,34,1,189890.1,198310.7,197611.6,196130.92,200251.73
59,14,1045879,1399819,1140335,611965,25,200251.73,34,1,199473.11,189890.1,198310.7,197611.6,194246.11
59,15,1048067,1283205,1037877,616531,26,194246.11,34,1,200251.73,199473.11,189890.1,198310.7,197003.87
59,16,1154336,1298485,1044173,562500,25,197003.87,34,1,194246.11,200251.73,199473.11,189890.1,197363.45
59,17,1151933,1275807,1150531,559337,26,197363.45,34,1,197003.87,194246.11,200251.73,199473.11,195791.09
59,18,1055770,1389942,1152505,557757,23,195791.09,34,1,197363.45,197003.87,194246.11,200251.73,195039.66
59,19,1072546,1264276,1045688,615089,24,195039.66,34,1,195791.09,197363.45,197003.87,194246.11,206874.92
59,20,1158173,1410328,1049169,616443,24,206874.92,34,1,195039.66,195791.09,197363.45,197003.87,207076.79
59,21,1173643,1388118,1047415,618176,25,207076.79,34,1,206874.92,195039.66,195791.09,197363.45,202539.65
59,22,1142415,1408384,1157585,560837,23,202539.65,34,1,207076.79,206874.92,195039.66,195791.09,207083.01
59,23,1156114,1397973,1050045,625795,26,207083.01,34,1,202539.65,207076.79,206874.92,195039.66,196292.18
59,24,1061858,1419021,1036489,566607,23,196292.18,34,1,207083.01,202539.65,207076.79,206874.92,192475.16
59,25,1059245,1275555,1152387,571533,25,192475.16,34,1,196292.18,207083.01,202539.65,207076.79,191004.34
59,26,1048125,1280025,1156090,560468,26,191004.34,34,1,192475.16,196292.18,207083.01,202539.65,203017.33
59,27,1149858,1419893,1147174,557347,23,203017.33,34,1,191004.34,192475.16,196292.18,207083.01,198472.54
59,28,1167395,1279432,1128859,562792,26,198472.54,34,1,203017.33,191004.34,192475.16,196292.18,209793.76
59,29,1171741,1421423,1130608,619065,26,209793.76,34,1,198472.54,203017.33,191004.34,192475.16,199538.11
59,30,1064821,1393250,1033187,613016,24,199538.11,34,1,209793.76,198472.54,203017.33,191004.34,
60,1,1216361,1775377,976762,744193,15,236236.85,34,1,,,,,238548.42
60,2,1238468,1805462,954599,744027,17,238548.42,34,1,236236.85,,,,246185.67
60,3,1242934,1955918,976266,751811,16,246185.67,34,1,238548.42,236236.85,,,250044.26
60,4,1221152,1957616,885450,826019,17,250044.26,34,1,246185.67,238548.42,236236.85,,241850.74
60,5,1214858,1799326,872305,815460,17,241850.74,34,1,250044.26,246185.67,238548.42,236236.85,229635.85
60,6,1108180,1775261,893959,763899,17,229635.85,34,1,241850.74,250044.26,246185.67,238548.42,236473.1
60,7,1114681,1782314,973051,817356,15,236473.1,34,1,229635.85,241850.74,250044.26,246185.67,239866.16
60,8,1236768,1810922,965307,755379,16,239866.16,34,1,236473.1,229635.85,241850.74,250044.26,252270.8
60,9,1243026,1999033,870633,818491,15,252270.8,34,1,239866.16,236473.1,229635.85,241850.74,244390.45
60,10,1238155,1811860,885916,818588,15,244390.45,34,1,252270.8,239866.16,236473.1,229635.85,240175.84
60,11,1225064,1822441,958524,763122,16,240175.84,34,1,244390.45,252270.8,239866.16,236473.1,238252.86
60,12,1237104,1792840,890818,759209,16,238252.86,34,1,240175.84,244390.45,252270.8,239866.16,232040.72
60,13,1116542,1802544,966706,758647,17,232040.72,34,1,238252.86,240175.84,244390.45,252270.8,237091.86
60,14,1121127,1821048,870442,820334,15,237091.86,34,1,232040.72,238252.86,240175.84,244390.45,236245.58
60,15,1118577,1777118,875311,832256,17,236245.58,34,1,237091.86,232040.72,238252.86,240175.84,238195.04
60,16,1115621,1828408,883510,830730,15,238195.04,34,1,236245.58,237091.86,232040.72,238252.86,253988.37
60,17,1239263,2000629,889379,836081,17,253988.37,34,1,238195.04,236245.58,237091.86,232040.72,247267.69
60,18,1237500,1997271,886725,764867,17,247267.69,34,1,253988.37,238195.04,236245.58,237091.86,244094.58
60,19,1126692,1973321,879586,821730,16,244094.58,34,1,247267.69,253988.37,238195.04,236245.58,231443.48
60,20,1108068,1818637,889023,764819,15,231443.48,34,1,244094.58,247267.69,253988.37,238195.04,237762.12
60,21,1111882,1813833,896880,832936,15,237762.12,34,1,231443.48,244094.58,247267.69,253988.37,238668.18
60,22,1217140,1819743,977416,749908,15,238668.18,34,1,237762.12,231443.48,244094.58,247267.69,246526.0
60,23,1235244,1952677,965592,764560,16,246526.0,34,1,238668.18,237762.12,231443.48,244094.58,247601.35
60,24,1138158,1988905,970516,828575,15,247601.35,34,1,246526.0,238668.18,237762.12,231443.48,238978.38
60,25,1125371,1804791,957708,829830,15,238978.38,34,1,247601.35,246526.0,238668.18,237762.12,237364.94
60,26,1131715,1800511,873137,824779,16,237364.94,34,1,238978.38,247601.35,246526.0,238668.18,239364.24
60,27,1235958,1797029,965206,756854,16,239364.24,34,1,237364.94,238978.38,247601.35,246526.0,243591.53
60,28,1214251,1823206,890650,820788,15,243591.53,34,1,239364.24,237364.94,238978.38,247601.35,236746.71
60,29,1137390,1778036,875677,823800,16,236746.71,34,1,243591.53,239364.24,237364.94,238978.38,231858.38
60,30,1123840,1779985,979879,759438,15,231858.38,34,1,236746.71,243591.53,239364.24,237364.94,
61,1,1841621,1383817,724964,574204,36,240929.99,34,1,,,,,229238.59
61,2,1661418,1353661,775863,578786,36,229238.59,34,1,240929.99,,,,224192.3
61,3,1663374,1371555,723011,522766,35,224192.3,34,1,229238.59,240929.99,,,230667.57
61,4,1672833,1511836,719524,523372,39,230667.57,34,1,224192.3,229238.59,240929.99,,239141.71
61,5,1816933,1363828,723209,581705,36,239141.71,34,1,230667.57,224192.3,229238.59,240929.99,228152.01
61,6,1697564,1385184,778416,525680,36,228152.01,34,1,239141.71,230667.57,224192.3,229238.59,240062.38
61,7,1822602,1373031,783569,572570,36,240062.38,34,1,228152.01,239141.71,230667.57,224192.3,241341.52
61,8,1831179,1501567,710149,534387,39,241341.52,34,1,240062.38,228152.01,239141.71,230667.57,239955.47
61,9,1817058,1495150,711730,531859,35,239955.47,34,1,241341.52,240062.38,228152.01,239141.71,230576.3
61,10,1653855,1501620,785676,528681,36,230576.3,34,1,239955.47,241341.52,240062.38,228152.01,230335.58
61,11,1659852,1375962,789791,579199,36,230335.58,34,1,230576.3,239955.47,241341.52,240062.38,235677.04
61,12,1671523,1511516,778029,569344,39,235677.04,34,1,230335.58,230576.3,239955.47,241341.52,245944.32
61,13,1807921,1522345,787228,578459,39,245944.32,34,1,235677.04,230335.58,230576.3,239955.47,225473.97
61,14,1665691,1356116,779446,532176,39,225473.97,34,1,245944.32,235677.04,230335.58,230576.3,232638.84
61,15,1694587,1392605,722756,584274,39,232638.84,34,1,225473.97,245944.32,235677.04,230335.58,242083.51
61,16,1851637,1495134,718774,529320,39,242083.51,34,1,232638.84,225473.97,245944.32,235677.04,234808.11
61,17,1672318,1485658,721097,581502,39,234808.11,34,1,242083.51,232638.84,225473.97,245944.32,241206.08
61,18,1815352,1506398,778295,529599,39,241206.08,34,1,234808.11,242083.51,232638.84,225473.97,239322.93
61,19,1821139,1491337,727109,520876,35,239322.93,34,1,241206.08,234808.11,242083.51,232638.84,235082.98
61,20,1661242,1509564,717983,581997,39,235082.98,34,1,239322.93,241206.08,234808.11,242083.51,242063.53
61,21,1837695,1381909,797405,577274,36,242063.53,34,1,235082.98,239322.93,241206.08,234808.11,246470.14
61,22,1842695,1523610,723453,570335,39,246470.14,34,1,242063.53,235082.98,239322.93,241206.08,230884.27
61,23,1676701,1494531,776420,520650,35,230884.27,34,1,246470.14,242063.53,235082.98,239322.93,238433.42
61,24,1694233,1516798,781104,580576,39,238433.42,34,1,230884.27,246470.14,242063.53,235082.98,225575.33
61,25,1664100,1360590,791644,530146,39,225575.33,34,1,238433.42,230884.27,246470.14,242063.53,236592.51
61,26,1846809,1385747,713477,523576,38,236592.51,34,1,225575.33,238433.42,230884.27,246470.14,241673.4
61,27,1834348,1493461,786728,525587,39,241673.4,34,1,236592.51,225575.33,238433.42,230884.27,239748.43
61,28,1829611,1485594,722956,522924,35,239748.43,34,1,241673.4,236592.51,225575.33,238433.42,227166.29
61,29,1682202,1393757,730413,530568,36,227166.29,34,1,239748.43,241673.4,236592.51,225575.33,228391.1
61,30,1694041,1381897,783964,531377,35,228391.1,34,1,227166.29,239748.43,241673.4,236592.51,
62,1,1200069,2105824,932630,894366,49,261816.67,34,1,,,,,254270.9
62,2,1186417,2081929,937206,830750,49,254270.9,34,1,261816.67,,,,256618.71
62,3,1187817,1916662,1033400,914850,49,256618.71,34,1,254270.9,261816.67,,,248504.67
62,4,1105095,1917098,931003,902804,45,248504.67,34,1,256618.71,254270.9,261816.67,,248793.18
62,5,1202942,1909337,1033431,820596,49,248793.18,34,1,248504.67,256618.71,254270.9,261816.67,257172.36
62,6,1091423,2113652,1018156,901738,49,257172.36,34,1,248793.18,248504.67,256618.71,254270.9,255901.94
62,7,1212446,2097963,920633,825716,49,255901.94,34,1,257172.36,248793.18,248504.67,256618.71,261611.11
62,8,1212193,2082046,922333,896277,45,261611.11,34,1,255901.94,257172.36,248793.18,248504.67,249736.16
62,9,1101632,1919299,1021841,901369,45,249736.16,34,1,261611.11,255901.94,257172.36,248793.18,247466.48
62,10,1199095,1902489,945808,827796,50,247466.48,34,1,249736.16,261611.11,255901.94,257172.36,249647.49
62,11,1094286,2083472,1025027,828984,45,249647.49,34,1,247466.48,249736.16,261611.11,255901.94,258562.1
62,12,1212246,2130993,1010351,823691,49,258562.1,34,1,249647.49,247466.48,249736.16,261611.11,255600.89
62,13,1080412,2135080,921748,899874,45,255600.89,34,1,258562.1,249647.49,247466.48,249736.16,250215.83
62,14,1085031,2108037,1020463,831383,45,250215.83,34,1,255600.89,258562.1,249647.49,247466.48,248250.16
62,15,1191571,1904022,1010428,829410,45,248250.16,34,1,250215.83,255600.89,258562.1,249647.49,248823.08
62,16,1093193,1914994,1020070,899623,49,248823.08,34,1,248250.16,250215.83,255600.89,258562.1,249482.7
62,17,1094912,2095376,931445,838248,45,249482.7,34,1,248823.08,248250.16,250215.83,255600.89,249023.76
62,18,1199950,1948997,940157,823921,50,249023.76,34,1,249482.7,248823.08,248250.16,250215.83,258384.34
62,19,1196853,2119070,1015711,837340,44,258384.34,34,1,249023.76,249482.7,248823.08,248250.16,243914.01
62,20,1104041,1950751,1019906,820846,50,243914.01,34,1,258384.34,249023.76,249482.7,248823.08,248905.21
62,21,1205989,1905035,1024316,823304,49,248905.21,34,1,243914.01,258384.34,249023.76,249482.7,257443.51
62,22,1189436,2131941,1013243,826721,45,257443.51,34,1,248905.21,243914.01,258384.34,249023.76,264937.0
62,23,1210145,2129781,1013306,895913,48,264937.0,34,1,257443.51,248905.21,243914.01,258384.34,249496.19
62,24,1087678,1934510,939994,916608,44,249496.19,34,1,264937.0,257443.51,248905.21,243914.01,257160.46
62,25,1101072,2119900,925786,908613,49,257160.46,34,1,249496.19,264937.0,257443.51,248905.21,255979.6
62,26,1086788,2137159,925977,897756,45,255979.6,34,1,257160.46,249496.19,264937.0,257443.51,252380.52
62,27,1097495,2124733,1009838,840625,45,252380.52,34,1,255979.6,257160.46,249496.19,264937.0,256534.44
62,28,1191640,2104481,1017809,826948,49,256534.44,34,1,252380.52,255979.6,257160.46,249496.19,254096.25
62,29,1182254,1911870,922393,913334,50,254096.25,34,1,256534.44,252380.52,255979.6,257160.46,250773.2
62,30,1087047,2098583,1019231,840716,49,250773.2,34,1,254096.25,256534.44,252380.52,255979.6,
63,1,1134995,1546247,1145044,771065,37,226576.71,34,1,,,,,239582.12
63,2,1217147,1706688,1142819,782258,40,239582.12,34,1,226576.71,,,,218640.04
63,3,1115722,1537155,1032073,721722,36,218640.04,34,1,239582.12,226576.71,,,240082.01
63,4,1239469,1687622,1156688,778068,39,240082.01,34,1,218640.04,239582.12,226576.71,,229243.0
63,5,1112193,1677731,1053600,772740,37,229243.0,34,1,240082.01,218640.04,239582.12,226576.71,234355.72
63,6,1244465,1703926,1059372,721164,39,234355.72,34,1,229243.0,240082.01,218640.04,239582.12,218985.1
63,7,1132935,1537135,1041643,711437,39,218985.1,34,1,234355.72,229243.0,240082.01,218640.04,232714.84
63,8,1122998,1693973,1135214,781066,36,232714.84,34,1,218985.1,234355.72,229243.0,240082.01,231429.61
63,9,1108436,1699527,1044545,791231,39,231429.61,34,1,232714.84,218985.1,234355.72,229243.0,232912.36
63,10,1237418,1550873,1042465,784257,36,232912.36,34,1,231429.61,232714.84,218985.1,234355.72,234017.97
63,11,1227658,1564825,1138085,779628,40,234017.97,34,1,232912.36,231429.61,232714.84,218985.1,228292.29
63,12,1121833,1569823,1158137,786229,40,228292.29,34,1,234017.97,232912.36,231429.61,232714.84,231702.74
63,13,1116723,1682148,1156136,776021,36,231702.74,34,1,228292.29,234017.97,232912.36,231429.61,232718.58
63,14,1239907,1565648,1046055,772816,36,232718.58,34,1,231702.74,228292.29,234017.97,232912.36,226055.77
63,15,1229183,1563273,1054420,706220,36,226055.77,34,1,232718.58,231702.74,228292.29,234017.97,240227.26
63,16,1234907,1714433,1048030,790341,36,240227.26,34,1,226055.77,232718.58,231702.74,228292.29,227000.22
63,17,1139632,1543671,1143056,773982,39,227000.22,34,1,240227.26,226055.77,232718.58,231702.74,227216.86
63,18,1222535,1552912,1145212,712125,36,227216.86,34,1,227000.22,240227.26,226055.77,232718.58,225377.81
63,19,1122624,1555729,1055911,778517,36,225377.81,34,1,227216.86,227000.22,240227.26,226055.77,237421.93
63,20,1214449,1703144,1058126,777331,36,237421.93,34,1,225377.81,227216.86,227000.22,240227.26,236478.83
63,21,1212771,1691702,1055170,773921,37,236478.83,34,1,237421.93,225377.81,227216.86,227000.22,225627.92
63,22,1110278,1565782,1041928,788053,36,225627.92,34,1,236478.83,237421.93,225377.81,227216.86,226978.28
63,23,1238191,1538642,1153738,703282,40,226978.28,34,1,225627.92,236478.83,237421.93,225377.81,225855.03
63,24,1241234,1537852,1059691,706150,40,225855.03,34,1,226978.28,225627.92,236478.83,237421.93,227517.96
63,25,1241808,1540774,1147180,706875,39,227517.96,34,1,225855.03,226978.28,225627.92,236478.83,233414.85
63,26,1227622,1700716,1147477,708263,40,233414.85,34,1,227517.96,225855.03,226978.28,225627.92,232292.33
63,27,1218401,1684284,1138105,711769,40,232292.33,34,1,233414.85,227517.96,225855.03,226978.28,234884.56
63,28,1234247,1715521,1149300,712603,40,234884.56,34,1,232292.33,233414.85,227517.96,225855.03,227194.45
63,29,1122876,1706914,1143057,712513,36,227194.45,34,1,234884.56,232292.33,233414.85,227517.96,225412.21
63,30,1112022,1539526,1162356,774620,40,225412.21,34,1,227194.45,234884.56,232292.33,233414.85,
64,1,1836592,2221984,1008035,841512,16,304401.15,34,1,,,,,312884.53
64,2,2005208,2236235,913166,825073,17,312884.53,34,1,304401.15,,,,319759.0
64,3,2005061,2244989,923512,895463,16,319759.0,34,1,312884.53,304401.15,,,300238.66
64,4,1825323,2035315,935083,903285,15,300238.66,34,1,319759.0,312884.53,304401.15,,304331.73
64,5,1993618,2030053,1002044,817940,16,304331.73,34,1,300238.66,319759.0,312884.53,304401.15,295693.26
64,6,1847183,2024317,935578,842177,17,295693.26,34,1,304331.73,300238.66,319759.0,312884.53,293723.92
64,7,1823686,2023395,1006066,824808,16,293723.92,34,1,295693.26,304331.73,300238.66,319759.0,309199.49
64,8,1966451,2033631,936331,901761,17,309199.49,34,1,293723.92,295693.26,304331.73,300238.66,314780.34
64,9,2005470,2255075,912426,837308,17,314780.34,34,1,309199.49,293723.92,295693.26,304331.73,311789.31
64,10,1969336,2249966,928269,829595,16,311789.31,34,1,314780.34,309199.49,293723.92,295693.26,292909.73
64,11,1835735,2034443,912903,818980,17,292909.73,34,1,311789.31,314780.34,309199.49,293723.92,312353.93
64,12,2005967,2025128,918124,915597,17,312353.93,34,1,292909.73,311789.31,314780.34,309199.49,312082.83
64,13,2001577,2225116,922104,822318,17,312082.83,34,1,312353.93,292909.73,311789.31,314780.34,294213.27
64,14,1836809,2025922,911960,836784,17,294213.27,34,1,312082.83,312353.93,292909.73,311789.31,313197.16
64,15,2012851,2032559,1001845,901293,17,313197.16,34,1,294213.27,312082.83,312353.93,292909.73,320435.05
64,16,1998866,2248232,928265,905041,17,320435.05,34,1,313197.16,294213.27,312082.83,312353.93,311444.51
64,17,1966438,2226552,1000313,825575,16,311444.51,34,1,320435.05,313197.16,294213.27,312082.83,295788.61
64,18,1832526,2041933,1011136,831831,16,295788.61,34,1,311444.51,320435.05,313197.16,294213.27,314530.33
64,19,2001801,2248963,1015009,821306,17,314530.33,34,1,295788.61,311444.51,320435.05,313197.16,301494.72
64,20,1803925,2227709,1006651,830361,17,301494.72,34,1,314530.33,295788.61,311444.51,320435.05,322769.96
64,21,2013868,2258346,926633,915758,17,322769.96,34,1,301494.72,314530.33,295788.61,311444.51,312654.97
64,22,1983687,2033682,1024185,911651,16,312654.97,34,1,322769.96,301494.72,314530.33,295788.61,304539.52
64,23,1848215,2221352,1002955,835910,17,304539.52,34,1,312654.97,322769.96,301494.72,314530.33,299852.34
64,24,1803459,2024965,1015714,904814,16,299852.34,34,1,304539.52,312654.97,322769.96,301494.72,310809.94
64,25,1969741,2042301,1002149,901238,16,310809.94,34,1,299852.34,304539.52,312654.97,322769.96,313067.49
64,26,1986264,2043752,1005836,913050,16,313067.49,34,1,310809.94,299852.34,304539.52,312654.97,310497.83
64,27,1804752,2263530,1008402,912673,17,310497.83,34,1,313067.49,310809.94,299852.34,304539.52,310654.61
64,28,1990075,2052459,912872,896465,17,310654.61,34,1,310497.83,313067.49,310809.94,299852.34,309210.55
64,29,1797452,2237110,1026240,912641,17,309210.55,34,1,310654.61,310497.83,313067.49,310809.94,303103.94
64,30,1830824,2226703,934009,842582,15,303103.94,34,1,309210.55,310654.61,310497.83,313067.49,
65,1,1208366,2289034,640419,570871,42,236034.51,34,1,,,,,236745.33
65,2,1347285,2093229,642454,569303,38,236745.33,34,1,236034.51,,,,244380.91
65,3,1348059,2276433,696214,558689,39,244380.91,34,1,236745.33,236034.51,,,232825.5
65,4,1229025,2301057,653446,512497,38,232825.5,34,1,244380.91,236745.33,236034.51,,244033.59
65,5,1337182,2254035,712046,570148,42,244033.59,34,1,232825.5,244380.91,236745.33,236034.51,229497.59
65,6,1318800,2071079,648180,518633,39,229497.59,34,1,244033.59,232825.5,244380.91,236745.33,222904.87
65,7,1214990,2096400,644995,508983,42,222904.87,34,1,229497.59,244033.59,232825.5,244380.91,234896.87
65,8,1205257,2259054,644310,573684,38,234896.87,34,1,222904.87,229497.59,244033.59,232825.5,229243.19
65,9,1336236,2051680,650233,511898,39,229243.19,34,1,234896.87,222904.87,229497.59,244033.59,236072.24
65,10,1325075,2085388,708909,569322,39,236072.24,34,1,229243.19,234896.87,222904.87,229497.59,228694.32
65,11,1316466,2051105,710341,509327,42,228694.32,34,1,236072.24,229243.19,234896.87,222904.87,230419.54
65,12,1345880,2055763,640115,517962,39,230419.54,34,1,228694.32,236072.24,229243.19,234896.87,235777.28
65,13,1340237,2091611,654007,562272,43,235777.28,34,1,230419.54,228694.32,236072.24,229243.19,231550.87
65,14,1340394,2102192,651790,510801,38,231550.87,34,1,235777.28,230419.54,228694.32,236072.24,242059.66
65,15,1326407,2262591,653227,562761,42,242059.66,34,1,231550.87,235777.28,230419.54,228694.32,243241.5
65,16,1320944,2281132,648288,572102,39,243241.5,34,1,242059.66,231550.87,235777.28,230419.54,230443.97
65,17,1235387,2084460,703527,572784,42,230443.97,34,1,243241.5,242059.66,231550.87,235777.28,236040.33
65,18,1325248,2111819,641451,568889,39,236040.33,34,1,230443.97,243241.5,242059.66,231550.87,233582.81
65,19,1338000,2058840,637153,557815,39,233582.81,34,1,236040.33,230443.97,243241.5,242059.66,238950.71
65,20,1324422,2302505,647953,512178,39,238950.71,34,1,233582.81,236040.33,230443.97,243241.5,232768.64
65,21,1336444,2091348,709424,521657,43,232768.64,34,1,238950.71,233582.81,236040.33,230443.97,229232.92
65,22,1337329,2049802,648396,512204,39,229232.92,34,1,232768.64,238950.71,233582.81,236040.33,230858.71
65,23,1338895,2087857,638813,513214,38,230858.71,34,1,229232.92,232768.64,238950.71,233582.81,235828.93
65,24,1213364,2259383,705671,566854,38,235828.93,34,1,230858.71,229232.92,232768.64,238950.71,233833.46
65,25,1203687,2264263,653846,558868,38,233833.46,34,1,235828.93,230858.71,229232.92,232768.64,225156.82
65,26,1231774,2092930,698034,513834,39,225156.82,34,1,233833.46,235828.93,230858.71,229232.92,237461.67
65,27,1224597,2301863,644386,568360,42,237461.67,34,1,225156.82,233833.46,235828.93,230858.71,242592.13
65,28,1321426,2254809,699345,567451,38,242592.13,34,1,237461.67,225156.82,233833.46,235828.93,227258.06
65,29,1211025,2067923,644381,573415,42,227258.06,34,1,242592.13,237461.67,225156.82,233833.46,233406.95
65,30,1230522,2267520,713636,522442,38,233406.95,34,1,227258.06,242592.13,237461.67,225156.82,
66,1,1698711,2081756,784975,441849,41,249894.17,34,1,,,,,262022.67
66,2,1680199,2318747,700974,495091,46,262022.67,34,1,249894.17,,,,261685.94
66,3,1698024,2280316,718213,493224,41,261685.94,34,1,262022.67,249894.17,,,256396.75
66,4,1669872,2312055,703147,442837,46,256396.75,34,1,261685.94,262022.67,249894.17,,253329.7
66,5,1686056,2071756,769266,496533,45,253329.7,34,1,256396.75,261685.94,262022.67,249894.17,245800.54
66,6,1564370,2121164,715132,487478,42,245800.54,34,1,253329.7,256396.75,261685.94,262022.67,253560.72
66,7,1693603,2068726,782875,492598,42,253560.72,34,1,245800.54,253329.7,256396.75,261685.94,239973.24
66,8,1554504,2060797,779088,446279,41,239973.24,34,1,253560.72,245800.54,253329.7,256396.75,252842.15
66,9,1567709,2270377,771903,483639,45,252842.15,34,1,239973.24,253560.72,245800.54,253329.7,261811.99
66,10,1670727,2309165,767793,491824,46,261811.99,34,1,252842.15,239973.24,253560.72,245800.54,253064.27
66,11,1715489,2117211,783082,448850,42,253064.27,34,1,261811.99,252842.15,239973.24,253560.72,252449.45
66,12,1715542,2115499,768074,445520,45,252449.45,34,1,253064.27,261811.99,252842.15,239973.24,260069.58
66,13,1707297,2286398,783123,453979,45,260069.58,34,1,252449.45,253064.27,261811.99,252842.15,249390.73
66,14,1536323,2318546,772007,445585,41,249390.73,34,1,260069.58,252449.45,253064.27,261811.99,259589.25
66,15,1710915,2314022,718627,445010,41,259589.25,34,1,249390.73,260069.58,252449.45,253064.27,260960.7
66,16,1675779,2299636,707972,494082,41,260960.7,34,1,259589.25,249390.73,260069.58,252449.45,244184.14
66,17,1544020,2079458,786205,490559,41,244184.14,34,1,260960.7,259589.25,249390.73,260069.58,255083.78
66,18,1703119,2120548,708957,492101,41,255083.78,34,1,244184.14,260960.7,259589.25,249390.73,257014.34
66,19,1688544,2278395,721828,448462,46,257014.34,34,1,255083.78,244184.14,260960.7,259589.25,251091.32
66,20,1709894,2107399,703222,450102,41,251091.32,34,1,257014.34,255083.78,244184.14,260960.7,247455.87
66,21,1675731,2073962,706181,449304,42,247455.87,34,1,251091.32,257014.34,255083.78,244184.14,237848.54
66,22,1527339,2060310,775077,443196,45,237848.54,34,1,247455.87,251091.32,257014.34,255083.78,251775.09
66,23,1681364,2069354,703445,495778,46,251775.09,34,1,237848.54,247455.87,251091.32,257014.34,244894.0
66,24,1530120,2122989,777085,489905,41,244894.0,34,1,251775.09,237848.54,247455.87,251091.32,253120.81
66,25,1678131,2100527,770403,486373,42,253120.81,34,1,244894.0,251775.09,237848.54,247455.87,249991.85
66,26,1701953,2078575,788991,441343,42,249991.85,34,1,253120.81,244894.0,251775.09,237848.54,249638.9
66,27,1703814,2091289,718397,443067,42,249638.9,34,1,249991.85,253120.81,244894.0,251775.09,260462.2
66,28,1670902,2275259,782241,489821,41,260462.2,34,1,249638.9,249991.85,253120.81,244894.0,238889.09
66,29,1525954,2100041,707002,449726,42,238889.09,34,1,260462.2,249638.9,249991.85,253120.81,252730.8
66,30,1528488,2317671,783882,486492,42,252730.8,34,1,238889.09,260462.2,249638.9,249991.85,
67,1,1375193,1988362,983331,402398,35,224721.84,34,1,,,,,227016.26
67,2,1501999,1841855,970160,407004,40,227016.26,34,1,224721.84,,,,213871.48
67,3,1349279,1825575,971892,378249,39,213871.48,34,1,227016.26,224721.84,,,225995.7
67,4,1352093,1995460,1072362,413601,39,225995.7,34,1,213871.48,227016.26,224721.84,,227183.55
67,5,1509552,1823131,975697,411107,35,227183.55,34,1,225995.7,213871.48,227016.26,224721.84,224788.29
67,6,1349256,2012878,983729,410335,39,224788.29,34,1,227183.55,225995.7,213871.48,227016.26,223447.5
67,7,1354573,1989192,976341,403971,40,223447.5,34,1,224788.29,227183.55,225995.7,213871.48,225481.82
67,8,1504146,1836657,1080192,370798,40,225481.82,34,1,223447.5,224788.29,227183.55,225995.7,230460.62
67,9,1487667,2026945,969555,369811,40,230460.62,34,1,225481.82,223447.5,224788.29,227183.55,227228.32
67,10,1505945,1823646,986130,412054,36,227228.32,34,1,230460.62,225481.82,223447.5,224788.29,225152.59
67,11,1358458,2042764,1076707,376958,39,225152.59,34,1,227228.32,230460.62,225481.82,223447.5,215875.23
67,12,1382527,1838507,985589,368083,36,215875.23,34,1,225152.59,227228.32,230460.62,225481.82,224694.09
67,13,1475665,1843846,1089280,377545,40,224694.09,34,1,215875.23,225152.59,227228.32,230460.62,214446.87
67,14,1344302,1824737,1070859,370554,39,214446.87,34,1,224694.09,215875.23,225152.59,227228.32,219971.58
67,15,1379396,1858940,972845,408603,39,219971.58,34,1,214446.87,224694.09,215875.23,225152.59,232305.13
67,16,1484764,2031338,1072775,371503,36,232305.13,34,1,219971.58,214446.87,224694.09,215875.23,225231.54
67,17,1374032,2038848,1064899,370606,40,225231.54,34,1,232305.13,219971.58,214446.87,224694.09,221897.75
67,18,1359374,1999350,992045,375766,39,221897.75,34,1,225231.54,232305.13,219971.58,214446.87,234445.9
67,19,1488384,2019601,993739,412483,39,234445.9,34,1,221897.75,225231.54,232305.13,219971.58,221887.72
67,20,1349715,2020252,973719,376253,36,221887.72,34,1,234445.9,221897.75,225231.54,232305.13,233937.68
67,21,1497388,1994178,996771,411608,39,233937.68,34,1,221887.72,234445.9,221897.75,225231.54,224696.4
67,22,1508650,1812781,1062591,373133,36,224696.4,34,1,233937.68,221887.72,234445.9,221897.75,217952.03
67,23,1380914,1813462,973450,406093,36,217952.03,34,1,224696.4,233937.68,221887.72,234445.9,222266.22
67,24,1349400,1988291,1072964,377396,39,222266.22,34,1,217952.03,224696.4,233937.68,221887.72,232075.11
67,25,1483016,2030383,1074645,370312,35,232075.11,34,1,222266.22,217952.03,224696.4,233937.68,226999.4
67,26,1510516,1867796,1076715,369248,39,226999.4,34,1,232075.11,222266.22,217952.03,224696.4,212479.41
67,27,1342112,1813337,982102,371780,36,212479.41,34,1,226999.4,232075.11,222266.22,217952.03,232838.72
67,28,1509671,2026166,986570,377631,35,232838.72,34,1,212479.41,226999.4,232075.11,222266.22,227949.48
67,29,1500365,1817141,1089226,408279,39,227949.48,34,1,232838.72,212479.41,226999.4,232075.11,235792.95
67,30,1498294,2034696,997552,412610,35,235792.95,34,1,227949.48,232838.72,212479.41,226999.4,
68,1,1637036,2177142,962727,454381,1,253931.55,34,1,,,,,241283.21
68,2,1465257,2019411,1033521,497807,1,241283.21,34,1,253931.55,,,,245750.87
68,3,1632216,1979133,1030899,446493,1,245750.87,34,1,241283.21,253931.55,,,258593.45
68,4,1630324,2168378,1053542,498406,1,258593.45,34,1,245750.87,241283.21,253931.55,,237834.41
68,5,1483988,2018694,1052846,442912,1,237834.41,34,1,258593.45,245750.87,241283.21,253931.55,256692.58
68,6,1604294,2171734,1036425,497602,1,256692.58,34,1,237834.41,258593.45,245750.87,241283.21,242929.03
68,7,1457987,2156356,1052058,454423,1,242929.03,34,1,256692.58,237834.41,258593.45,245750.87,239257.16
68,8,1494171,1984875,942970,487075,1,239257.16,34,1,242929.03,256692.58,237834.41,258593.45,235294.5
68,9,1459973,1995027,1043125,444752,1,235294.5,34,1,239257.16,242929.03,256692.58,237834.41,235492.01
68,10,1475736,1999493,955437,449527,1,235492.01,34,1,235294.5,239257.16,242929.03,256692.58,245712.35
68,11,1500603,2204419,965549,448146,1,245712.35,34,1,235492.01,235294.5,239257.16,242929.03,255714.93
68,12,1600595,2181099,1033781,485561,1,255714.93,34,1,245712.35,235492.01,235294.5,239257.16,257695.53
68,13,1642087,2182799,943976,493283,1,257695.53,34,1,255714.93,245712.35,235492.01,235294.5,246913.85
68,14,1480259,2179030,958104,489217,1,246913.85,34,1,257695.53,255714.93,245712.35,235492.01,240781.44
68,15,1496944,2014984,947940,487121,1,240781.44,34,1,246913.85,257695.53,255714.93,245712.35,244538.58
68,16,1483076,2183117,1041804,443702,1,244538.58,34,1,240781.44,246913.85,257695.53,255714.93,252991.05
68,17,1625733,2149072,1043691,450329,1,252991.05,34,1,244538.58,240781.44,246913.85,257695.53,249314.16
68,18,1625113,2005639,958788,491968,1,249314.16,34,1,252991.05,244538.58,240781.44,246913.85,255445.57
68,19,1612324,2187351,952801,486008,1,255445.57,34,1,249314.16,252991.05,244538.58,240781.44,253181.46
68,20,1611894,2169180,1037400,454213,1,253181.46,34,1,255445.57,249314.16,252991.05,244538.58,257777.14
68,21,1635372,2188003,945271,496366,1,257777.14,34,1,253181.46,255445.57,249314.16,252991.05,244993.91
68,22,1493733,2207942,953565,445669,1,244993.91,34,1,257777.14,253181.46,255445.57,249314.16,242219.87
68,23,1487837,1995380,1056397,498933,1,242219.87,34,1,244993.91,257777.14,253181.46,255445.57,239406.12
68,24,1470672,1961631,1044704,497846,1,239406.12,34,1,242219.87,244993.91,257777.14,253181.46,252284.83
68,25,1623581,2181300,966764,443129,1,252284.83,34,1,239406.12,242219.87,244993.91,257777.14,243156.47
68,26,1459590,2167767,1048741,451108,1,243156.47,34,1,252284.83,239406.12,242219.87,244993.91,255112.1
68,27,1639303,2183267,1048446,447377,1,255112.1,34,1,243156.47,252284.83,239406.12,242219.87,245689.97
68,28,1462692,2178742,945585,490688,1,245689.97,34,1,255112.1,243156.47,252284.83,239406.12,238491.51
68,29,1490822,2009887,1044945,450809,1,238491.51,34,1,245689.97,255112.1,243156.47,252284.83,244400.98
68,30,1466032,2200992,1036800,447053,1,244400.98,34,1,238491.51,245689.97,255112.1,243156.47,
69,1,1439750,2277607,780355,299706,7,228396.62,34,1,,,,,229749.73
69,2,1592264,2096636,717028,300522,7,229749.73,34,1,228396.62,,,,235390.26
69,3,1622712,2125443,701127,330726,8,235390.26,34,1,229749.73,228396.62,,,234861.96
69,4,1618391,2081678,780927,333715,7,234861.96,34,1,235390.26,229749.73,228396.62,,233163.21
69,5,1462182,2286851,772186,333641,7,233163.21,34,1,234861.96,235390.26,229749.73,228396.62,240610.94
69,6,1593835,2275701,711927,337752,7,240610.94,34,1,233163.21,234861.96,235390.26,229749.73,231415.8
69,7,1622923,2069377,767324,300427,7,231415.8,34,1,240610.94,233163.21,234861.96,235390.26,245047.1
69,8,1623435,2325986,782977,329406,7,245047.1,34,1,231415.8,240610.94,233163.21,234861.96,229248.21
69,9,1590139,2078987,698362,308072,7,229248.21,34,1,245047.1,231415.8,240610.94,233163.21,239868.83
69,10,1610512,2301306,697772,308248,7,239868.83,34,1,229248.21,245047.1,231415.8,240610.94,233824.86
69,11,1608978,2093174,712635,336101,7,233824.86,34,1,239868.83,229248.21,245047.1,231415.8,222411.27
69,12,1462490,2119843,717570,301569,7,222411.27,34,1,233824.86,239868.83,229248.21,245047.1,223778.66
69,13,1473213,2132190,696838,307080,7,223778.66,34,1,222411.27,233824.86,239868.83,229248.21,242300.6
69,14,1595912,2326273,714196,331139,7,242300.6,34,1,223778.66,222411.27,233824.86,239868.83,224080.86
69,15,1470759,2111802,778462,306766,7,224080.86,34,1,242300.6,223778.66,222411.27,233824.86,230851.03
69,16,1457182,2305889,763801,304300,7,230851.03,34,1,224080.86,242300.6,223778.66,222411.27,228027.02
69,17,1580009,2076036,703704,302206,7,228027.02,34,1,230851.03,224080.86,242300.6,223778.66,234673.15
69,18,1593634,2130562,772631,328268,7,234673.15,34,1,228027.02,230851.03,224080.86,242300.6,224198.4
69,19,1443938,2096524,766102,336682,7,224198.4,34,1,234673.15,228027.02,230851.03,224080.86,234490.88
69,20,1455638,2329499,769285,333826,7,234490.88,34,1,224198.4,234673.15,228027.02,230851.03,233928.24
69,21,1602620,2083149,764668,336979,7,233928.24,34,1,234490.88,224198.4,234673.15,228027.02,224264.46
69,22,1444187,2103329,783032,330995,7,224264.46,34,1,233928.24,234490.88,224198.4,234673.15,232153.64
69,23,1605914,2104226,764920,305118,7,232153.64,34,1,224264.46,233928.24,234490.88,224198.4,224505.79
69,24,1449029,2092988,781108,335335,7,224505.79,34,1,232153.64,224264.46,233928.24,234490.88,238380.95
69,25,1607060,2280067,716462,300669,7,238380.95,34,1,224505.79,232153.64,224264.46,233928.24,243029.93
69,26,1607990,2316574,713186,335225,7,243029.93,34,1,238380.95,224505.79,232153.64,224264.46,236119.49
69,27,1474968,2327205,780243,337057,7,236119.49,34,1,243029.93,238380.95,224505.79,232153.64,221901.43
69,28,1471824,2076953,769932,299543,7,221901.43,34,1,236119.49,243029.93,238380.95,224505.79,239696.62
69,29,1596370,2301660,780008,301348,7,239696.62,34,1,221901.43,236119.49,243029.93,238380.95,232291.04
69,30,1581629,2083579,773138,332169,7,232291.04,34,1,239696.62,221901.43,236119.49,243029.93,
70,1,1708735,1813561,871999,304508,9,228373.07,34,1,,,,,228115.67
70,2,1687303,1797309,937379,312672,10,228115.67,34,1,228373.07,,,,227657.0
70,3,1689449,1815934,871458,309427,10,227657.0,34,1,228115.67,228373.07,,,237525.65
70,4,1866834,1787056,855860,307590,9,237525.65,34,1,227657.0,228115.67,228373.07,,239418.87
70,5,1892948,1799591,858068,303599,10,239418.87,34,1,237525.65,227657.0,228115.67,228373.07,222994.41
70,6,1731649,1658612,854209,303466,9,222994.41,34,1,239418.87,237525.65,227657.0,228115.67,236617.12
70,7,1849364,1789732,858513,308347,10,236617.12,34,1,222994.41,239418.87,237525.65,227657.0,227463.25
70,8,1736662,1641310,952960,339434,9,227463.25,34,1,236617.12,222994.41,239418.87,237525.65,230188.52
70,9,1693152,1788504,947934,333610,10,230188.52,34,1,227463.25,236617.12,222994.41,239418.87,231049.77
70,10,1868538,1621514,851914,312013,9,231049.77,34,1,230188.52,227463.25,236617.12,222994.41,233591.84
70,11,1872444,1624415,859261,334709,9,233591.84,34,1,231049.77,230188.52,227463.25,236617.12,225128.29
70,12,1725907,1645709,869537,334440,10,225128.29,34,1,233591.84,231049.77,230188.52,227463.25,240865.78
70,13,1868009,1780506,928886,333505,10,240865.78,34,1,225128.29,233591.84,231049.77,230188.52,223407.04
70,14,1705919,1628763,858942,339507,10,223407.04,34,1,240865.78,225128.29,233591.84,231049.77,236264.86
70,15,1894015,1652102,867314,334541,10,236264.86,34,1,223407.04,240865.78,225128.29,233591.84,233811.88
70,16,1731377,1812669,952728,334239,9,233811.88,34,1,236264.86,223407.04,240865.78,225128.29,225091.92
70,17,1700031,1655584,944510,334392,9,225091.92,34,1,233811.88,236264.86,223407.04,240865.78,228567.07
70,18,1733636,1780477,851435,307846,9,228567.07,34,1,225091.92,233811.88,236264.86,223407.04,224568.7
70,19,1730446,1651867,940216,309234,10,224568.7,34,1,228567.07,225091.92,233811.88,236264.86,232005.41
70,20,1848398,1658725,942324,303354,10,232005.41,34,1,224568.7,228567.07,225091.92,233811.88,232400.98
70,21,1856669,1625021,858480,332704,9,232400.98,34,1,232005.41,224568.7,228567.07,225091.92,222060.57
70,22,1710184,1663696,860197,305091,9,222060.57,34,1,232400.98,232005.41,224568.7,228567.07,232238.89
70,23,1862564,1625342,938240,311980,10,232238.89,34,1,222060.57,232400.98,232005.41,224568.7,222939.68
70,24,1706964,1619065,852453,339252,10,222939.68,34,1,232238.89,222060.57,232400.98,232005.41,222685.58
70,25,1690050,1668380,944652,308926,9,222685.58,34,1,222939.68,232238.89,222060.57,232400.98,229175.23
70,26,1733325,1799764,857528,304762,9,229175.23,34,1,222685.58,222939.68,232238.89,222060.57,234187.44
70,27,1893633,1624129,950521,309579,10,234187.44,34,1,229175.23,222685.58,222939.68,232238.89,224185.32
70,28,1695387,1635409,939014,338031,9,224185.32,34,1,234187.44,229175.23,222685.58,222939.68,229617.53
70,29,1697404,1822445,951345,307869,9,229617.53,34,1,224185.32,234187.44,229175.23,222685.58,230096.87
70,30,1691635,1817310,850747,338049,9,230096.87,34,1,229617.53,224185.32,234187.44,229175.23,
71,1,1220737,1751805,902111,666146,2,227267.67,34,1,,,,,222449.28
71,2,1118196,1772474,987804,661217,2,222449.28,34,1,227267.67,,,,225455.91
71,3,1242549,1781763,985452,601300,2,225455.91,34,1,222449.28,227267.67,,,229542.63
71,4,1228827,1940963,899414,598366,2,229542.63,34,1,225455.91,222449.28,227267.67,,229695.59
71,5,1142086,1918375,961708,661522,2,229695.59,34,1,229542.63,225455.91,222449.28,227267.67,227805.77
71,6,1221449,1736700,973336,665619,2,227805.77,34,1,229695.59,229542.63,225455.91,222449.28,223919.36
71,7,1240411,1746708,986786,601805,2,223919.36,34,1,227805.77,229695.59,229542.63,225455.91,224104.74
71,8,1128206,1945763,962762,596617,2,224104.74,34,1,223919.36,227805.77,229695.59,229542.63,215906.74
71,9,1118982,1782732,891128,600974,2,215906.74,34,1,224104.74,223919.36,227805.77,229695.59,226826.76
71,10,1117963,1934422,889775,652724,2,226826.76,34,1,215906.74,224104.74,223919.36,227805.77,231436.36
71,11,1249387,1955453,901615,597469,2,231436.36,34,1,226826.76,215906.74,224104.74,223919.36,235577.67
71,12,1226826,1947982,901425,663103,2,235577.67,34,1,231436.36,226826.76,215906.74,224104.74,228938.58
71,13,1224862,1908118,962708,598205,2,228938.58,34,1,235577.67,231436.36,226826.76,215906.74,228119.36
71,14,1242162,1758185,878354,661564,2,228119.36,34,1,228938.58,235577.67,231436.36,226826.76,233891.12
71,15,1228240,1919726,889589,658641,2,233891.12,34,1,228119.36,228938.58,235577.67,231436.36,230939.38
71,16,1144979,1935966,984727,660884,2,230939.38,34,1,233891.12,228119.36,228938.58,235577.67,223208.2
71,17,1238926,1747507,984901,594960,2,223208.2,34,1,230939.38,233891.12,228119.36,228938.58,229553.89
71,18,1125503,1947703,976503,655578,2,229553.89,34,1,223208.2,230939.38,233891.12,228119.36,218197.78
71,19,1136667,1769451,961242,607042,2,218197.78,34,1,229553.89,223208.2,230939.38,233891.12,227219.63
71,20,1221476,1758845,889301,664154,2,227219.63,34,1,218197.78,229553.89,223208.2,230939.38,221226.13
71,21,1126375,1908037,886897,597331,2,221226.13,34,1,227219.63,218197.78,229553.89,223208.2,237108.4
71,22,1241574,1939056,984576,658456,2,237108.4,34,1,221226.13,227219.63,218197.78,229553.89,229907.72
71,23,1138762,1941986,901802,666239,2,229907.72,34,1,237108.4,221226.13,227219.63,218197.78,222473.72
71,24,1135700,1905123,889131,605406,2,222473.72,34,1,229907.72,237108.4,221226.13,227219.63,234120.02
71,25,1232052,1923816,879448,658392,2,234120.02,34,1,222473.72,229907.72,237108.4,221226.13,227268.78
71,26,1248214,1738606,890802,654589,2,227268.78,34,1,234120.02,222473.72,229907.72,237108.4,225346.36
71,27,1138644,1927364,969586,610167,2,225346.36,34,1,227268.78,234120.02,222473.72,229907.72,228697.0
71,28,1134266,1948179,900923,653335,2,228697.0,34,1,225346.36,227268.78,234120.02,222473.72,230483.45
71,29,1142951,1942108,974979,656216,2,230483.45,34,1,228697.0,225346.36,227268.78,234120.02,225529.83
71,30,1237078,1787449,984548,603581,2,225529.83,34,1,230483.45,228697.0,225346.36,227268.78,
72,1,1407466,1503091,834513,667671,40,228004.93,34,1,,,,,210779.68
72,2,1293495,1381826,899280,602992,40,210779.68,34,1,228004.93,,,,228627.95
72,3,1400025,1498372,893771,671314,39,228627.95,34,1,210779.68,228004.93,,,217821.75
72,4,1301881,1512531,903641,613669,39,217821.75,34,1,228627.95,210779.68,228004.93,,227297.65
72,5,1395320,1500350,834150,669891,43,227297.65,34,1,217821.75,228627.95,210779.68,228004.93,218064.79
72,6,1420684,1366351,819054,614149,43,218064.79,34,1,227297.65,217821.75,228627.95,210779.68,219081.03
72,7,1271597,1489706,832784,672896,39,219081.03,34,1,218064.79,227297.65,217821.75,228627.95,218757.47
72,8,1410800,1353287,913488,617775,43,218757.47,34,1,219081.03,218064.79,227297.65,217821.75,227882.76
72,9,1406058,1477524,903472,666605,43,227882.76,34,1,218757.47,219081.03,218064.79,227297.65,208003.46
72,10,1269547,1352983,908023,601193,43,208003.46,34,1,227882.76,218757.47,219081.03,218064.79,217240.99
72,11,1402356,1380597,819030,611587,44,217240.99,34,1,208003.46,227882.76,218757.47,219081.03,208981.89
72,12,1267780,1373571,827894,618381,39,208981.89,34,1,217240.99,208003.46,227882.76,218757.47,216529.7
72,13,1286950,1500120,911822,614329,44,216529.7,34,1,208981.89,217240.99,208003.46,227882.76,220768.76
72,14,1285940,1510352,828009,672600,40,220768.76,34,1,216529.7,208981.89,217240.99,208003.46,218547.65
72,15,1411183,1357792,896588,616171,39,218547.65,34,1,220768.76,216529.7,208981.89,217240.99,220288.99
72,16,1275691,1510905,904125,660511,43,220288.99,34,1,218547.65,220768.76,216529.7,208981.89,217371.4
72,17,1390130,1384155,835223,617226,39,217371.4,34,1,220288.99,218547.65,220768.76,216529.7,220924.13
72,18,1390649,1362742,827678,667543,43,220924.13,34,1,217371.4,220288.99,218547.65,220768.76,225376.42
72,19,1418205,1501150,910112,617925,40,225376.42,34,1,220924.13,217371.4,220288.99,218547.65,219246.6
72,20,1425428,1385219,897272,600839,43,219246.6,34,1,225376.42,220924.13,217371.4,220288.99,223439.05
72,21,1415385,1375993,821123,672707,40,223439.05,34,1,219246.6,225376.42,220924.13,217371.4,223836.03
72,22,1421133,1492604,896009,605267,44,223836.03,34,1,223439.05,219246.6,225376.42,220924.13,220327.83
72,23,1277877,1509285,830054,673624,43,220327.83,34,1,223836.03,223439.05,219246.6,225376.42,222318.46
72,24,1394306,1370264,916203,660750,44,222318.46,34,1,220327.83,223836.03,223439.05,219246.6,216774.09
72,25,1302759,1509898,833482,615431,39,216774.09,34,1,222318.46,220327.83,223836.03,223439.05,228106.03
72,26,1414812,1497030,835564,666126,43,228106.03,34,1,216774.09,222318.46,220327.83,223836.03,216062.19
72,27,1297640,1512349,825149,611594,43,216062.19,34,1,228106.03,216774.09,222318.46,220327.83,218291.49
72,28,1404679,1358686,896048,617684,43,218291.49,34,1,216062.19,228106.03,216774.09,222318.46,229750.37
72,29,1413079,1495277,895996,675401,43,229750.37,34,1,218291.49,216062.19,228106.03,216774.09,215679.21
72,30,1300094,1350935,893872,667878,43,215679.21,34,1,229750.37,218291.49,216062.19,228106.03,
73,1,1365407,2082225,735991,224326,29,207885.13,34,1,,,,,202343.24
73,2,1249481,2091714,734912,241998,27,202343.24,34,1,207885.13,,,,209706.96
73,3,1272033,2235773,738344,240035,29,209706.96,34,1,202343.24,207885.13,,,208377.46
73,4,1263262,2257604,730486,222910,29,208377.46,34,1,209706.96,202343.24,207885.13,,208395.18
73,5,1381792,2036056,719917,242539,27,208395.18,34,1,208377.46,209706.96,202343.24,207885.13,208893.02
73,6,1258160,2242157,729486,239635,30,208893.02,34,1,208395.18,208377.46,209706.96,202343.24,211229.3
73,7,1271004,2246620,798174,241723,27,211229.3,34,1,208893.02,208395.18,208377.46,209706.96,206415.2
73,8,1376724,2039100,718810,223015,29,206415.2,34,1,211229.3,208893.02,208395.18,208377.46,209815.88
73,9,1275184,2243052,807227,223047,29,209815.88,34,1,206415.2,211229.3,208893.02,208395.18,215596.02
73,10,1362082,2279581,722384,223215,29,215596.02,34,1,209815.88,206415.2,211229.3,208893.02,208225.0
73,11,1376169,2040121,735092,240039,30,208225.0,34,1,215596.02,209815.88,206415.2,211229.3,218803.74
73,12,1375977,2266102,804545,240070,27,218803.74,34,1,208225.0,215596.02,209815.88,206415.2,204438.91
73,13,1260021,2090058,804271,245780,30,204438.91,34,1,218803.74,208225.0,215596.02,209815.88,211704.12
73,14,1255527,2290051,788448,239753,27,211704.12,34,1,204438.91,218803.74,208225.0,215596.02,215062.69
73,15,1389698,2230670,722056,220183,30,215062.69,34,1,211704.12,204438.91,218803.74,208225.0,213149.59
73,16,1269199,2287253,798652,245391,27,213149.59,34,1,215062.69,211704.12,204438.91,218803.74,209526.62
73,17,1270771,2245772,804063,222330,27,209526.62,34,1,213149.59,215062.69,211704.12,204438.91,216848.67
73,18,1361440,2235084,793153,245292,29,216848.67,34,1,209526.62,213149.59,215062.69,211704.12,214746.98
73,19,1367352,2227797,802494,219416,27,214746.98,34,1,216848.67,209526.62,213149.59,215062.69,201154.42
73,20,1269074,2081803,724651,221198,27,201154.42,34,1,214746.98,216848.67,209526.62,213149.59,219428.11
73,21,1369592,2287707,794058,243478,28,219428.11,34,1,201154.42,214746.98,216848.67,209526.62,210543.09
73,22,1360336,2088143,799280,243163,29,210543.09,34,1,219428.11,201154.42,214746.98,216848.67,202510.3
73,23,1276107,2067663,801073,223801,27,202510.3,34,1,210543.09,219428.11,201154.42,214746.98,210562.25
73,24,1393183,2088112,804594,218815,27,210562.25,34,1,202510.3,210543.09,219428.11,201154.42,198266.54
73,25,1246860,2051961,722294,219405,27,198266.54,34,1,210562.25,202510.3,210543.09,219428.11,208265.45
73,26,1383616,2072041,732214,220866,28,208265.45,34,1,198266.54,210562.25,202510.3,210543.09,202971.76
73,27,1267366,2050600,807035,242019,30,202971.76,34,1,208265.45,198266.54,210562.25,202510.3,214312.79
73,28,1369763,2235868,737443,220983,29,214312.79,34,1,202971.76,208265.45,198266.54,210562.25,211477.28
73,29,1268207,2248256,801760,245067,30,211477.28,34,1,214312.79,202971.76,208265.45,198266.54,212296.37
73,30,1391556,2079912,788291,245982,30,212296.37,34,1,211477.28,214312.79,202971.76,208265.45,
74,1,1835283,1898049,804770,573830,21,263292.69,34,1,,,,,275484.23
74,2,2002459,2064534,744719,522631,21,275484.23,34,1,263292.69,,,,271679.2
74,3,1965101,1903119,746286,581830,19,271679.2,34,1,275484.23,263292.69,,,259665.57
74,4,1796970,1908014,734719,569299,21,259665.57,34,1,271679.2,275484.23,263292.69,,280777.81
74,5,1997728,2071519,742327,581927,21,280777.81,34,1,259665.57,271679.2,275484.23,263292.69,260625.55
74,6,1798136,1869443,814265,582487,19,260625.55,34,1,280777.81,259665.57,271679.2,275484.23,263345.14
74,7,1806082,2066124,740459,529216,19,263345.14,34,1,260625.55,280777.81,259665.57,271679.2,278138.2
74,8,1965543,2037514,805328,580069,21,278138.2,34,1,263345.14,260625.55,280777.81,259665.57,272678.23
74,9,1967479,2053513,732807,523939,21,272678.23,34,1,278138.2,263345.14,260625.55,280777.81,274217.73
74,10,1987976,2047959,737063,528076,21,274217.73,34,1,272678.23,278138.2,263345.14,260625.55,263122.5
74,11,1837997,1886831,806159,574939,21,263122.5,34,1,274217.73,272678.23,278138.2,263345.14,268325.02
74,12,1822018,2061301,730930,576951,21,268325.02,34,1,263122.5,274217.73,272678.23,278138.2,271089.5
74,13,1974569,1882209,735905,580071,19,271089.5,34,1,268325.02,263122.5,274217.73,272678.23,280933.04
74,14,1983777,2072817,809036,580916,19,280933.04,34,1,271089.5,268325.02,263122.5,274217.73,275768.97
74,15,1983515,2081251,805093,520651,20,275768.97,34,1,280933.04,271089.5,268325.02,263122.5,268630.27
74,16,1810133,2044938,818005,580590,21,268630.27,34,1,275768.97,280933.04,271089.5,268325.02,275722.6
74,17,1982627,2086441,743084,529673,20,275722.6,34,1,268630.27,275768.97,280933.04,271089.5,277627.14
74,18,1961260,2071880,742772,572954,21,277627.14,34,1,275722.6,268630.27,275768.97,280933.04,260091.19
74,19,1831842,1914756,802698,533437,21,260091.19,34,1,277627.14,275722.6,268630.27,275768.97,275885.64
74,20,1995421,2064116,803067,521698,21,275885.64,34,1,260091.19,277627.14,275722.6,268630.27,257706.6
74,21,1839573,1891029,736722,524467,19,257706.6,34,1,275885.64,260091.19,277627.14,275722.6,266408.56
74,22,1793399,2071425,738657,570169,21,266408.56,34,1,257706.6,275885.64,260091.19,277627.14,269336.81
74,23,1805135,2079217,822726,575269,19,269336.81,34,1,266408.56,257706.6,275885.64,260091.19,268086.75
74,24,1814279,2038588,808656,576231,21,268086.75,34,1,269336.81,266408.56,257706.6,275885.64,274077.18
74,25,1983320,2057388,741720,524647,19,274077.18,34,1,268086.75,269336.81,266408.56,257706.6,271781.25
74,26,1967950,1876844,817518,580107,20,271781.25,34,1,274077.18,268086.75,269336.81,266408.56,267293.56
74,27,2002684,1870289,734370,523575,21,267293.56,34,1,271781.25,274077.18,268086.75,269336.81,267554.73
74,28,1973290,1879109,806565,530349,21,267554.73,34,1,267293.56,271781.25,274077.18,268086.75,280604.86
74,29,2002098,2063974,752375,578534,21,280604.86,34,1,267554.73,267293.56,271781.25,274077.18,255532.45
74,30,1801628,1889520,738794,527954,19,255532.45,34,1,280604.86,267554.73,267293.56,271781.25,
75,1,1461254,1565810,683306,479795,37,214683.74,34,1,,,,,220645.79
75,2,1606282,1579502,691024,433912,37,220645.79,34,1,214683.74,,,,220682.24
75,3,1481061,1751778,758639,432136,37,220682.24,34,1,220645.79,214683.74,,,220079.61
75,4,1464011,1751544,749679,439445,41,220079.61,34,1,220682.24,220645.79,214683.74,,212901.73
75,5,1457464,1584378,757621,440604,38,212901.73,34,1,220079.61,220682.24,220645.79,214683.74,213793.27
75,6,1489700,1582912,748932,429581,40,213793.27,34,1,212901.73,220079.61,220682.24,220645.79,213882.53
75,7,1479107,1584102,762353,435185,41,213882.53,34,1,213793.27,212901.73,220079.61,220682.24,227006.97
75,8,1627793,1593454,748057,472117,41,227006.97,34,1,213882.53,213793.27,212901.73,220079.61,221758.31
75,9,1455281,1722775,762037,475422,37,221758.31,34,1,227006.97,213882.53,213793.27,212901.73,221191.71
75,10,1622148,1566415,688468,435094,37,221191.71,34,1,221758.31,227006.97,213882.53,213793.27,219597.28
75,11,1475974,1727431,759416,434902,40,219597.28,34,1,221191.71,221758.31,227006.97,213882.53,214714.53
75,12,1449464,1559975,760590,477223,40,214714.53,34,1,219597.28,221191.71,221758.31,227006.97,221562.39
75,13,1605060,1604055,681475,435308,41,221562.39,34,1,214714.53,219597.28,221191.71,221758.31,222774.31
75,14,1624486,1592887,750379,427400,41,222774.31,34,1,221562.39,214714.53,219597.28,221191.71,220694.59
75,15,1608511,1583567,690763,431009,41,220694.59,34,1,222774.31,221562.39,214714.53,219597.28,210163.41
75,16,1465373,1560082,684941,429063,41,210163.41,34,1,220694.59,222774.31,221562.39,214714.53,217144.3
75,17,1463180,1606552,750563,474543,41,217144.3,34,1,210163.41,220694.59,222774.31,221562.39,212257.75
75,18,1466296,1578455,749180,431401,37,212257.75,34,1,217144.3,210163.41,220694.59,222774.31,223733.01
75,19,1463943,1749465,753537,480270,37,223733.01,34,1,212257.75,217144.3,210163.41,220694.59,220583.48
75,20,1612545,1557956,686740,439484,40,220583.48,34,1,223733.01,212257.75,217144.3,210163.41,223046.01
75,21,1599230,1576009,686619,468016,38,223046.01,34,1,220583.48,223733.01,212257.75,217144.3,217890.8
75,22,1460502,1724901,757667,428596,37,217890.8,34,1,223046.01,220583.48,223733.01,212257.75,218584.03
75,23,1583731,1570111,692505,431342,37,218584.03,34,1,217890.8,223046.01,220583.48,223733.01,224359.71
75,24,1598155,1562625,755084,477075,41,224359.71,34,1,218584.03,217890.8,223046.01,220583.48,217607.53
75,25,1466047,1729448,690559,431595,37,217607.53,34,1,224359.71,218584.03,217890.8,223046.01,222787.05
75,26,1615096,1602729,745240,430665,41,222787.05,34,1,217607.53,224359.71,218584.03,217890.8,224870.69
75,27,1595151,1599075,689727,479918,41,224870.69,34,1,222787.05,217607.53,224359.71,218584.03,227784.98
75,28,1613321,1739245,689128,434313,37,227784.98,34,1,224870.69,222787.05,217607.53,224359.71,224198.75
75,29,1472138,1747228,751928,480873,38,224198.75,34,1,227784.98,224870.69,222787.05,217607.53,231945.8
75,30,1603109,1737502,761247,475451,37,231945.8,34,1,224198.75,227784.98,224870.69,222787.05,
76,1,1902310,1369944,756119,846462,20,269347.57,34,1,,,,,262532.99
76,2,1736102,1492810,700578,843531,21,262532.99,34,1,269347.57,,,,263885.17
76,3,1760189,1478209,764290,836366,21,263885.17,34,1,262532.99,269347.57,,,260515.13
76,4,1738539,1477000,694369,827865,21,260515.13,34,1,263885.17,262532.99,269347.57,,267469.94
76,5,1716767,1504868,699076,906854,22,267469.94,34,1,260515.13,263885.17,262532.99,269347.57,272100.46
76,6,1879956,1500810,699557,842703,20,272100.46,34,1,267469.94,260515.13,263885.17,262532.99,270417.47
76,7,1767702,1479864,695495,915171,22,270417.47,34,1,272100.46,267469.94,260515.13,263885.17,275280.31
76,8,1921909,1507318,766611,832566,22,275280.31,34,1,270417.47,272100.46,267469.94,260515.13,258071.43
76,9,1739198,1368071,762237,838416,21,258071.43,34,1,275280.31,270417.47,272100.46,267469.94,260274.47
76,10,1766196,1357725,774553,845990,21,260274.47,34,1,258071.43,275280.31,270417.47,272100.46,277223.97
76,11,1927200,1504554,774333,850190,21,277223.97,34,1,260274.47,258071.43,275280.31,270417.47,262186.0
76,12,1739044,1351278,693071,904542,22,262186.0,34,1,277223.97,260274.47,258071.43,275280.31,256260.95
76,13,1719751,1374215,756562,830502,23,256260.95,34,1,262186.0,277223.97,260274.47,258071.43,270349.95
76,14,1755707,1506459,706941,908632,20,270349.95,34,1,256260.95,262186.0,277223.97,260274.47,268153.6
76,15,1725088,1501413,700558,909788,20,268153.6,34,1,270349.95,256260.95,262186.0,277223.97,278133.11
76,16,1930001,1380015,698508,929809,21,278133.11,34,1,268153.6,270349.95,256260.95,262186.0,264750.3
76,17,1755643,1481731,770253,846508,20,264750.3,34,1,278133.11,268153.6,270349.95,256260.95,274193.37
76,18,1897853,1504177,763351,839854,22,274193.37,34,1,264750.3,278133.11,268153.6,270349.95,274205.66
76,19,1898479,1507871,758765,838664,22,274205.66,34,1,274193.37,264750.3,278133.11,268153.6,277765.96
76,20,1919764,1370238,757990,926786,20,277765.96,34,1,274205.66,274193.37,264750.3,278133.11,265269.93
76,21,1736441,1370543,708855,928804,20,265269.93,34,1,277765.96,274205.66,274193.37,264750.3,257063.39
76,22,1727620,1382904,757293,829587,20,257063.39,34,1,265269.93,277765.96,274205.66,274193.37,274297.55
76,23,1885559,1503716,757687,851093,21,274297.55,34,1,257063.39,265269.93,277765.96,274205.66,257259.9
76,24,1749531,1355546,757494,828661,21,257259.9,34,1,274297.55,257063.39,265269.93,277765.96,260337.92
76,25,1715341,1475351,694824,843255,21,260337.92,34,1,257259.9,274297.55,257063.39,265269.93,273851.0
76,26,1920952,1500825,698995,832742,21,273851.0,34,1,260337.92,257259.9,274297.55,257063.39,275240.32
76,27,1917187,1366160,692278,914502,20,275240.32,34,1,273851.0,260337.92,257259.9,274297.55,274158.81
76,28,1889392,1488625,771500,851277,21,274158.81,34,1,275240.32,273851.0,260337.92,257259.9,269860.83
76,29,1753026,1488745,703863,913905,22,269860.83,34,1,274158.81,275240.32,273851.0,260337.92,275120.74
76,30,1895659,1503777,768629,850936,23,275120.74,34,1,269860.83,274158.81,275240.32,273851.0,
77,1,1585032,1608755,760673,757099,33,250782.2,34,1,,,,,249986.8
77,2,1595540,1583012,778322,749437,37,249986.8,34,1,250782.2,,,,256314.03
77,3,1570272,1611417,764127,827182,34,256314.03,34,1,249986.8,250782.2,,,248211.37
77,4,1558146,1613739,776596,742704,33,248211.37,34,1,256314.03,249986.8,250782.2,,256822.48
77,5,1587510,1586602,779784,829076,36,256822.48,34,1,248211.37,256314.03,249986.8,250782.2,265381.67
77,6,1699612,1606126,847989,821931,33,265381.67,34,1,256822.48,248211.37,256314.03,249986.8,252811.0
77,7,1743608,1441662,763636,742533,33,252811.0,34,1,265381.67,256822.48,248211.37,256314.03,250185.19
77,8,1563613,1612872,841457,749238,34,250185.19,34,1,252811.0,265381.67,256822.48,248211.37,258787.6
77,9,1701204,1456612,760984,832830,37,258787.6,34,1,250185.19,252811.0,265381.67,256822.48,265828.69
77,10,1707492,1607098,838249,822549,33,265828.69,34,1,258787.6,250185.19,252811.0,265381.67,252324.31
77,11,1590553,1474152,782276,828685,34,252324.31,34,1,265828.69,258787.6,250185.19,252811.0,242150.58
77,12,1561603,1469835,760517,742650,34,242150.58,34,1,252324.31,265828.69,258787.6,250185.19,259604.21
77,13,1736348,1599645,771793,748353,37,259604.21,34,1,242150.58,252324.31,265828.69,258787.6,245246.84
77,14,1575565,1454985,839990,759345,33,245246.84,34,1,259604.21,242150.58,252324.31,265828.69,260830.27
77,15,1717396,1476232,762787,834424,33,260830.27,34,1,245246.84,259604.21,242150.58,252324.31,264519.24
77,16,1715856,1575618,852605,813993,33,264519.24,34,1,260830.27,245246.84,259604.21,242150.58,243400.03
77,17,1555029,1437335,838304,762112,36,243400.03,34,1,264519.24,260830.27,245246.84,259604.21,265142.74
77,18,1699938,1599662,774938,835355,37,265142.74,34,1,243400.03,264519.24,260830.27,245246.84,260206.5
77,19,1739079,1593768,782990,753753,36,260206.5,34,1,265142.74,243400.03,264519.24,260830.27,254282.53
77,20,1724705,1465506,849552,745718,36,254282.53,34,1,260206.5,265142.74,243400.03,264519.24,257682.19
77,21,1700265,1466609,763714,816120,34,257682.19,34,1,254282.53,260206.5,265142.74,243400.03,242538.51
77,22,1572548,1452938,774564,744358,33,242538.51,34,1,257682.19,254282.53,260206.5,265142.74,266184.55
77,23,1716124,1590773,854443,824902,36,266184.55,34,1,242538.51,257682.19,254282.53,260206.5,249917.49
77,24,1590743,1456580,766364,812904,36,249917.49,34,1,266184.55,242538.51,257682.19,254282.53,251924.71
77,25,1586920,1480295,834976,814407,37,251924.71,34,1,249917.49,266184.55,242538.51,257682.19,256211.72
77,26,1592685,1589188,770080,819157,34,256211.72,34,1,251924.71,249917.49,266184.55,242538.51,251690.37
77,27,1581382,1592306,847157,761652,33,251690.37,34,1,256211.72,251924.71,249917.49,266184.55,242659.84
77,28,1583548,1448536,762153,742100,33,242659.84,34,1,251690.37,256211.72,251924.71,249917.49,254907.66
77,29,1557784,1612867,769824,818854,33,254907.66,34,1,242659.84,251690.37,256211.72,251924.71,252280.29
77,30,1589068,1472129,763723,833584,34,252280.29,34,1,254907.66,242659.84,251690.37,256211.72,
78,1,1481969,1558566,952763,582472,6,229409.63,34,1,,,,,235949.39
78,2,1635727,1460863,1042862,573339,6,235949.39,34,1,229409.63,,,,235805.28
78,3,1659978,1440495,952277,580265,6,235805.28,34,1,235949.39,229409.63,,,238742.85
78,4,1646577,1561725,926840,570913,5,238742.85,34,1,235805.28,235949.39,229409.63,,242700.16
78,5,1650949,1571429,1041016,586338,6,242700.16,34,1,238742.85,235805.28,235949.39,229409.63,235740.13
78,6,1479040,1587113,1040271,625589,5,235740.13,34,1,242700.16,238742.85,235805.28,235949.39,235169.72
78,7,1628321,1454711,1033338,574606,5,235169.72,34,1,235740.13,242700.16,238742.85,235805.28,234379.57
78,8,1632289,1444108,930088,586729,5,234379.57,34,1,235169.72,235740.13,242700.16,238742.85,243080.4
78,9,1664934,1586031,1016341,578232,6,243080.4,34,1,234379.57,235169.72,235740.13,242700.16,232406.06
78,10,1523561,1445946,1014986,626666,5,232406.06,34,1,243080.4,234379.57,235169.72,235740.13,239098.07
78,11,1647885,1552887,931665,577129,5,239098.07,34,1,232406.06,243080.4,234379.57,235169.72,235476.47
78,12,1662980,1435757,938171,579229,6,235476.47,34,1,239098.07,232406.06,243080.4,234379.57,236227.55
78,13,1480431,1591486,1040422,627938,6,236227.55,34,1,235476.47,239098.07,232406.06,243080.4,233339.95
78,14,1514531,1564016,1027243,586547,5,233339.95,34,1,236227.55,235476.47,239098.07,232406.06,238810.16
78,15,1637662,1416234,1022790,628016,6,238810.16,34,1,233339.95,236227.55,235476.47,239098.07,236350.92
78,16,1620059,1417552,941039,627692,5,236350.92,34,1,238810.16,233339.95,236227.55,235476.47,238567.1
78,17,1618875,1590404,936543,573811,6,238567.1,34,1,236350.92,238810.16,233339.95,236227.55,241656.07
78,18,1664466,1430220,1015946,635073,5,241656.07,34,1,238567.1,236350.92,238810.16,233339.95,233036.86
78,19,1513787,1583265,1030448,574214,5,233036.86,34,1,241656.07,238567.1,236350.92,238810.16,222746.6
78,20,1480232,1436671,936314,569340,6,222746.6,34,1,233036.86,241656.07,238567.1,236350.92,240359.05
78,21,1638025,1436133,1035753,633344,5,240359.05,34,1,222746.6,233036.86,241656.07,238567.1,227141.38
78,22,1509193,1435135,1018487,582988,6,227141.38,34,1,240359.05,222746.6,233036.86,241656.07,234531.89
78,23,1488090,1579406,947449,626180,5,234531.89,34,1,227141.38,240359.05,222746.6,233036.86,239161.06
78,24,1643687,1565128,927482,575933,5,239161.06,34,1,234531.89,227141.38,240359.05,222746.6,225614.23
78,25,1508643,1425046,1026900,569594,5,225614.23,34,1,239161.06,234531.89,227141.38,240359.05,237029.56
78,26,1658897,1439644,1030491,580754,6,237029.56,34,1,225614.23,239161.06,234531.89,227141.38,224177.53
78,27,1478086,1419798,1034533,576666,6,224177.53,34,1,237029.56,225614.23,239161.06,234531.89,226155.86
78,28,1498143,1434767,1022052,579523,6,226155.86,34,1,224177.53,237029.56,225614.23,239161.06,230768.18
78,29,1515684,1445139,953591,625732,5,230768.18,34,1,226155.86,224177.53,237029.56,225614.23,235909.85
78,30,1490945,1560952,1032574,632444,5,235909.85,34,1,230768.18,226155.86,224177.53,237029.56,
79,1,1915026,1266128,945653,228520,17,213218.75,34,1,,,,,209239.31
79,2,1897722,1273215,856714,209758,18,209239.31,34,1,213218.75,,,,214449.87
79,3,1881027,1378518,959242,212032,18,214449.87,34,1,209239.31,213218.75,,,210688.42
79,4,1911799,1270884,881712,212232,18,210688.42,34,1,214449.87,209239.31,213218.75,,207880.45
79,5,1744512,1399385,937643,231575,16,207880.45,34,1,210688.42,214449.87,209239.31,213218.75,199890.5
79,6,1737106,1286975,875241,211783,17,199890.5,34,1,207880.45,210688.42,214449.87,209239.31,206176.25
79,7,1747924,1386705,855916,230999,18,206176.25,34,1,199890.5,207880.45,210688.42,214449.87,214819.75
79,8,1918449,1285406,953547,233437,17,214819.75,34,1,206176.25,199890.5,207880.45,210688.42,216851.21
79,9,1926847,1400699,855864,214289,18,216851.21,34,1,214819.75,206176.25,199890.5,207880.45,215988.57
79,10,1904185,1382401,941786,213831,18,215988.57,34,1,216851.21,214819.75,206176.25,199890.5,209733.09
79,11,1907289,1252561,879677,213745,18,209733.09,34,1,215988.57,216851.21,214819.75,206176.25,212092.86
79,12,1892012,1255133,961406,234802,17,212092.86,34,1,209733.09,215988.57,216851.21,214819.75,199710.6
79,13,1715568,1270969,869438,233746,17,199710.6,34,1,212092.86,209733.09,215988.57,216851.21,219105.09
79,14,1911134,1404100,949771,231881,17,219105.09,34,1,199710.6,212092.86,209733.09,215988.57,215721.79
79,15,1906003,1380405,947274,209491,18,215721.79,34,1,219105.09,199710.6,212092.86,209733.09,200533.85
79,16,1764109,1258587,866327,214291,18,200533.85,34,1,215721.79,219105.09,199710.6,212092.86,207049.42
79,17,1752826,1390799,875670,231659,18,207049.42,34,1,200533.85,215721.79,219105.09,199710.6,206731.38
79,18,1732014,1390718,944058,230662,18,206731.38,34,1,207049.42,200533.85,215721.79,219105.09,209018.85
79,19,1885615,1282978,859439,210993,18,209018.85,34,1,206731.38,207049.42,200533.85,215721.79,217323.49
79,20,1897734,1377132,958129,232733,18,217323.49,34,1,209018.85,206731.38,207049.42,200533.85,201457.05
79,21,1761990,1257236,949701,211480,17,201457.05,34,1,217323.49,209018.85,206731.38,207049.42,202692.95
79,22,1753330,1255177,959513,230573,18,202692.95,34,1,201457.05,217323.49,209018.85,206731.38,215094.83
79,23,1933653,1279284,944771,229997,17,215094.83,34,1,202692.95,201457.05,217323.49,209018.85,202563.03
79,24,1747571,1264531,949648,230734,18,202563.03,34,1,215094.83,202692.95,201457.05,217323.49,207742.95
79,25,1758430,1400383,876398,230746,18,207742.95,34,1,202563.03,215094.83,202692.95,201457.05,208993.8
79,26,1882783,1285697,876140,208446,18,208993.8,34,1,207742.95,202563.03,215094.83,202692.95,200753.08
79,27,1756634,1287474,857908,210239,18,200753.08,34,1,208993.8,207742.95,202563.03,215094.83,212890.03
79,28,1920335,1280378,957738,212252,16,212890.03,34,1,200753.08,208993.8,207742.95,202563.03,214378.24
79,29,1914578,1279541,951810,234359,17,214378.24,34,1,212890.03,200753.08,208993.8,207742.95,200653.82
79,30,1735523,1257836,879081,234192,17,200653.82,34,1,214378.24,212890.03,200753.08,208993.8,
80,1,1839653,2011729,883012,693181,43,280380.76,34,1,,,,,283742.07
80,2,1837997,1994321,865795,742844,48,283742.07,34,1,280380.76,,,,286732.48
80,3,1847151,2187300,792670,693305,44,286732.48,34,1,283742.07,280380.76,,,280326.66
80,4,1806627,1990571,792727,742579,47,280326.66,34,1,286732.48,283742.07,280380.76,,295815.22
80,5,2015782,1993625,874149,747734,47,295815.22,34,1,280326.66,286732.48,283742.07,280380.76,287283.44
80,6,1837999,2234092,805890,681887,48,287283.44,34,1,295815.22,280326.66,286732.48,283742.07,286584.76
80,7,1842004,2042372,798499,761480,47,286584.76,34,1,287283.44,295815.22,280326.66,286732.48,283464.96
80,8,1835167,2010831,808114,744667,48,283464.96,34,1,286584.76,287283.44,295815.22,280326.66,305126.92
80,9,2029138,2190774,811841,761363,43,305126.92,34,1,283464.96,286584.76,287283.44,295815.22,292217.01
80,10,1813517,2194574,874200,760060,44,292217.01,34,1,305126.92,283464.96,286584.76,287283.44,297512.97
80,11,2025340,2015881,864483,751139,44,297512.97,34,1,292217.01,305126.92,283464.96,286584.76,295435.25
80,12,2004751,2028008,799677,749087,47,295435.25,34,1,297512.97,292217.01,305126.92,283464.96,297819.86
80,13,1975491,2223580,880796,691116,47,297819.86,34,1,295435.25,297512.97,292217.01,305126.92,293693.92
80,14,1856238,2204881,804896,753588,43,293693.92,34,1,297819.86,295435.25,297512.97,292217.01,284324.16
80,15,1808978,2029038,875101,752372,44,284324.16,34,1,293693.92,297819.86,295435.25,297512.97,295920.14
80,16,2003382,2014441,877165,747615,44,295920.14,34,1,284324.16,293693.92,297819.86,295435.25,295050.52
80,17,2015164,2005595,788994,749672,48,295050.52,34,1,295920.14,284324.16,293693.92,297819.86,285056.15
80,18,1802124,2036869,876534,761525,43,285056.15,34,1,295050.52,295920.14,284324.16,293693.92,283830.6
80,19,1845655,1996457,808595,747765,43,283830.6,34,1,285056.15,295050.52,295920.14,284324.16,285850.76
80,20,1826243,2032254,878423,754790,47,285850.76,34,1,283830.6,285056.15,295050.52,295920.14,283194.6
80,21,1819334,2024457,811262,746159,48,283194.6,34,1,285850.76,283830.6,285056.15,295050.52,298369.37
80,22,2014793,2198804,880236,680553,43,298369.37,34,1,283194.6,285850.76,283830.6,285056.15,293963.33
80,23,1987208,2002205,871766,744193,48,293963.33,34,1,298369.37,283194.6,285850.76,283830.6,292840.32
80,24,1977182,1988836,880537,743545,48,292840.32,34,1,293963.33,298369.37,283194.6,285850.76,291580.86
80,25,1804582,2231019,809608,754309,44,291580.86,34,1,292840.32,293963.33,298369.37,283194.6,291517.6
80,26,1811812,2211130,789046,761380,43,291517.6,34,1,291580.86,292840.32,293963.33,298369.37,294020.58
80,27,2009419,1996472,802153,744211,48,294020.58,34,1,291517.6,291580.86,292840.32,293963.33,284672.02
80,28,1851774,2022293,792196,743709,44,284672.02,34,1,294020.58,291517.6,291580.86,292840.32,283181.57
80,29,1828038,2011097,796713,748609,44,283181.57,34,1,284672.02,294020.58,291517.6,291580.86,287121.93
80,30,1841365,2175345,875320,692252,48,287121.93,34,1,283181.57,284672.02,294020.58,291517.6,
81,1,1900115,1387138,763538,721237,17,258752.35,34,1,,,,,262652.55
81,2,2051719,1395291,762044,652013,16,262652.55,34,1,258752.35,,,,251020.21
81,3,1865633,1400587,683567,668629,16,251020.21,34,1,262652.55,258752.35,,,249585.88
81,4,1850493,1387205,699543,666896,17,249585.88,34,1,251020.21,262652.55,258752.35,,263886.0
81,5,2050323,1420573,765263,654386,17,263886.0,34,1,249585.88,251020.21,262652.55,258752.35,266175.87
81,6,2071423,1409541,759857,670712,16,266175.87,34,1,263886.0,249585.88,251020.21,262652.55,244542.93
81,7,1872015,1266203,685973,654072,17,244542.93,34,1,266175.87,263886.0,249585.88,251020.21,264460.59
81,8,2053426,1413607,751161,664328,16,264460.59,34,1,244542.93,266175.87,263886.0,249585.88,263704.65
81,9,2040297,1406217,746342,669685,17,263704.65,34,1,264460.59,244542.93,266175.87,263886.0,252328.21
81,10,1859977,1295198,749769,723982,16,252328.21,34,1,263704.65,264460.59,244542.93,266175.87,270666.69
81,11,2075337,1389613,754963,727823,17,270666.69,34,1,252328.21,263704.65,264460.59,244542.93,267397.1
81,12,2040532,1410265,682527,720216,17,267397.1,34,1,270666.69,252328.21,263704.65,264460.59,247552.61
81,13,1875471,1281847,763727,663535,17,247552.61,34,1,267397.1,270666.69,252328.21,263704.65,256521.56
81,14,2035119,1284239,685185,661448,17,256521.56,34,1,247552.61,267397.1,270666.69,252328.21,254791.56
81,15,1863636,1395222,681467,714751,17,254791.56,34,1,256521.56,247552.61,267397.1,270666.69,255358.11
81,16,1855103,1387735,750048,718135,17,255358.11,34,1,254791.56,256521.56,247552.61,267397.1,261431.0
81,17,2024381,1276367,761048,713425,16,261431.0,34,1,255358.11,254791.56,256521.56,247552.61,254128.22
81,18,1898795,1290602,761722,715991,17,254128.22,34,1,261431.0,255358.11,254791.56,256521.56,249863.82
81,19,1845237,1300649,694200,714852,17,249863.82,34,1,254128.22,261431.0,255358.11,254791.56,262743.81
81,20,2061232,1273574,692438,715297,16,262743.81,34,1,249863.82,254128.22,261431.0,255358.11,256736.14
81,21,2037432,1292704,697654,655968,17,256736.14,34,1,262743.81,249863.82,254128.22,261431.0,257790.26
81,22,2049658,1277182,693142,666888,16,257790.26,34,1,256736.14,262743.81,249863.82,254128.22,268298.13
81,23,2029240,1401711,745106,730882,16,268298.13,34,1,257790.26,256736.14,262743.81,249863.82,252020.76
81,24,1899223,1401591,693893,653233,16,252020.76,34,1,268298.13,257790.26,256736.14,262743.81,250516.15
81,25,1847846,1412777,765745,655192,17,250516.15,34,1,252020.76,268298.13,257790.26,256736.14,257334.24
81,26,2059231,1270791,696922,657223,17,257334.24,34,1,250516.15,252020.76,268298.13,257790.26,260062.01
81,27,1901239,1402233,747538,730872,16,260062.01,34,1,257334.24,250516.15,252020.76,268298.13,247695.56
81,28,1894406,1273928,764866,654975,16,247695.56,34,1,260062.01,257334.24,250516.15,252020.76,263966.39
81,29,2053360,1393201,760055,666732,17,263966.39,34,1,247695.56,260062.01,257334.24,250516.15,255673.63
81,30,2030468,1264276,685429,664598,17,255673.63,34,1,263966.39,247695.56,260062.01,257334.24,
82,1,1202133,1628929,903733,535489,4,209168.72,34,1,,,,,199446.64
82,2,1081035,1504845,824700,586651,4,199446.64,34,1,209168.72,,,,208628.82
82,3,1202671,1615237,894163,537207,4,208628.82,34,1,199446.64,209168.72,,,206707.38
82,4,1087126,1648376,891722,584033,4,206707.38,34,1,208628.82,199446.64,209168.72,,201722.67
82,5,1096846,1644382,832341,534449,5,201722.67,34,1,206707.38,208628.82,199446.64,209168.72,210328.81
82,6,1175833,1611116,825330,589805,4,210328.81,34,1,201722.67,206707.38,208628.82,199446.64,199100.97
82,7,1073194,1513684,813315,586432,4,199100.97,34,1,210328.81,201722.67,206707.38,208628.82,196616.7
82,8,1085333,1493070,902346,543485,5,196616.7,34,1,199100.97,210328.81,201722.67,206707.38,214989.8
82,9,1200665,1655739,911276,587288,4,214989.8,34,1,196616.7,199100.97,210328.81,201722.67,196195.67
82,10,1095081,1483005,886355,539392,4,196195.67,34,1,214989.8,196616.7,199100.97,210328.81,193373.6
82,11,1074390,1472137,814014,541195,5,193373.6,34,1,196195.67,214989.8,196616.7,199100.97,194548.68
82,12,1080738,1480963,810744,546167,5,194548.68,34,1,193373.6,196195.67,214989.8,196616.7,199999.68
82,13,1094925,1478128,888704,583517,4,199999.68,34,1,194548.68,193373.6,196195.67,214989.8,200689.15
82,14,1089192,1635025,814726,536040,4,200689.15,34,1,199999.68,194548.68,193373.6,196195.67,196378.62
82,15,1076782,1511338,909979,537133,4,196378.62,34,1,200689.15,199999.68,194548.68,193373.6,202930.86
82,16,1083235,1648912,896240,543882,4,202930.86,34,1,196378.62,200689.15,199999.68,194548.68,202924.95
82,17,1181504,1481562,911772,547928,4,202924.95,34,1,202930.86,196378.62,200689.15,199999.68,212782.08
82,18,1186693,1646430,811943,595273,4,212782.08,34,1,202924.95,202930.86,196378.62,200689.15,212504.53
82,19,1179854,1642595,894455,583846,5,212504.53,34,1,212782.08,202924.95,202930.86,196378.62,206105.75
82,20,1095680,1612983,890196,587898,4,206105.75,34,1,212504.53,212782.08,202924.95,202930.86,201852.17
82,21,1086844,1630441,894370,538230,4,201852.17,34,1,206105.75,212504.53,212782.08,202924.95,201425.56
82,22,1105145,1488477,908693,583541,4,201425.56,34,1,201852.17,206105.75,212504.53,212782.08,205475.0
82,23,1071597,1611313,909954,595386,4,205475.0,34,1,201425.56,201852.17,206105.75,212504.53,203825.64
82,24,1202224,1504079,825389,548332,4,203825.64,34,1,205475.0,201425.56,201852.17,206105.75,208885.3
82,25,1183115,1628880,900273,546669,4,208885.3,34,1,203825.64,205475.0,201425.56,201852.17,207398.2
82,26,1098944,1641671,904827,583918,4,207398.2,34,1,208885.3,203825.64,205475.0,201425.56,195551.59
82,27,1088818,1473732,896497,539200,5,195551.59,34,1,207398.2,208885.3,203825.64,205475.0,213959.94
82,28,1185306,1639432,912065,594323,4,213959.94,34,1,195551.59,207398.2,208885.3,203825.64,207725.23
82,29,1207020,1497806,830351,590127,5,207725.23,34,1,213959.94,195551.59,207398.2,208885.3,207604.06
82,30,1206379,1477178,900404,586036,5,207604.06,34,1,207725.23,213959.94,195551.59,207398.2,
83,1,1361791,1410888,1104054,354653,4,197387.4,34,1,,,,,195275.09
83,2,1359128,1382145,1083957,350132,4,195275.09,34,1,197387.4,,,,186030.89
83,3,1232691,1378457,1016317,352545,4,186030.89,34,1,195275.09,197387.4,,,191485.76
83,4,1221277,1519277,995875,359685,4,191485.76,34,1,186030.89,195275.09,197387.4,,183593.38
83,5,1222857,1380561,1083878,319294,4,183593.38,34,1,191485.76,186030.89,195275.09,197387.4,189554.09
83,6,1238887,1512240,1010975,326118,4,189554.09,34,1,183593.38,191485.76,186030.89,195275.09,191189.63
83,7,1235835,1508822,1000369,349965,4,191189.63,34,1,189554.09,183593.38,191485.76,186030.89,184658.73
83,8,1228829,1373569,1087645,329369,4,184658.73,34,1,191189.63,189554.09,183593.38,191485.76,194456.46
83,9,1366939,1397659,1105270,324364,4,194456.46,34,1,184658.73,191189.63,189554.09,183593.38,195657.51
83,10,1364645,1372643,1093506,353071,4,195657.51,34,1,194456.46,184658.73,191189.63,189554.09,187970.16
83,11,1248622,1390826,1009846,358044,4,187970.16,34,1,195657.51,194456.46,184658.73,191189.63,190255.23
83,12,1254166,1525585,993354,319937,4,190255.23,34,1,187970.16,195657.51,194456.46,184658.73,200417.68
83,13,1357812,1536529,990895,353502,4,200417.68,34,1,190255.23,187970.16,195657.51,194456.46,190448.06
83,14,1243468,1523736,1007246,328089,4,190448.06,34,1,200417.68,190255.23,187970.16,195657.51,190799.58
83,15,1254250,1413419,1104852,357581,4,190799.58,34,1,190448.06,200417.68,190255.23,187970.16,191843.45
83,16,1355576,1389159,1008066,325218,3,191843.45,34,1,190799.58,190448.06,200417.68,190255.23,193325.26
83,17,1360410,1415125,1003095,327043,4,193325.26,34,1,191843.45,190799.58,190448.06,200417.68,189956.22
83,18,1228044,1532030,1010980,329196,4,189956.22,34,1,193325.26,191843.45,190799.58,190448.06,186965.95
83,19,1238461,1380792,1011993,358472,4,186965.95,34,1,189956.22,193325.26,191843.45,190799.58,190886.11
83,20,1253925,1539380,1000261,319452,4,190886.11,34,1,186965.95,189956.22,193325.26,191843.45,191938.02
83,21,1337914,1389305,1084351,324986,4,191938.02,34,1,190886.11,186965.95,189956.22,193325.26,193059.91
83,22,1221190,1534300,1080106,354884,4,193059.91,34,1,191938.02,190886.11,186965.95,189956.22,199075.63
83,23,1367893,1507919,1109343,323045,4,199075.63,34,1,193059.91,191938.02,190886.11,186965.95,196708.12
83,24,1369439,1376256,1109585,356669,4,196708.12,34,1,199075.63,193059.91,191938.02,190886.11,192375.88
83,25,1253500,1505563,1005810,350942,3,192375.88,34,1,196708.12,199075.63,193059.91,191938.02,202697.47
83,26,1367715,1534745,1098620,352853,4,202697.47,34,1,192375.88,196708.12,199075.63,193059.91,199976.14
83,27,1366223,1541547,1102675,319858,4,199976.14,34,1,202697.47,192375.88,196708.12,199075.63,192859.72
83,28,1360101,1380414,1104471,319713,4,192859.72,34,1,199976.14,202697.47,192375.88,196708.12,189516.29
83,29,1239398,1413947,1094816,355611,4,189516.29,34,1,192859.72,199976.14,202697.47,192375.88,200119.07
83,30,1367071,1534482,1109545,322856,4,200119.07,34,1,189516.29,192859.72,199976.14,202697.47,
84,1,1564400,1380839,799323,873296,3,251027.95,34,1,,,,,250455.57
84,2,1569546,1369330,799589,868537,3,250455.57,34,1,251027.95,,,,240378.83
84,3,1404894,1409549,723664,870343,3,240378.83,34,1,250455.57,251027.95,,,236168.98
84,4,1431033,1376816,790552,807855,3,236168.98,34,1,240378.83,250455.57,251027.95,,243205.71
84,5,1408324,1403238,790571,889952,3,243205.71,34,1,236168.98,240378.83,250455.57,251027.95,240789.97
84,6,1405010,1405788,732764,874903,3,240789.97,34,1,243205.71,236168.98,240378.83,250455.57,252154.18
84,7,1572563,1407687,719318,882056,3,252154.18,34,1,240789.97,243205.71,236168.98,240378.83,252014.01
84,8,1562405,1404997,789945,876175,3,252014.01,34,1,252154.18,240789.97,243205.71,236168.98,255394.62
84,9,1546913,1514440,720716,886684,3,255394.62,34,1,252014.01,252154.18,240789.97,243205.71,257047.66
84,10,1548758,1536380,799081,879232,3,257047.66,34,1,255394.62,252014.01,252154.18,240789.97,242269.99
84,11,1543791,1388834,731316,799688,3,242269.99,34,1,257047.66,255394.62,252014.01,252154.18,241860.69
84,12,1423918,1510639,797060,812862,3,241860.69,34,1,242269.99,257047.66,255394.62,252014.01,235914.11
84,13,1439507,1385262,792473,794673,3,235914.11,34,1,241860.69,242269.99,257047.66,255394.62,235857.2
84,14,1437133,1391141,780268,795248,3,235857.2,34,1,235914.11,241860.69,242269.99,257047.66,255258.17
84,15,1541295,1505219,734651,890943,3,255258.17,34,1,235857.2,235914.11,241860.69,242269.99,234051.06
84,16,1400233,1404067,713232,807971,3,234051.06,34,1,255258.17,235857.2,235914.11,241860.69,234879.05
84,17,1422566,1404539,734102,797077,3,234879.05,34,1,234051.06,255258.17,235857.2,235914.11,248882.61
84,18,1562451,1367745,734658,868766,3,248882.61,34,1,234879.05,234051.06,255258.17,235857.2,256637.76
84,19,1573202,1515932,724806,880136,3,256637.76,34,1,248882.61,234879.05,234051.06,255258.17,240743.58
84,20,1402158,1381003,730237,888388,3,240743.58,34,1,256637.76,248882.61,234879.05,234051.06,255197.56
84,21,1532490,1521185,733634,889384,3,255197.56,34,1,240743.58,256637.76,248882.61,234879.05,239712.9
84,22,1429506,1500317,728668,802282,3,239712.9,34,1,255197.56,240743.58,256637.76,248882.61,250250.73
84,23,1540197,1399358,781755,876692,3,250250.73,34,1,239712.9,255197.56,240743.58,256637.76,243935.89
84,24,1439658,1384273,788675,884664,3,243935.89,34,1,250250.73,239712.9,255197.56,240743.58,237220.84
84,25,1423473,1397536,789129,815607,3,237220.84,34,1,243935.89,250250.73,239712.9,255197.56,245755.01
84,26,1405109,1504733,725960,885260,4,245755.01,34,1,237220.84,243935.89,250250.73,239712.9,240616.78
84,27,1409310,1389791,792587,866402,3,240616.78,34,1,245755.01,237220.84,243935.89,250250.73,251420.46
84,28,1567447,1391319,731313,882998,3,251420.46,34,1,240616.78,245755.01,237220.84,243935.89,246723.03
84,29,1402608,1531786,726709,885116,3,246723.03,34,1,251420.46,240616.78,245755.01,237220.84,247338.44
84,30,1405068,1535932,801386,874637,3,247338.44,34,1,246723.03,251420.46,240616.78,245755.01,
85,1,1072413,1824468,723476,353125,29,189527.84,34,1,,,,,197988.67
85,2,1168981,1842592,795523,356003,26,197988.67,34,1,189527.84,,,,204025.49
85,3,1159624,2007343,792358,353871,29,204025.49,34,1,197988.67,189527.84,,,192459.5
85,4,1047743,1845987,720223,393982,29,192459.5,34,1,204025.49,197988.67,189527.84,,203333.23
85,5,1155659,2027508,725890,351818,26,203333.23,34,1,192459.5,204025.49,197988.67,189527.84,206407.25
85,6,1156188,2025582,730276,385617,26,206407.25,34,1,203333.23,192459.5,204025.49,197988.67,194992.52
85,7,1152593,1821631,715353,358890,26,194992.52,34,1,206407.25,203333.23,192459.5,204025.49,207174.07
85,8,1147211,2028915,800234,386273,27,207174.07,34,1,194992.52,206407.25,203333.23,192459.5,191389.99
85,9,1040805,1868887,802604,361477,29,191389.99,34,1,207174.07,194992.52,206407.25,203333.23,193273.0
85,10,1065692,1836329,720412,394544,29,193273.0,34,1,191389.99,207174.07,194992.52,206407.25,197450.76
85,11,1070945,2016618,718340,353902,27,197450.76,34,1,193273.0,191389.99,207174.07,194992.52,204779.22
85,12,1169822,2014282,737481,361690,26,204779.22,34,1,197450.76,193273.0,191389.99,207174.07,198470.73
85,13,1165923,1817203,726239,387941,29,198470.73,34,1,204779.22,197450.76,193273.0,191389.99,189633.39
85,14,1045578,1816412,805741,362321,29,189633.39,34,1,198470.73,204779.22,197450.76,193273.0,203058.64
85,15,1147323,2004503,789513,353828,28,203058.64,34,1,189633.39,198470.73,204779.22,197450.76,204979.04
85,16,1162316,2002213,804237,362722,29,204979.04,34,1,203058.64,189633.39,198470.73,204779.22,203429.44
85,17,1160647,1988726,798280,354078,28,203429.44,34,1,204979.04,203058.64,189633.39,198470.73,192201.37
85,18,1048092,1813790,791798,392746,29,192201.37,34,1,203429.44,204979.04,203058.64,189633.39,205431.65
85,19,1148701,2015470,725360,385764,26,205431.65,34,1,192201.37,203429.44,204979.04,203058.64,193771.56
85,20,1067118,1826264,796125,389915,26,193771.56,34,1,205431.65,192201.37,203429.44,204979.04,199230.77
85,21,1068955,2028449,799095,354862,29,199230.77,34,1,193771.56,205431.65,192201.37,203429.44,200780.68
85,22,1162274,1840233,791327,393637,29,200780.68,34,1,199230.77,193771.56,205431.65,192201.37,200736.51
85,23,1063389,2033065,716442,388486,29,200736.51,34,1,200780.68,199230.77,193771.56,205431.65,199396.42
85,24,1140372,1868915,722725,393244,26,199396.42,34,1,200736.51,200780.68,199230.77,193771.56,197604.62
85,25,1170204,1819288,796910,361415,26,197604.62,34,1,199396.42,200736.51,200780.68,199230.77,203207.56
85,26,1148869,1992346,801324,357849,29,203207.56,34,1,197604.62,199396.42,200736.51,200780.68,194278.11
85,27,1065559,1841060,802065,388707,29,194278.11,34,1,203207.56,197604.62,199396.42,200736.51,191412.04
85,28,1041264,1817741,794249,386627,26,191412.04,34,1,194278.11,203207.56,197604.62,199396.42,194566.27
85,29,1054136,1859145,805062,391187,26,194566.27,34,1,191412.04,194278.11,203207.56,197604.62,205886.28
85,30,1142713,2001651,788729,389963,26,205886.28,34,1,194566.27,191412.04,194278.11,203207.56,
86,1,1105243,1826380,678076,302181,31,186395.33,34,1,,,,,192814.76
86,2,1198993,1834160,683066,301462,32,192814.76,34,1,186395.33,,,,192602.51
86,3,1192649,1807301,747477,304377,32,192602.51,34,1,192814.76,186395.33,,,189309.27
86,4,1187450,1799375,756371,273647,34,189309.27,34,1,192602.51,192814.76,186395.33,,193838.4
86,5,1099284,1977829,743271,306903,35,193838.4,34,1,189309.27,192602.51,192814.76,186395.33,201964.48
86,6,1204522,2016481,745430,303062,32,201964.48,34,1,193838.4,189309.27,192602.51,192814.76,197376.95
86,7,1203620,1991231,686647,275262,32,197376.95,34,1,201964.48,193838.4,189309.27,192602.51,195198.68
86,8,1185650,1972549,684038,273156,35,195198.68,34,1,197376.95,201964.48,193838.4,189309.27,191806.8
86,9,1082584,2014110,751188,278122,32,191806.8,34,1,195198.68,197376.95,201964.48,193838.4,184899.11
86,10,1085128,1851226,742607,276766,32,184899.11,34,1,191806.8,195198.68,197376.95,201964.48,190906.27
86,11,1088401,2006878,689733,278508,34,190906.27,34,1,184899.11,191806.8,195198.68,197376.95,195016.42
86,12,1103126,2013717,751064,299153,31,195016.42,34,1,190906.27,184899.11,191806.8,195198.68,182896.94
86,13,1098393,1809417,686858,274575,31,182896.94,34,1,195016.42,190906.27,184899.11,191806.8,185575.53
86,14,1093088,1821954,690028,301696,34,185575.53,34,1,182896.94,195016.42,190906.27,184899.11,196819.29
86,15,1206888,1967807,679815,278833,32,196819.29,34,1,185575.53,182896.94,195016.42,190906.27,189526.86
86,16,1185503,1824467,677706,280168,34,189526.86,34,1,196819.29,185575.53,182896.94,195016.42,188929.22
86,17,1179627,1801276,757690,273938,31,188929.22,34,1,189526.86,196819.29,185575.53,182896.94,190366.98
86,18,1177676,1834656,745960,277948,31,190366.98,34,1,188929.22,189526.86,196819.29,185575.53,197555.55
86,19,1186292,2020979,695116,274365,31,197555.55,34,1,190366.98,188929.22,189526.86,196819.29,181238.27
86,20,1078441,1798006,682122,276675,32,181238.27,34,1,197555.55,190366.98,188929.22,189526.86,197252.92
86,21,1183268,2012353,688012,278471,35,197252.92,34,1,181238.27,197555.55,190366.98,188929.22,185304.76
86,22,1102342,1844330,697394,280326,35,185304.76,34,1,197252.92,181238.27,197555.55,190366.98,194067.53
86,23,1102100,1983024,751876,303447,32,194067.53,34,1,185304.76,197252.92,181238.27,197555.55,193584.4
86,24,1095665,1972575,755587,306878,35,193584.4,34,1,194067.53,185304.76,197252.92,181238.27,197527.51
86,25,1189715,2020608,682485,274063,35,197527.51,34,1,193584.4,194067.53,185304.76,197252.92,182720.3
86,26,1091100,1811584,692068,275900,34,182720.3,34,1,197527.51,193584.4,194067.53,185304.76,189361.1
86,27,1192889,1823308,681417,272886,31,189361.1,34,1,182720.3,197527.51,193584.4,194067.53,184345.92
86,28,1079890,1815237,680411,302413,35,184345.92,34,1,189361.1,182720.3,197527.51,193584.4,184423.72
86,29,1085170,1807232,684895,302374,35,184423.72,34,1,184345.92,189361.1,182720.3,197527.51,182485.5
86,30,1084761,1826176,682740,272789,34,182485.5,34,1,184423.72,184345.92,189361.1,182720.3,
87,1,1228317,1282969,861167,912659,13,229719.51,34,1,,,,,223137.69
87,2,1232379,1285149,873618,833476,14,223137.69,34,1,229719.51,,,,232309.38
87,3,1329642,1386878,863186,820015,13,232309.38,34,1,223137.69,229719.51,,,236666.24
87,4,1358617,1406536,935516,825201,14,236666.24,34,1,232309.38,223137.69,229719.51,,242044.93
87,5,1355895,1401441,934417,889362,13,242044.93,34,1,236666.24,232309.38,223137.69,229719.51,227929.36
87,6,1238387,1398359,871979,830111,14,227929.36,34,1,242044.93,236666.24,232309.38,223137.69,231091.89
87,7,1348524,1289135,876497,835825,13,231091.89,34,1,227929.36,242044.93,236666.24,232309.38,229727.44
87,8,1342532,1276272,858080,834322,13,229727.44,34,1,231091.89,227929.36,242044.93,236666.24,231796.82
87,9,1349478,1296127,936502,828775,14,231796.82,34,1,229727.44,231091.89,227929.36,242044.93,235969.45
87,10,1226787,1405346,944305,911177,14,235969.45,34,1,231796.82,229727.44,231091.89,227929.36,234224.23
87,11,1335164,1406675,945596,813078,14,234224.23,34,1,235969.45,231796.82,229727.44,231091.89,221847.6
87,12,1209896,1297820,875820,829057,13,221847.6,34,1,234224.23,235969.45,231796.82,229727.44,233417.29
87,13,1335171,1398418,854899,824486,14,233417.29,34,1,221847.6,234224.23,235969.45,231796.82,229037.99
87,14,1230591,1285463,935911,888685,14,229037.99,34,1,233417.29,221847.6,234224.23,235969.45,227780.21
87,15,1231956,1412524,850691,830394,14,227780.21,34,1,229037.99,233417.29,221847.6,234224.23,245208.73
87,16,1354247,1425231,957243,910438,14,245208.73,34,1,227780.21,229037.99,233417.29,221847.6,243943.2
87,17,1342361,1417088,943095,911302,14,243943.2,34,1,245208.73,227780.21,229037.99,233417.29,232565.52
87,18,1214092,1409664,858537,896192,13,232565.52,34,1,243943.2,245208.73,227780.21,229037.99,233332.26
87,19,1208900,1393002,875966,912972,13,233332.26,34,1,232565.52,243943.2,245208.73,227780.21,229936.84
87,20,1343240,1291438,946387,813006,14,229936.84,34,1,233332.26,232565.52,243943.2,245208.73,234881.12
87,21,1231000,1410653,875763,906117,13,234881.12,34,1,229936.84,233332.26,232565.52,243943.2,228688.88
87,22,1330180,1277943,954867,813266,13,228688.88,34,1,234881.12,229936.84,233332.26,232565.52,229769.4
87,23,1328854,1283981,952459,823839,14,229769.4,34,1,228688.88,234881.12,229936.84,233332.26,228837.47
87,24,1353884,1285192,859124,811968,14,228837.47,34,1,229769.4,228688.88,234881.12,229936.84,241557.67
87,25,1340333,1417883,852574,902442,13,241557.67,34,1,228837.47,229769.4,228688.88,234881.12,227761.48
87,26,1321345,1277736,873686,824226,14,227761.48,34,1,241557.67,228837.47,229769.4,228688.88,236910.54
87,27,1350884,1426255,946863,822259,14,236910.54,34,1,227761.48,241557.67,228837.47,229769.4,236500.52
87,28,1355527,1402569,953527,824140,14,236500.52,34,1,236910.54,227761.48,241557.67,228837.47,241687.72
87,29,1327529,1394136,943635,907495,13,241687.72,34,1,236500.52,236910.54,227761.48,241557.67,229278.36
87,30,1233526,1414457,939530,828787,14,229278.36,34,1,241687.72,236500.52,236910.54,227761.48,
88,1,1173979,2029448,927828,633173,12,233293.79,34,1,,,,,232938.98
88,2,1163221,2000987,1001899,636660,13,232938.98,34,1,233293.79,,,,225354.98
88,3,1048388,2046174,919396,629198,11,225354.98,34,1,232938.98,233293.79,,,229233.53
88,4,1068870,2059143,1006764,635544,12,229233.53,34,1,225354.98,232938.98,233293.79,,222804.97
88,5,1050158,2054796,1002380,580525,12,222804.97,34,1,229233.53,225354.98,232938.98,233293.79,230232.06
88,6,1063479,2246107,925005,578728,13,230232.06,34,1,222804.97,229233.53,225354.98,232938.98,232650.6
88,7,1169147,1997918,997616,631409,11,232650.6,34,1,230232.06,222804.97,229233.53,225354.98,233497.99
88,8,1155454,2050523,926045,639308,12,233497.99,34,1,232650.6,230232.06,222804.97,229233.53,237436.65
88,9,1160913,2245036,932199,587771,12,237436.65,34,1,233497.99,232650.6,230232.06,222804.97,236781.45
88,10,1074672,2245559,932438,642207,11,236781.45,34,1,237436.65,233497.99,232650.6,230232.06,235384.63
88,11,1170271,2054241,1021847,630392,11,235384.63,34,1,236781.45,237436.65,233497.99,232650.6,227681.73
88,12,1069363,1998099,1021037,643676,13,227681.73,34,1,235384.63,236781.45,237436.65,233497.99,233526.13
88,13,1067038,2209304,928951,629039,11,233526.13,34,1,227681.73,235384.63,236781.45,237436.65,241437.44
88,14,1167458,2245876,915966,629999,12,241437.44,34,1,233526.13,227681.73,235384.63,236781.45,225123.97
88,15,1049339,2012906,930196,639404,12,225123.97,34,1,241437.44,233526.13,227681.73,235384.63,236035.23
88,16,1069669,2229218,1017784,629544,12,236035.23,34,1,225123.97,241437.44,233526.13,227681.73,228118.44
88,17,1078789,2012203,1016751,635987,13,228118.44,34,1,236035.23,225123.97,241437.44,233526.13,234812.35
88,18,1154298,2221823,921497,576136,13,234812.35,34,1,228118.44,236035.23,225123.97,241437.44,220542.8
88,19,1048432,2033522,928018,580100,11,220542.8,34,1,234812.35,228118.44,236035.23,225123.97,241986.54
88,20,1161719,2206566,1017532,639921,11,241986.54,34,1,220542.8,234812.35,228118.44,236035.23,239359.32
88,21,1164339,2188938,919719,634908,11,239359.32,34,1,241986.54,220542.8,234812.35,228118.44,234208.39
88,22,1175067,2023782,1000021,632000,11,234208.39,34,1,239359.32,241986.54,220542.8,234812.35,243791.46
88,23,1168964,2244986,1001946,639758,12,243791.46,34,1,234208.39,239359.32,241986.54,220542.8,222132.66
88,24,1064062,2045152,925489,581565,11,222132.66,34,1,243791.46,234208.39,239359.32,241986.54,231737.93
88,25,1068916,2214674,1010988,590417,11,231737.93,34,1,222132.66,243791.46,234208.39,239359.32,229929.56
88,26,1168286,2026344,1004632,587399,12,229929.56,34,1,231737.93,222132.66,243791.46,234208.39,227456.26
88,27,1050572,2189180,930151,582677,12,227456.26,34,1,229929.56,231737.93,222132.66,243791.46,229767.47
88,28,1171990,2060532,913274,583747,11,229767.47,34,1,227456.26,229929.56,231737.93,222132.66,240470.88
88,29,1155594,2212352,921399,642358,12,240470.88,34,1,229767.47,227456.26,229929.56,231737.93,234352.17
88,30,1168807,2059436,930317,634273,11,234352.17,34,1,240470.88,229767.47,227456.26,229929.56,
89,1,1283983,1596414,973618,746112,20,233260.68,34,1,,,,,248157.65
89,2,1290270,1759869,1066480,814078,22,248157.65,34,1,233260.68,,,,247429.21
89,3,1408069,1615564,963492,806998,22,247429.21,34,1,248157.65,233260.68,,,247887.86
89,4,1410511,1629303,983545,800307,20,247887.86,34,1,247429.21,248157.65,233260.68,,232241.74
89,5,1264970,1605453,962359,746339,22,232241.74,34,1,247887.86,247429.21,248157.65,233260.68,246397.97
89,6,1405607,1748620,958617,736547,20,246397.97,34,1,232241.74,247887.86,247429.21,248157.65,255950.68
89,7,1409751,1753433,1070466,816870,22,255950.68,34,1,246397.97,232241.74,247887.86,247429.21,238548.55
89,8,1282129,1758088,953990,734714,20,238548.55,34,1,255950.68,246397.97,232241.74,247887.86,252897.66
89,9,1403756,1747959,954393,811025,20,252897.66,34,1,238548.55,255950.68,246397.97,232241.74,248608.29
89,10,1408060,1782489,961939,742985,22,248608.29,34,1,252897.66,238548.55,255950.68,246397.97,239235.55
89,11,1266512,1615432,1059395,800469,20,239235.55,34,1,248608.29,252897.66,238548.55,255950.68,249841.52
89,12,1406833,1778049,1069895,739920,22,249841.52,34,1,239235.55,248608.29,252897.66,238548.55,242309.22
89,13,1284074,1637082,1058960,811972,20,242309.22,34,1,249841.52,239235.55,248608.29,252897.66,241461.25
89,14,1407579,1613449,965222,741840,22,241461.25,34,1,242309.22,249841.52,239235.55,248608.29,246935.48
89,15,1292382,1787454,967874,804199,20,246935.48,34,1,241461.25,242309.22,249841.52,239235.55,243407.3
89,16,1416621,1608496,1072864,739596,20,243407.3,34,1,246935.48,241461.25,242309.22,249841.52,243059.28
89,17,1298545,1773184,1067234,745288,22,243059.28,34,1,243407.3,246935.48,241461.25,242309.22,254505.56
89,18,1393393,1788394,963760,815849,22,254505.56,34,1,243059.28,243407.3,246935.48,241461.25,255508.42
89,19,1417198,1758100,1063663,805693,20,255508.42,34,1,254505.56,243059.28,243407.3,246935.48,242152.52
89,20,1385574,1627625,1064042,740736,22,242152.52,34,1,255508.42,254505.56,243059.28,243407.3,240928.5
89,21,1284019,1783584,1054548,729596,20,240928.5,34,1,242152.52,255508.42,254505.56,243059.28,240515.87
89,22,1295475,1749586,1065456,730555,22,240515.87,34,1,240928.5,242152.52,255508.42,254505.56,247261.28
89,23,1394352,1604353,980381,817113,22,247261.28,34,1,240515.87,240928.5,242152.52,255508.42,246900.77
89,24,1388499,1774280,974362,739654,20,246900.77,34,1,247261.28,240515.87,240928.5,242152.52,250259.52
89,25,1406374,1643961,1062944,808310,20,250259.52,34,1,246900.77,247261.28,240515.87,240928.5,254066.72
89,26,1417170,1777282,973732,797229,20,254066.72,34,1,250259.52,246900.77,247261.28,240515.87,247290.85
89,27,1398723,1754979,1057663,730390,22,247290.85,34,1,254066.72,250259.52,246900.77,247261.28,247217.41
89,28,1287424,1789822,961538,810946,20,247217.41,34,1,247290.85,254066.72,250259.52,246900.77,253341.44
89,29,1397691,1757757,1052684,797843,22,253341.44,34,1,247217.41,247290.85,254066.72,250259.52,239402.23
89,30,1260774,1638490,1060730,795507,22,239402.23,34,1,253341.44,247217.41,247290.85,254066.72,
90,1,1500091,2096299,948343,830934,30,275401.38,34,1,,,,,281737.06
90,2,1395014,2264360,873811,912394,30,281737.06,34,1,275401.38,,,,266156.19
90,3,1366884,2070245,880245,848653,30,266156.19,34,1,281737.06,275401.38,,,291253.89
90,4,1485408,2306550,939524,921414,30,291253.89,34,1,266156.19,281737.06,275401.38,,281886.88
90,5,1493686,2082040,942194,915182,30,281886.88,34,1,291253.89,266156.19,281737.06,275401.38,276501.51
90,6,1512237,2107327,856396,846052,30,276501.51,34,1,281886.88,291253.89,266156.19,281737.06,282794.25
90,7,1386895,2289327,857161,921410,33,282794.25,34,1,276501.51,281886.88,291253.89,266156.19,283051.65
90,8,1485746,2300309,873165,845211,30,283051.65,34,1,282794.25,276501.51,281886.88,291253.89,278782.95
90,9,1395627,2325691,944695,837846,30,278782.95,34,1,283051.65,282794.25,276501.51,281886.88,268350.02
90,10,1373892,2096590,943452,844204,33,268350.02,34,1,278782.95,283051.65,282794.25,276501.51,284862.87
90,11,1508422,2295226,941881,838822,33,284862.87,34,1,268350.02,278782.95,283051.65,282794.25,266448.93
90,12,1365916,2094790,863931,844191,30,266448.93,34,1,284862.87,268350.02,278782.95,283051.65,267737.08
90,13,1384354,2095828,860772,845313,33,267737.08,34,1,266448.93,284862.87,268350.02,278782.95,282444.78
90,14,1494177,2100038,941851,912735,30,282444.78,34,1,267737.08,266448.93,284862.87,268350.02,268556.67
90,15,1381573,2111837,950748,832577,33,268556.67,34,1,282444.78,267737.08,266448.93,284862.87,275711.56
90,16,1504793,2089487,937462,836135,30,275711.56,34,1,268556.67,282444.78,267737.08,266448.93,282492.18
90,17,1373933,2315457,854251,915799,30,282492.18,34,1,275711.56,268556.67,282444.78,267737.08,292704.43
90,18,1521183,2308056,962486,906897,33,292704.43,34,1,282492.18,275711.56,268556.67,282444.78,290274.79
90,19,1503366,2295158,858010,917790,30,290274.79,34,1,292704.43,282492.18,275711.56,268556.67,284367.25
90,20,1515933,2291876,962116,825792,33,284367.25,34,1,290274.79,292704.43,282492.18,275711.56,276486.44
90,21,1371626,2118328,955351,923811,30,276486.44,34,1,284367.25,290274.79,292704.43,282492.18,284726.44
90,22,1368067,2321314,947605,925053,33,284726.44,34,1,276486.44,284367.25,290274.79,292704.43,281727.23
90,23,1376064,2297044,853996,914363,33,281727.23,34,1,284726.44,276486.44,284367.25,290274.79,281725.45
90,24,1495112,2303729,858098,824935,30,281725.45,34,1,281727.23,284726.44,276486.44,284367.25,272015.74
90,25,1364283,2262954,872559,827564,33,272015.74,34,1,281725.45,281727.23,284726.44,276486.44,276954.47
90,26,1377805,2305502,940603,840481,33,276954.47,34,1,272015.74,281725.45,281727.23,284726.44,267559.69
90,27,1385611,2066418,960935,837819,31,267559.69,34,1,276954.47,272015.74,281725.45,281727.23,276241.57
90,28,1388544,2284499,872746,846963,33,276241.57,34,1,267559.69,276954.47,272015.74,281725.45,284843.8
90,29,1502508,2290175,946064,844444,30,284843.8,34,1,276241.57,267559.69,276954.47,272015.74,283756.34
90,30,1510519,2270454,937832,837266,33,283756.34,34,1,284843.8,276241.57,267559.69,276954.47,
91,1,1670784,2025413,886565,323944,42,236765.63,34,1,,,,,231622.33
91,2,1690084,1857891,805573,345464,38,231622.33,34,1,236765.63,,,,228732.63
91,3,1678064,1836316,882001,318130,38,228732.63,34,1,231622.33,236765.63,,,241454.59
91,4,1870817,1826254,896786,322620,41,241454.59,34,1,228732.63,231622.33,236765.63,,236865.31
91,5,1697146,2015381,811048,324518,42,236865.31,34,1,241454.59,228732.63,231622.33,236765.63,243467.31
91,6,1872153,1817033,877574,351758,38,243467.31,34,1,236865.31,241454.59,228732.63,231622.33,238532.11
91,7,1709895,2011382,894254,320524,41,238532.11,34,1,243467.31,236865.31,241454.59,228732.63,242387.74
91,8,1862611,1812158,897517,345266,41,242387.74,34,1,238532.11,243467.31,236865.31,241454.59,232336.0
91,9,1701072,1825645,874804,347807,38,232336.0,34,1,242387.74,238532.11,243467.31,236865.31,229871.66
91,10,1664088,1849986,806962,348149,37,229871.66,34,1,232336.0,242387.74,238532.11,243467.31,238038.18
91,11,1695601,1993848,813722,348133,38,238038.18,34,1,229871.66,232336.0,242387.74,238532.11,241684.54
91,12,1856839,1861056,879376,322258,41,241684.54,34,1,238038.18,229871.66,232336.0,242387.74,235246.12
91,13,1673984,1993164,891684,318812,41,235246.12,34,1,241684.54,238038.18,229871.66,232336.0,235866.74
91,14,1680674,2003443,878678,318490,42,235866.74,34,1,235246.12,241684.54,238038.18,229871.66,230968.8
91,15,1702950,1810287,798016,352410,41,230968.8,34,1,235866.74,235246.12,241684.54,238038.18,231042.02
91,16,1715765,1846765,821435,322833,41,231042.02,34,1,230968.8,235866.74,235246.12,241684.54,241170.29
91,17,1828299,1858704,811052,350618,38,241170.29,34,1,231042.02,230968.8,235866.74,235246.12,237900.47
91,18,1673392,2022950,814940,348858,37,237900.47,34,1,241170.29,231042.02,230968.8,235866.74,232677.14
91,19,1667033,1983478,797465,316986,42,232677.14,34,1,237900.47,241170.29,231042.02,230968.8,249654.38
91,20,1859700,2006810,808124,354000,41,249654.38,34,1,232677.14,237900.47,241170.29,231042.02,239265.61
91,21,1698524,1988237,890090,348322,38,239265.61,34,1,249654.38,232677.14,237900.47,241170.29,248336.68
91,22,1874274,2030723,816031,316393,37,248336.68,34,1,239265.61,249654.38,232677.14,237900.47,239817.88
91,23,1844489,1807626,817910,346412,38,239817.88,34,1,248336.68,239265.61,249654.38,232677.14,246197.75
91,24,1864451,1997828,810521,315982,42,246197.75,34,1,239817.88,248336.68,239265.61,249654.38,237819.71
91,25,1668441,1999380,894452,347951,38,237819.71,34,1,246197.75,239817.88,248336.68,239265.61,242708.58
91,26,1850881,1831953,893699,348780,37,242708.58,34,1,237819.71,246197.75,239817.88,248336.68,240026.29
91,27,1860715,1819208,888537,318813,41,240026.29,34,1,242708.58,237819.71,246197.75,239817.88,246416.33
91,28,1849177,2000869,874065,316392,41,246416.33,34,1,240026.29,242708.58,237819.71,246197.75,246629.99
91,29,1864559,2002100,803296,320034,42,246629.99,34,1,246416.33,240026.29,242708.58,237819.71,230974.5
91,30,1698164,1847286,897267,320670,41,230974.5,34,1,246629.99,246416.33,240026.29,242708.58,
92,1,1240738,1724682,1141001,628784,39,227992.56,34,1,,,,,215084.27
92,2,1224785,1571555,1128700,570337,42,215084.27,34,1,227992.56,,,,227201.37
92,3,1328378,1685021,1126103,578116,42,227201.37,34,1,215084.27,227992.56,,,218888.93
92,4,1206395,1688241,1124622,572397,42,218888.93,34,1,227201.37,215084.27,227992.56,,222023.65
92,5,1331419,1560272,1135398,574655,38,222023.65,34,1,218888.93,227201.37,215084.27,227992.56,213389.71
92,6,1219220,1556404,1042525,578283,39,213389.71,34,1,222023.65,218888.93,227201.37,215084.27,228600.87
92,7,1346128,1722841,1021410,582430,42,228600.87,34,1,213389.71,222023.65,218888.93,227201.37,234904.37
92,8,1356198,1724456,1038022,641315,39,234904.37,34,1,228600.87,213389.71,222023.65,218888.93,234926.98
92,9,1352489,1707421,1130032,635350,43,234926.98,34,1,234904.37,228600.87,213389.71,222023.65,220516.68
92,10,1332844,1556502,1030429,577802,39,220516.68,34,1,234926.98,234904.37,228600.87,213389.71,224427.96
92,11,1215616,1711568,1045154,630867,38,224427.96,34,1,220516.68,234926.98,234904.37,228600.87,226484.58
92,12,1323508,1562481,1131839,629429,39,226484.58,34,1,224427.96,220516.68,234926.98,234904.37,215253.22
92,13,1209206,1578857,1140703,577839,39,215253.22,34,1,226484.58,224427.96,220516.68,234926.98,221650.33
92,14,1227490,1705449,1138145,577418,38,221650.33,34,1,215253.22,226484.58,224427.96,220516.68,218993.82
92,15,1217292,1709303,1040217,571355,39,218993.82,34,1,221650.33,215253.22,226484.58,224427.96,228963.72
92,16,1337906,1722122,1134161,572148,38,228963.72,34,1,218993.82,221650.33,215253.22,226484.58,228148.3
92,17,1333592,1719575,1036144,585250,42,228148.3,34,1,228963.72,218993.82,221650.33,215253.22,214474.34
92,18,1219870,1573673,1027789,584524,39,214474.34,34,1,228148.3,228963.72,218993.82,221650.33,214682.3
92,19,1213015,1574363,1118573,574888,39,214682.3,34,1,214474.34,228148.3,228963.72,218993.82,222991.52
92,20,1229196,1721203,1126694,585847,39,222991.52,34,1,214682.3,214474.34,228148.3,228963.72,221622.39
92,21,1330439,1566896,1049114,583567,39,221622.39,34,1,222991.52,214682.3,214474.34,228148.3,226341.85
92,22,1328590,1536802,1140419,634529,42,226341.85,34,1,221622.39,222991.52,214682.3,214474.34,227869.89
92,23,1238646,1712807,1133319,635827,43,227869.89,34,1,226341.85,221622.39,222991.52,214682.3,229009.17
92,24,1341850,1682586,1144246,586304,39,229009.17,34,1,227869.89,226341.85,221622.39,222991.52,222888.36
92,25,1347605,1549554,1149001,575098,38,222888.36,34,1,229009.17,227869.89,226341.85,221622.39,221711.91
92,26,1327705,1548747,1147701,576962,42,221711.91,34,1,222888.36,229009.17,227869.89,226341.85,224510.51
92,27,1353060,1581774,1124330,578721,42,224510.51,34,1,221711.91,222888.36,229009.17,227869.89,220339.96
92,28,1227832,1709134,1048588,577253,43,220339.96,34,1,224510.51,221711.91,222888.36,229009.17,220928.77
92,29,1327393,1551480,1125805,571227,42,220928.77,34,1,220339.96,224510.51,221711.91,222888.36,223757.54
92,30,1229996,1685803,1029573,627881,38,223757.54,34,1,220928.77,220339.96,224510.51,221711.91,
93,1,1421937,1923057,724961,351081,48,216147.77,34,1,,,,,225888.01
93,2,1570141,1880528,643899,387054,48,225888.01,34,1,216147.77,,,,209352.71
93,3,1438579,1740615,710018,351072,44,209352.71,34,1,225888.01,216147.77,,,227977.37
93,4,1572384,1893718,723868,387923,44,227977.37,34,1,209352.71,225888.01,216147.77,,216354.11
93,5,1458437,1893730,654493,353580,44,216354.11,34,1,227977.37,209352.71,225888.01,216147.77,210223.12
93,6,1456640,1727348,718334,352376,44,210223.12,34,1,216354.11,227977.37,209352.71,225888.01,222179.13
93,7,1589076,1744413,719376,381655,48,222179.13,34,1,210223.12,216354.11,227977.37,209352.71,210812.96
93,8,1424221,1752434,647238,383548,45,210812.96,34,1,222179.13,210223.12,216354.11,227977.37,221870.6
93,9,1586591,1735917,715726,384629,44,221870.6,34,1,210812.96,222179.13,210223.12,216354.11,209408.57
93,10,1422954,1715299,660538,383670,49,209408.57,34,1,221870.6,210812.96,222179.13,210223.12,212827.48
93,11,1456376,1743556,662192,384165,44,212827.48,34,1,209408.57,221870.6,210812.96,222179.13,217009.54
93,12,1553040,1730280,722592,356205,43,217009.54,34,1,212827.48,209408.57,221870.6,210812.96,226933.64
93,13,1562839,1886868,721115,386882,48,226933.64,34,1,217009.54,212827.48,209408.57,221870.6,220139.96
93,14,1455202,1929870,653332,381342,45,220139.96,34,1,226933.64,217009.54,212827.48,209408.57,225337.48
93,15,1571050,1928546,647354,357408,48,225337.48,34,1,220139.96,226933.64,217009.54,212827.48,221062.28
93,16,1568910,1745945,720393,382875,44,221062.28,34,1,225337.48,220139.96,226933.64,217009.54,218327.2
93,17,1573259,1754808,710474,347116,48,218327.2,34,1,221062.28,225337.48,220139.96,226933.64,224907.35
93,18,1563863,1929620,651318,356589,44,224907.35,34,1,218327.2,221062.28,225337.48,220139.96,223841.16
93,19,1583736,1885496,662509,348891,48,223841.16,34,1,224907.35,218327.2,221062.28,225337.48,218875.05
93,20,1593381,1756884,658925,347168,44,218875.05,34,1,223841.16,224907.35,218327.2,221062.28,210388.79
93,21,1437135,1763005,723811,350700,48,210388.79,34,1,218875.05,223841.16,224907.35,218327.2,225178.35
93,22,1573007,1923011,643294,357548,44,225178.35,34,1,210388.79,218875.05,223841.16,224907.35,226154.02
93,23,1568433,1904358,643802,380208,44,226154.02,34,1,225178.35,210388.79,218875.05,223841.16,215918.66
93,24,1423142,1906976,713962,357135,47,215918.66,34,1,226154.02,225178.35,210388.79,218875.05,216925.12
93,25,1578829,1731502,646648,350004,48,216925.12,34,1,215918.66,226154.02,225178.35,210388.79,217143.45
93,26,1555721,1736856,711824,354671,48,217143.45,34,1,216925.12,215918.66,226154.02,225178.35,226997.64
93,27,1563458,1924720,653237,381973,49,226997.64,34,1,217143.45,216925.12,215918.66,226154.02,208782.75
93,28,1438640,1727949,715572,349567,44,208782.75,34,1,226997.64,217143.45,216925.12,215918.66,209764.32
93,29,1451174,1747813,656076,353080,44,209764.32,34,1,208782.75,226997.64,217143.45,216925.12,214693.81
93,30,1445865,1877181,645770,353462,48,214693.81,34,1,209764.32,208782.75,226997.64,217143.45,
94,1,1691846,2029747,1004898,579861,9,263333.17,34,1,,,,,265894.75
94,2,1687081,2041487,1092525,590274,9,265894.75,34,1,263333.17,,,,250771.51
94,3,1517315,1849533,1106395,631051,9,250771.51,34,1,265894.75,263333.17,,,250506.35
94,4,1528200,1843819,994786,643280,10,250506.35,34,1,250771.51,265894.75,263333.17,,262480.51
94,5,1691396,2011743,1002415,579528,9,262480.51,34,1,250506.35,250771.51,265894.75,263333.17,256952.28
94,6,1518620,2015568,1005665,640046,9,256952.28,34,1,262480.51,250506.35,250771.51,265894.75,263313.6
94,7,1668920,2045144,1086598,574093,8,263313.6,34,1,256952.28,262480.51,250506.35,250771.51,256092.65
94,8,1526231,2054696,1088550,591797,9,256092.65,34,1,263313.6,256952.28,262480.51,250506.35,247323.78
94,9,1543230,1878711,1016078,577135,8,247323.78,34,1,256092.65,263313.6,256952.28,262480.51,257497.98
94,10,1537113,2006565,1009529,636274,9,257497.98,34,1,247323.78,256092.65,263313.6,256952.28,253286.35
94,11,1670867,1830703,1009981,574875,9,253286.35,34,1,257497.98,247323.78,256092.65,263313.6,259812.12
94,12,1672204,1855157,1011171,634722,9,259812.12,34,1,253286.35,257497.98,247323.78,256092.65,258130.45
94,13,1536204,2009524,1017828,641056,9,258130.45,34,1,259812.12,253286.35,257497.98,247323.78,264336.2
94,14,1664031,2048201,1085303,587765,8,264336.2,34,1,258130.45,259812.12,253286.35,257497.98,260767.08
94,15,1532185,2035361,1097686,646648,8,260767.08,34,1,264336.2,258130.45,259812.12,253286.35,251730.78
94,16,1512915,1886742,1091059,630398,9,251730.78,34,1,260767.08,264336.2,258130.45,259812.12,268148.53
94,17,1699681,2024577,993267,632141,9,268148.53,34,1,251730.78,260767.08,264336.2,258130.45,263153.1
94,18,1555875,2060654,1099317,644055,9,263153.1,34,1,268148.53,251730.78,260767.08,264336.2,255264.85
94,19,1552534,2049555,1014320,579626,10,255264.85,34,1,263153.1,268148.53,251730.78,260767.08,261086.07
94,20,1680926,1851150,1006758,645241,9,261086.07,34,1,255264.85,263153.1,268148.53,251730.78,259672.92
94,21,1531334,2027861,1094594,639166,9,259672.92,34,1,261086.07,255264.85,263153.1,268148.53,245428.71
94,22,1517288,1877556,997062,578768,9,245428.71,34,1,259672.92,261086.07,255264.85,263153.1,265297.8
94,23,1682962,2045219,1094343,584554,9,265297.8,34,1,245428.71,259672.92,261086.07,255264.85,260554.31
94,24,1658660,1854604,1091536,638293,9,260554.31,34,1,265297.8,245428.71,259672.92,261086.07,257126.86
94,25,1661150,1867034,1113065,588812,9,257126.86,34,1,260554.31,265297.8,245428.71,259672.92,250136.77
94,26,1516052,1864691,1003226,636701,9,250136.77,34,1,257126.86,260554.31,265297.8,245428.71,262710.4
94,27,1667162,2022458,1107606,575353,9,262710.4,34,1,250136.77,257126.86,260554.31,265297.8,253951.51
94,28,1526088,2052308,1015518,582578,9,253951.51,34,1,262710.4,250136.77,257126.86,260554.31,263337.06
94,29,1700337,1879749,996122,644930,10,263337.06,34,1,253951.51,262710.4,250136.77,257126.86,263427.96
94,30,1700584,1855055,1106250,637133,9,263427.96,34,1,263337.06,253951.51,262710.4,250136.77,
95,1,1283067,1739616,902363,753549,27,238687.87,34,1,,,,,225997.9
95,2,1174265,1591844,912706,757652,27,225997.9,34,1,238687.87,,,,222514.15
95,3,1152519,1593771,839149,747171,25,222514.15,34,1,225997.9,238687.87,,,237554.74
95,4,1278277,1615036,826040,816087,28,237554.74,34,1,222514.15,225997.9,238687.87,,232013.34
95,5,1166522,1769545,831686,762319,25,232013.34,34,1,237554.74,222514.15,225997.9,238687.87,229929.85
95,6,1156486,1753600,827678,754549,27,229929.85,34,1,232013.34,237554.74,222514.15,225997.9,233081.22
95,7,1167762,1762453,897732,764514,27,233081.22,34,1,229929.85,232013.34,237554.74,222514.15,235864.07
95,8,1251475,1758776,836675,748036,28,235864.07,34,1,233081.22,229929.85,232013.34,237554.74,244868.22
95,9,1273683,1741513,910231,826513,25,244868.22,34,1,235864.07,233081.22,229929.85,232013.34,237910.04
95,10,1173357,1745153,831604,834113,25,237910.04,34,1,244868.22,235864.07,233081.22,229929.85,230470.98
95,11,1167318,1615154,822691,817851,25,230470.98,34,1,237910.04,244868.22,235864.07,233081.22,225098.96
95,12,1168761,1610494,895617,746113,25,225098.96,34,1,230470.98,237910.04,244868.22,235864.07,231139.49
95,13,1256127,1620130,817165,760133,25,231139.49,34,1,225098.96,230470.98,237910.04,244868.22,223431.39
95,14,1144126,1597863,835944,762059,27,223431.39,34,1,231139.49,225098.96,230470.98,237910.04,236531.61
95,15,1156423,1771537,816917,821443,28,236531.61,34,1,223431.39,231139.49,225098.96,230470.98,230903.55
95,16,1272142,1588993,900129,745313,27,230903.55,34,1,236531.61,223431.39,231139.49,225098.96,232844.91
95,17,1260940,1629984,914039,753357,25,232844.91,34,1,230903.55,236531.61,223431.39,231139.49,229316.62
95,18,1143113,1785086,830710,742216,25,229316.62,34,1,232844.91,230903.55,236531.61,223431.39,230462.06
95,19,1166194,1755196,827533,752758,28,230462.06,34,1,229316.62,232844.91,230903.55,236531.61,238906.52
95,20,1272454,1616965,895808,821653,25,238906.52,34,1,230462.06,229316.62,232844.91,230903.55,236901.0
95,21,1269225,1759982,825676,748226,25,236901.0,34,1,238906.52,230462.06,229316.62,232844.91,230298.6
95,22,1152894,1742257,904547,752465,27,230298.6,34,1,236901.0,238906.52,230462.06,229316.62,233087.94
95,23,1160138,1635824,912010,826162,28,233087.94,34,1,230298.6,236901.0,238906.52,230462.06,224052.14
95,24,1148106,1599820,841627,764141,25,224052.14,34,1,233087.94,230298.6,236901.0,238906.52,231130.01
95,25,1171791,1754520,828027,756369,25,231130.01,34,1,224052.14,233087.94,230298.6,236901.0,231422.04
95,26,1164903,1600665,840529,833593,28,231422.04,34,1,231130.01,224052.14,233087.94,230298.6,224424.56
95,27,1157449,1599800,825098,764575,27,224424.56,34,1,231422.04,231130.01,224052.14,233087.94,232466.22
95,28,1170942,1756173,914994,755176,25,232466.22,34,1,224424.56,231422.04,231130.01,224052.14,236221.26
95,29,1250555,1610840,828668,822692,28,236221.26,34,1,232466.22,224424.56,231422.04,231130.01,238337.34
95,30,1144532,1770601,902605,834830,25,238337.34,34,1,236221.26,232466.22,224424.56,231422.04,
96,1,1777102,2183807,705302,414790,12,255488.05,34,1,,,,,248892.92
96,2,1628770,2180766,695465,451477,12,248892.92,34,1,255488.05,,,,253339.84
96,3,1792387,2005484,711006,461604,12,253339.84,34,1,248892.92,255488.05,,,248448.3
96,4,1612489,2201374,640989,458628,11,248448.3,34,1,253339.84,248892.92,255488.05,,255572.62
96,5,1789852,2193164,650909,412143,11,255572.62,34,1,248448.3,253339.84,248892.92,255488.05,236385.84
96,6,1634710,1978430,640386,412357,11,236385.84,34,1,255572.62,248448.3,253339.84,248892.92,252722.62
96,7,1805338,1988278,698966,455622,12,252722.62,34,1,236385.84,255572.62,248448.3,253339.84,244047.86
96,8,1641364,2153727,635792,412114,11,244047.86,34,1,252722.62,236385.84,255572.62,248448.3,240248.02
96,9,1608087,2022640,644262,453118,11,240248.02,34,1,244047.86,252722.62,236385.84,255572.62,251591.96
96,10,1803129,1971368,709844,450528,12,251591.96,34,1,240248.02,244047.86,252722.62,236385.84,243976.3
96,11,1621250,2153753,695987,414791,12,243976.3,34,1,251591.96,240248.02,244047.86,252722.62,237009.53
96,12,1606073,2016054,637376,422964,11,237009.53,34,1,243976.3,251591.96,240248.02,244047.86,246138.78
96,13,1616226,2191225,711259,422228,11,246138.78,34,1,237009.53,243976.3,251591.96,240248.02,235539.69
96,14,1603592,1972524,710773,415246,12,235539.69,34,1,246138.78,237009.53,243976.3,251591.96,248657.88
96,15,1765801,1971680,644690,456557,11,248657.88,34,1,235539.69,246138.78,237009.53,243976.3,258287.53
96,16,1783701,2180521,639601,454590,11,258287.53,34,1,248657.88,235539.69,246138.78,237009.53,249256.61
96,17,1805267,1983094,705700,418416,12,249256.61,34,1,258287.53,248657.88,235539.69,246138.78,252541.39
96,18,1804103,2020145,642109,450093,12,252541.39,34,1,249256.61,258287.53,248657.88,235539.69,258616.7
96,19,1777434,2196703,651083,453149,12,258616.7,34,1,252541.39,249256.61,258287.53,248657.88,240018.25
96,20,1624295,1996961,634446,452612,12,240018.25,34,1,258616.7,252541.39,249256.61,258287.53,252202.59
96,21,1757475,2154423,640187,417957,12,252202.59,34,1,240018.25,258616.7,252541.39,249256.61,247279.05
96,22,1638728,2194555,710428,417305,12,247279.05,34,1,252202.59,240018.25,258616.7,252541.39,246013.22
96,23,1779826,1986946,636619,411545,12,246013.22,34,1,247279.05,252202.59,240018.25,258616.7,246657.42
96,24,1760423,2007364,694957,412535,12,246657.42,34,1,246013.22,247279.05,252202.59,240018.25,253502.92
96,25,1760496,2152572,704278,419379,12,253502.92,34,1,246657.42,246013.22,247279.05,252202.59,250213.42
96,26,1786227,1984118,650262,452343,11,250213.42,34,1,253502.92,246657.42,246013.22,247279.05,246539.98
96,27,1760092,2026267,636247,413412,11,246539.98,34,1,250213.42,253502.92,246657.42,246013.22,249887.45
96,28,1635808,2191511,697943,452015,11,249887.45,34,1,246539.98,250213.42,253502.92,246657.42,258825.93
96,29,1759604,2207467,702318,453955,12,258825.93,34,1,249887.45,246539.98,250213.42,253502.92,255201.19
96,30,1799233,2156330,647621,418954,12,255201.19,34,1,258825.93,249887.45,246539.98,250213.42,
97,1,1298769,1560039,779286,689148,30,224367.63,34,1,,,,,228584.73
97,2,1273409,1705596,771405,688104,28,228584.73,34,1,224367.63,,,,223595.68
97,3,1308094,1592365,844399,647032,30,223595.68,34,1,228584.73,224367.63,,,224942.47
97,4,1275127,1714979,845787,628571,30,224942.47,34,1,223595.68,228584.73,224367.63,,218643.74
97,5,1288320,1551397,787202,635751,31,218643.74,34,1,224942.47,223595.68,228584.73,224367.63,211156.98
97,6,1168274,1571267,788621,629550,30,211156.98,34,1,218643.74,224942.47,223595.68,228584.73,217230.65
97,7,1172055,1578685,787036,691034,27,217230.65,34,1,211156.98,218643.74,224942.47,223595.68,226169.37
97,8,1281208,1719413,862310,632736,31,226169.37,34,1,217230.65,211156.98,218643.74,224942.47,230240.34
97,9,1274890,1696092,842709,696805,28,230240.34,34,1,226169.37,217230.65,211156.98,218643.74,226416.21
97,10,1186282,1719328,849158,706142,28,226416.21,34,1,230240.34,226169.37,217230.65,211156.98,224483.74
97,11,1165559,1703846,845096,707523,30,224483.74,34,1,226416.21,230240.34,226169.37,217230.65,231951.74
97,12,1302439,1734442,785959,688545,31,231951.74,34,1,224483.74,226416.21,230240.34,226169.37,226245.27
97,13,1303817,1567336,775903,703574,30,226245.27,34,1,231951.74,224483.74,226416.21,230240.34,219152.3
97,14,1294446,1551641,771639,639711,31,219152.3,34,1,226245.27,231951.74,224483.74,226416.21,230850.55
97,15,1272871,1734660,785020,697658,30,230850.55,34,1,219152.3,226245.27,231951.74,224483.74,222669.94
97,16,1161232,1722380,782588,693327,28,222669.94,34,1,230850.55,219152.3,226245.27,231951.74,233028.25
97,17,1281872,1733017,859703,702486,28,233028.25,34,1,222669.94,230850.55,219152.3,226245.27,225433.65
97,18,1282166,1546044,844479,707505,30,225433.65,34,1,233028.25,222669.94,230850.55,219152.3,227459.5
97,19,1287247,1724368,846420,643306,27,227459.5,34,1,225433.65,233028.25,222669.94,230850.55,219499.32
97,20,1179957,1590613,772932,707547,31,219499.32,34,1,227459.5,225433.65,233028.25,222669.94,216704.73
97,21,1171483,1547723,842888,689779,31,216704.73,34,1,219499.32,227459.5,225433.65,233028.25,220268.76
97,22,1190320,1575342,854489,700846,28,220268.76,34,1,216704.73,219499.32,227459.5,225433.65,217863.28
97,23,1174489,1706478,782311,637922,28,217863.28,34,1,220268.76,216704.73,219499.32,227459.5,219778.14
97,24,1166520,1592114,863688,703058,30,219778.14,34,1,217863.28,220268.76,216704.73,219499.32,227921.88
97,25,1296331,1712125,855406,645937,30,227921.88,34,1,219778.14,217863.28,220268.76,216704.73,225911.96
97,26,1280940,1589802,848373,692695,31,225911.96,34,1,227921.88,219778.14,217863.28,220268.76,221838.45
97,27,1297325,1563265,853107,647189,30,221838.45,34,1,225911.96,227921.88,219778.14,217863.28,224831.68
97,28,1283621,1576271,768247,699672,28,224831.68,34,1,221838.45,225911.96,227921.88,219778.14,227779.3
97,29,1307733,1739011,777021,637987,30,227779.3,34,1,224831.68,221838.45,225911.96,227921.88,225386.88
97,30,1308873,1545497,778952,699988,31,225386.88,34,1,227779.3,224831.68,221838.45,225911.96,
98,1,1349437,1857410,817509,620154,16,234487.81,34,1,,,,,229363.43
98,2,1365425,1828639,818319,565033,14,229363.43,34,1,234487.81,,,,224729.81
98,3,1373246,1696096,829611,567413,14,224729.81,34,1,229363.43,234487.81,,,229487.71
98,4,1374694,1861317,755018,556138,16,229487.71,34,1,224729.81,229363.43,234487.81,,229702.91
98,5,1373598,1855314,752302,562591,15,229702.91,34,1,229487.71,224729.81,229363.43,234487.81,234911.34
98,6,1370526,1840537,825331,616088,16,234911.34,34,1,229702.91,229487.71,224729.81,229363.43,230100.91
98,7,1491451,1662766,832355,556957,16,230100.91,34,1,234911.34,229702.91,229487.71,224729.81,236427.19
98,8,1470607,1710327,827552,620916,16,236427.19,34,1,230100.91,234911.34,229702.91,229487.71,243820.75
98,9,1492671,1866300,828607,614548,16,243820.75,34,1,236427.19,230100.91,234911.34,229702.91,226970.24
98,10,1376116,1688100,753227,607821,16,226970.24,34,1,243820.75,236427.19,230100.91,234911.34,229371.0
98,11,1383561,1713304,811189,606844,14,229371.0,34,1,226970.24,243820.75,236427.19,230100.91,237970.67
98,12,1505566,1838875,826310,553543,16,237970.67,34,1,229371.0,226970.24,243820.75,236427.19,238387.3
98,13,1496955,1862276,748241,567736,16,238387.3,34,1,237970.67,229371.0,226970.24,243820.75,233300.49
98,14,1498312,1710029,819843,567879,14,233300.49,34,1,238387.3,237970.67,229371.0,226970.24,227278.93
98,15,1356212,1839857,762632,553491,15,227278.93,34,1,233300.49,238387.3,237970.67,229371.0,236827.05
98,16,1497604,1853506,753952,552993,16,236827.05,34,1,227278.93,233300.49,238387.3,237970.67,228887.36
98,17,1343241,1850898,817838,565466,16,228887.36,34,1,236827.05,227278.93,233300.49,238387.3,228691.65
98,18,1381070,1683035,825332,612553,15,228691.65,34,1,228887.36,236827.05,227278.93,233300.49,226726.43
98,19,1349483,1835391,757384,555228,15,226726.43,34,1,228691.65,228887.36,236827.05,227278.93,226951.21
98,20,1353733,1668643,828898,618924,15,226951.21,34,1,226726.43,228691.65,228887.36,236827.05,229616.62
98,21,1367534,1846345,821734,557492,16,229616.62,34,1,226951.21,226726.43,228691.65,228887.36,229234.78
98,22,1365573,1847902,754763,566154,16,229234.78,34,1,229616.62,226951.21,226726.43,228691.65,235397.96
98,23,1356714,1872862,813796,618530,16,235397.96,34,1,229234.78,229616.62,226951.21,226726.43,234693.47
98,24,1378725,1863610,748355,611116,16,234693.47,34,1,235397.96,229234.78,229616.62,226951.21,234421.98
98,25,1472363,1702098,743382,616580,14,234421.98,34,1,234693.47,235397.96,229234.78,229616.62,237765.28
98,26,1473853,1865058,819874,563097,15,237765.28,34,1,234421.98,234693.47,235397.96,229234.78,229419.01
98,27,1376771,1835585,815234,554837,14,229419.01,34,1,237765.28,234421.98,234693.47,235397.96,230032.81
98,28,1470427,1682091,831647,562484,16,230032.81,34,1,229419.01,237765.28,234421.98,234693.47,236699.92
98,29,1496828,1687413,831963,614914,14,236699.92,34,1,230032.81,229419.01,237765.28,234421.98,223790.39
98,30,1355784,1702559,818462,568581,16,223790.39,34,1,236699.92,230032.81,229419.01,237765.28,
99,1,1685462,2292525,1021163,676958,22,282930.16,34,1,,,,,281314.75
99,2,1807465,2096106,921210,680625,22,281314.75,34,1,282930.16,,,,295757.21
99,3,1827030,2256486,928279,751075,22,295757.21,34,1,281314.75,282930.16,,,287282.87
99,4,1671304,2291480,1022999,735551,20,287282.87,34,1,295757.21,281314.75,282930.16,,296866.68
99,5,1842577,2280899,933273,739976,22,296866.68,34,1,287282.87,295757.21,281314.75,282930.16,287286.67
99,6,1848147,2111065,1027478,691298,22,287286.67,34,1,296866.68,287282.87,295757.21,281314.75,271988.41
99,7,1673758,2065875,914384,688573,20,271988.41,34,1,287286.67,296866.68,287282.87,295757.21,272272.52
99,8,1663746,2068120,1010284,680397,20,272272.52,34,1,271988.41,287286.67,296866.68,287282.87,273698.81
99,9,1696184,2069015,940308,685236,22,273698.81,34,1,272272.52,271988.41,287286.67,296866.68,280302.54
99,10,1694942,2266208,918175,671981,22,280302.54,34,1,273698.81,272272.52,271988.41,287286.67,297531.04
99,11,1845331,2281603,936085,744527,20,297531.04,34,1,280302.54,273698.81,272272.52,271988.41,279273.83
99,12,1678447,2067020,1023325,745594,22,279273.83,34,1,297531.04,280302.54,273698.81,272272.52,280816.42
99,13,1669514,2245611,1013652,688101,20,280816.42,34,1,279273.83,297531.04,280302.54,273698.81,291635.77
99,14,1859183,2070645,1023953,750972,20,291635.77,34,1,280816.42,279273.83,297531.04,280302.54,271847.8
99,15,1648788,2079392,1021286,679208,20,271847.8,34,1,291635.77,280816.42,279273.83,297531.04,277353.64
99,16,1649843,2048578,1023791,753325,22,277353.64,34,1,271847.8,291635.77,280816.42,279273.83,289115.93
99,17,1820285,2069709,1007612,754399,22,289115.93,34,1,277353.64,271847.8,291635.77,280816.42,273981.97
99,18,1701269,2056912,930252,692167,20,273981.97,34,1,289115.93,277353.64,271847.8,291635.77,285417.8
99,19,1653998,2299181,935619,739668,20,285417.8,34,1,273981.97,289115.93,277353.64,271847.8,274472.82
99,20,1698497,2070609,1014315,677929,20,274472.82,34,1,285417.8,273981.97,289115.93,277353.64,279071.92
99,21,1657404,2085179,1018911,750867,22,279071.92,34,1,274472.82,285417.8,273981.97,289115.93,281111.06
99,22,1685166,2302881,912288,672049,20,281111.06,34,1,279071.92,274472.82,285417.8,273981.97,283062.49
99,23,1701217,2101724,1026290,754611,22,283062.49,34,1,281111.06,279071.92,274472.82,285417.8,274174.92
99,24,1690957,2055444,1019565,686115,22,274174.92,34,1,283062.49,281111.06,279071.92,274472.82,281235.26
99,25,1825505,2084320,920813,672313,22,281235.26,34,1,274174.92,283062.49,281111.06,279071.92,292787.08
99,26,1853474,2281853,924485,688070,20,292787.08,34,1,281235.26,274174.92,283062.49,281111.06,277956.9
99,27,1670724,2246717,915135,672970,20,277956.9,34,1,292787.08,281235.26,274174.92,283062.49,286265.7
99,28,1684740,2244679,921493,754813,20,286265.7,34,1,277956.9,292787.08,281235.26,274174.92,287510.79
99,29,1821989,2079486,934665,744144,20,287510.79,34,1,286265.7,277956.9,292787.08,281235.26,287360.31
99,30,1684076,2266703,1026724,738036,20,287360.31,34,1,287510.79,286265.7,277956.9,292787.08,
100,1,1824905,1839891,1048979,500124,11,257555.18,34,1,,,,,267508.19
100,2,1837741,2050253,1062353,501313,10,267508.19,34,1,257555.18,,,,284391.1
100,3,2021693,2070267,1060272,547404,10,284391.1,34,1,267508.19,257555.18,,,282382.37
100,4,2039611,2019847,948926,555921,10,282382.37,34,1,284391.1,267508.19,257555.18,,271454.69
100,5,1870650,2036722,949255,548309,10,271454.69,34,1,282382.37,284391.1,267508.19,257555.18,264014.32
100,6,1817618,2022039,1039181,494336,11,264014.32,34,1,271454.69,282382.37,284391.1,267508.19,261452.98
100,7,1844264,1839728,961837,545391,11,261452.98,34,1,264014.32,271454.69,282382.37,284391.1,276443.75
100,8,1993482,2031444,1045292,500284,10,276443.75,34,1,261452.98,264014.32,271454.69,282382.37,273527.57
100,9,2027255,1845132,976947,542496,10,273527.57,34,1,276443.75,261452.98,264014.32,271454.69,268168.97
100,10,2003246,1854742,948640,501041,9,268168.97,34,1,273527.57,276443.75,261452.98,264014.32,283905.53
100,11,2042539,2046622,966791,555038,10,283905.53,34,1,268168.97,273527.57,276443.75,261452.98,278125.23
100,12,2004721,2043472,1038419,506527,11,278125.23,34,1,283905.53,268168.97,273527.57,276443.75,275605.84
100,13,2016467,1893046,973060,551793,10,275605.84,34,1,278125.23,283905.53,268168.97,273527.57,272540.25
100,14,1852795,2037231,1052568,554109,11,272540.25,34,1,275605.84,278125.23,283905.53,268168.97,276094.96
100,15,2039041,1874787,953165,553082,10,276094.96,34,1,272540.25,275605.84,278125.23,283905.53,261169.74
100,16,1861306,1858275,1052918,504802,10,261169.74,34,1,276094.96,272540.25,275605.84,278125.23,270748.37
100,17,1855058,2038884,955000,549633,11,270748.37,34,1,261169.74,276094.96,272540.25,275605.84,269633.57
100,18,1831169,2038620,972892,551304,10,269633.57,34,1,270748.37,261169.74,276094.96,272540.25,283588.02
100,19,1999641,2066119,1066168,555197,10,283588.02,34,1,269633.57,270748.37,261169.74,276094.96,275649.31
100,20,1999396,2021427,970887,505431,10,275649.31,34,1,283588.02,269633.57,270748.37,261169.74,279618.95
100,21,2003625,2037698,956334,541519,10,279618.95,34,1,275649.31,283588.02,269633.57,270748.37,258727.26
100,22,1831798,1893310,954897,500556,10,258727.26,34,1,279618.95,275649.31,283588.02,269633.57,273984.58
100,23,2014237,1851860,975591,554050,9,273984.58,34,1,258727.26,279618.95,275649.31,283588.02,269244.01
100,24,2021060,1859876,970518,493787,11,269244.01,34,1,273984.58,258727.26,279618.95,275649.31,270217.21
100,25,1838380,2021045,1065795,543804,10,270217.21,34,1,269244.01,273984.58,258727.26,279618.95,258483.67
100,26,1858207,1860332,948589,495310,10,258483.67,34,1,270217.21,269244.01,273984.58,258727.26,277810.84
100,27,2030624,1894319,1053176,550873,10,277810.84,34,1,258483.67,270217.21,269244.01,273984.58,270291.39
100,28,1997683,1864571,1061996,503351,11,270291.39,34,1,277810.84,258483.67,270217.21,269244.01,270382.32
100,29,1855981,2029882,968856,546559,10,270382.32,34,1,270291.39,277810.84,258483.67,270217.21,281971.15
100,30,2014091,2065794,963054,545830,10,281971.15,34,1,270382.32,270291.39,277810.84,258483.67,
101,1,1511775,1560432,1018018,403904,18,216389.85,34,1,,,,,218071.95
101,2,1639504,1428574,925079,408817,16,218071.95,34,1,216389.85,,,,225878.87
101,3,1632578,1590822,1003705,410817,18,225878.87,34,1,218071.95,216389.85,,,216378.25
101,4,1511404,1555782,1025873,404767,17,216378.25,34,1,225878.87,218071.95,216389.85,,224097.84
101,5,1638163,1580618,926269,405900,18,224097.84,34,1,216378.25,225878.87,218071.95,216389.85,208657.88
101,6,1486049,1439717,935338,407689,17,208657.88,34,1,224097.84,216378.25,225878.87,218071.95,221688.44
101,7,1626910,1593765,1006211,366606,17,221688.44,34,1,208657.88,224097.84,216378.25,225878.87,217086.02
101,8,1642882,1449177,1011131,370217,18,217086.02,34,1,221688.44,208657.88,224097.84,216378.25,215565.8
101,9,1616953,1444261,1023279,372061,18,215565.8,34,1,217086.02,221688.44,208657.88,224097.84,215115.26
101,10,1513723,1558530,912711,408449,18,215115.26,34,1,215565.8,217086.02,221688.44,208657.88,218215.74
101,11,1637769,1430895,938970,408049,17,218215.74,34,1,215115.26,215565.8,217086.02,221688.44,219023.05
101,12,1614827,1562061,934368,373527,18,219023.05,34,1,218215.74,215115.26,215565.8,217086.02,210233.47
101,13,1489427,1432978,1017567,410866,17,210233.47,34,1,219023.05,218215.74,215115.26,215565.8,210955.03
101,14,1496102,1459880,1026542,399963,17,210955.03,34,1,210233.47,219023.05,218215.74,215115.26,226453.4
101,15,1651476,1580040,1007499,407911,18,226453.4,34,1,210955.03,210233.47,219023.05,218215.74,220355.39
101,16,1647959,1455265,998960,402218,17,220355.39,34,1,226453.4,210955.03,210233.47,219023.05,209829.91
101,17,1480694,1457106,1014773,401993,17,209829.91,34,1,220355.39,226453.4,210955.03,210233.47,224444.62
101,18,1639305,1594250,926262,402608,17,224444.62,34,1,209829.91,220355.39,226453.4,210955.03,205176.45
101,19,1503308,1427271,912489,366615,17,205176.45,34,1,224444.62,209829.91,220355.39,226453.4,214353.3
101,20,1617636,1424716,1012942,369071,17,214353.3,34,1,205176.45,224444.62,209829.91,220355.39,213321.96
101,21,1471904,1584480,930715,403312,17,213321.96,34,1,214353.3,205176.45,224444.62,209829.91,213102.98
101,22,1611965,1427952,916611,375342,18,213102.98,34,1,213321.96,214353.3,205176.45,224444.62,205742.32
101,23,1492407,1442351,928373,370839,17,205742.32,34,1,213102.98,213321.96,214353.3,205176.45,207590.07
101,24,1486755,1430872,929684,400472,17,207590.07,34,1,205742.32,213102.98,213321.96,214353.3,212336.15
101,25,1497781,1593194,927432,370341,17,212336.15,34,1,207590.07,205742.32,213102.98,213321.96,211482.94
101,26,1508951,1567521,914195,367164,18,211482.94,34,1,212336.15,207590.07,205742.32,213102.98,212571.5
101,27,1618732,1419054,934049,365532,17,212571.5,34,1,211482.94,212336.15,207590.07,205742.32,214768.9
101,28,1487677,1588074,939094,404826,17,214768.9,34,1,212571.5,211482.94,212336.15,207590.07,215026.2
101,29,1471539,1590387,1016048,404178,17,215026.2,34,1,214768.9,212571.5,211482.94,212336.15,222584.24
101,30,1635213,1594690,1022709,367135,17,222584.24,34,1,215026.2,214768.9,212571.5,211482.94,
102,1,1896020,1752418,1084564,809369,29,286984.33,34,1,,,,,301978.32
102,2,1903829,1938126,1057960,888782,29,301978.32,34,1,286984.33,,,,283346.43
102,3,1719206,1930751,1079039,814458,29,283346.43,34,1,301978.32,286984.33,,,273737.24
102,4,1703329,1745233,964049,826276,29,273737.24,34,1,283346.43,301978.32,286984.33,,281252.51
102,5,1706070,1738387,1059197,893467,29,281252.51,34,1,273737.24,283346.43,301978.32,286984.33,283514.48
102,6,1743405,1921144,985445,820443,29,283514.48,34,1,281252.51,273737.24,283346.43,301978.32,284192.24
102,7,1727425,1756182,1076625,899292,27,284192.24,34,1,283514.48,281252.51,273737.24,283346.43,286380.49
102,8,1876866,1780310,1075519,805160,29,286380.49,34,1,284192.24,283514.48,281252.51,273737.24,274560.42
102,9,1703464,1770014,969418,822845,26,274560.42,34,1,286380.49,284192.24,283514.48,281252.51,293438.86
102,10,1876262,1946849,977161,824595,27,293438.86,34,1,274560.42,286380.49,284192.24,283514.48,276166.09
102,11,1717558,1746871,1085644,820056,29,276166.09,34,1,293438.86,274560.42,286380.49,284192.24,290597.13
102,12,1724102,1952138,972319,900878,29,290597.13,34,1,276166.09,293438.86,274560.42,286380.49,284490.35
102,13,1725251,1933588,1084921,820414,26,284490.35,34,1,290597.13,276166.09,293438.86,274560.42,274380.06
102,14,1713580,1767545,978391,813079,29,274380.06,34,1,284490.35,290597.13,276166.09,293438.86,301430.26
102,15,1895419,1946115,986686,898039,29,301430.26,34,1,274380.06,284490.35,290597.13,276166.09,285542.65
102,16,1739158,1932787,1080196,823318,27,285542.65,34,1,301430.26,274380.06,284490.35,290597.13,295881.51
102,17,1894708,1945740,1063947,823117,26,295881.51,34,1,285542.65,301430.26,274380.06,284490.35,289986.82
102,18,1855023,1751387,971796,893163,29,289986.82,34,1,295881.51,285542.65,301430.26,274380.06,275889.85
102,19,1724513,1760116,988966,823478,29,275889.85,34,1,289986.82,295881.51,285542.65,301430.26,303470.93
102,20,1899337,1946920,1076907,901035,26,303470.93,34,1,275889.85,289986.82,295881.51,285542.65,274760.15
102,21,1693857,1783120,976459,824606,26,274760.15,34,1,303470.93,275889.85,289986.82,295881.51,293382.98
102,22,1884314,1939741,1062761,805876,29,293382.98,34,1,274760.15,303470.93,275889.85,289986.82,295179.83
102,23,1899986,1947142,971703,827707,27,295179.83,34,1,293382.98,274760.15,303470.93,275889.85,291603.06
102,24,1877761,1897770,965180,828093,29,291603.06,34,1,295179.83,293382.98,274760.15,303470.93,288902.28
102,25,1855157,1741804,973535,885166,29,288902.28,34,1,291603.06,295179.83,293382.98,274760.15,281364.23
102,26,1707451,1747686,986354,902684,27,281364.23,34,1,288902.28,291603.06,295179.83,293382.98,294786.94
102,27,1906271,1783146,980664,893220,26,294786.94,34,1,281364.23,288902.28,291603.06,295179.83,291932.87
102,28,1893047,1744470,981177,888912,26,291932.87,34,1,294786.94,281364.23,288902.28,291603.06,300439.19
102,29,1882233,1934848,1081242,884513,29,300439.19,34,1,291932.87,294786.94,281364.23,288902.28,272503.97
102,30,1691834,1772065,963374,808551,27,272503.97,34,1,300439.19,291932.87,294786.94,281364.23,
103,1,1901289,1375031,1018902,621155,47,253498.24,34,1,,,,,243146.1
103,2,1742229,1334205,1019620,639483,48,243146.1,34,1,253498.24,,,,243875.16
103,3,1753393,1336172,1019420,638669,47,243875.16,34,1,243146.1,253498.24,,,254965.69
103,4,1900642,1371258,1024117,638694,44,254965.69,34,1,243875.16,243146.1,253498.24,,250269.34
103,5,1766492,1357587,1031711,687992,44,250269.34,34,1,254965.69,243875.16,243146.1,253498.24,249350.21
103,6,1724339,1469153,1119161,640437,47,249350.21,34,1,250269.34,254965.69,243875.16,243146.1,266691.66
103,7,1900013,1500995,1106148,694071,48,266691.66,34,1,249350.21,250269.34,254965.69,243875.16,249838.66
103,8,1731705,1484519,1124418,632483,43,249838.66,34,1,266691.66,249350.21,250269.34,254965.69,261284.98
103,9,1921843,1357313,1119305,682640,43,261284.98,34,1,249838.66,266691.66,249350.21,250269.34,252633.89
103,10,1768905,1370058,1105360,693265,48,252633.89,34,1,261284.98,249838.66,266691.66,249350.21,253346.19
103,11,1721249,1490891,1007809,697193,44,253346.19,34,1,252633.89,261284.98,249838.66,266691.66,252047.8
103,12,1744739,1374928,1129320,697517,43,252047.8,34,1,253346.19,252633.89,261284.98,249838.66,250421.84
103,13,1744149,1472146,1116472,637188,44,250421.84,34,1,252047.8,253346.19,252633.89,261284.98,260935.21
103,14,1933196,1476641,1023319,632779,48,260935.21,34,1,250421.84,252047.8,253346.19,252633.89,252908.71
103,15,1893283,1346049,1022214,633207,44,252908.71,34,1,260935.21,250421.84,252047.8,253346.19,248552.95
103,16,1728295,1335964,1116489,690983,44,248552.95,34,1,252908.71,260935.21,250421.84,252047.8,267151.92
103,17,1911513,1494846,1102410,694442,47,267151.92,34,1,248552.95,252908.71,260935.21,250421.84,246495.02
103,18,1729063,1474321,1008407,623176,47,246495.02,34,1,267151.92,248552.95,252908.71,260935.21,245097.6
103,19,1766696,1345200,1032243,636140,47,245097.6,34,1,246495.02,267151.92,248552.95,252908.71,256295.39
103,20,1914191,1370554,1130907,624554,48,256295.39,34,1,245097.6,246495.02,267151.92,248552.95,254008.2
103,21,1890155,1361999,1106330,624921,43,254008.2,34,1,256295.39,245097.6,246495.02,267151.92,267261.82
103,22,1926693,1500797,1021979,696652,48,267261.82,34,1,254008.2,256295.39,245097.6,246495.02,249476.2
103,23,1744132,1463458,1123542,629453,44,249476.2,34,1,267261.82,254008.2,256295.39,245097.6,259644.47
103,24,1887013,1494022,1104754,628759,48,259644.47,34,1,249476.2,267261.82,254008.2,256295.39,253671.75
103,25,1899677,1365102,1033076,626255,48,253671.75,34,1,259644.47,249476.2,267261.82,254008.2,248336.44
103,26,1723131,1370909,1032044,691489,44,248336.44,34,1,253671.75,259644.47,249476.2,267261.82,259984.91
103,27,1926304,1488675,1016740,622823,43,259984.91,34,1,248336.44,253671.75,259644.47,249476.2,255435.72
103,28,1917538,1344663,1121546,626324,48,255435.72,34,1,259984.91,248336.44,253671.75,259644.47,259690.44
103,29,1888225,1467639,1114544,638844,47,259690.44,34,1,255435.72,259984.91,248336.44,253671.75,251269.01
103,30,1762608,1465810,1111114,637224,47,251269.01,34,1,259690.44,255435.72,259984.91,248336.44,
104,1,1148558,2317790,801664,600682,15,238695.97,34,1,,,,,230833.23
104,2,1149643,2071766,882355,612050,15,230833.23,34,1,238695.97,,,,232220.41
104,3,1158002,2128923,818534,606563,15,232220.41,34,1,230833.23,238695.97,,,247257.85
104,4,1161384,2307740,889652,675020,15,247257.85,34,1,232220.41,230833.23,238695.97,,230983.72
104,5,1061062,2098346,886296,664347,15,230983.72,34,1,247257.85,232220.41,230833.23,238695.97,242302.22
104,6,1143877,2269993,820008,662846,15,242302.22,34,1,230983.72,247257.85,232220.41,230833.23,224477.73
104,7,1049564,2071189,894703,611526,15,224477.73,34,1,242302.22,230983.72,247257.85,232220.41,236124.38
104,8,1162475,2071790,885198,660968,15,236124.38,34,1,224477.73,242302.22,230983.72,247257.85,245577.34
104,9,1157543,2301500,876126,664506,14,245577.34,34,1,236124.38,224477.73,242302.22,230983.72,225089.69
104,10,1064617,2098207,812167,610014,15,225089.69,34,1,245577.34,236124.38,224477.73,242302.22,240171.04
104,11,1054208,2327202,892652,663903,15,240171.04,34,1,225089.69,245577.34,236124.38,224477.73,231986.01
104,12,1054727,2295543,819032,600868,14,231986.01,34,1,240171.04,225089.69,245577.34,236124.38,240675.37
104,13,1160706,2310495,819234,614079,14,240675.37,34,1,231986.01,240171.04,225089.69,245577.34,234272.79
104,14,1046627,2328252,884551,604941,14,234272.79,34,1,240675.37,231986.01,240171.04,225089.69,232906.93
104,15,1156612,2096957,888373,617261,15,232906.93,34,1,234272.79,240675.37,231986.01,240171.04,233828.62
104,16,1055603,2308146,873035,604985,13,233828.62,34,1,232906.93,234272.79,240675.37,231986.01,232235.91
104,17,1073723,2277011,812855,599702,14,232235.91,34,1,233828.62,232906.93,234272.79,240675.37,237587.86
104,18,1045937,2276144,876184,667874,15,237587.86,34,1,232235.91,233828.62,232906.93,234272.79,226260.88
104,19,1063777,2085092,880442,617239,14,226260.88,34,1,237587.86,232235.91,233828.62,232906.93,236111.0
104,20,1158664,2112297,813846,657789,15,236111.0,34,1,226260.88,237587.86,232235.91,233828.62,226723.39
104,21,1072331,2116809,889136,599931,15,226723.39,34,1,236111.0,226260.88,237587.86,232235.91,231158.56
104,22,1049469,2130108,880202,661006,15,231158.56,34,1,226723.39,236111.0,226260.88,237587.86,234392.98
104,23,1144325,2078467,807053,665965,15,234392.98,34,1,231158.56,226723.39,236111.0,226260.88,234360.92
104,24,1147178,2095058,798861,657363,14,234360.92,34,1,234392.98,231158.56,226723.39,236111.0,236234.97
104,25,1140711,2132660,815252,662372,15,236234.97,34,1,234360.92,234392.98,231158.56,226723.39,237142.07
104,26,1049820,2279987,880583,657558,14,237142.07,34,1,236234.97,234360.92,234392.98,231158.56,231847.1
104,27,1041234,2127841,880452,675565,15,231847.1,34,1,237142.07,236234.97,234360.92,234392.98,236531.58
104,28,1149572,2099975,895652,659788,14,236531.58,34,1,231847.1,237142.07,236234.97,234360.92,231184.5
104,29,1149034,2116287,810924,608768,14,231184.5,34,1,236531.58,231847.1,237142.07,236234.97,224166.86
104,30,1064384,2081305,816745,606949,15,224166.86,34,1,231184.5,236531.58,231847.1,237142.07,
105,1,1090620,1603742,1129860,379834,25,190569.9,34,1,,,,,195558.71
105,2,1087704,1767079,1034756,378867,28,195558.71,34,1,190569.9,,,,198098.41
105,3,1079921,1780371,1136713,387879,25,198098.41,34,1,195558.71,190569.9,,,197971.79
105,4,1080598,1766401,1151382,389786,28,197971.79,34,1,198098.41,195558.71,190569.9,,200247.36
105,5,1199411,1624074,1042930,415370,25,200247.36,34,1,197971.79,198098.41,195558.71,190569.9,197638.51
105,6,1078445,1780601,1149915,381323,28,197638.51,34,1,200247.36,197971.79,198098.41,195558.71,203934.64
105,7,1192086,1753107,1127057,386369,28,203934.64,34,1,197638.51,200247.36,197971.79,198098.41,198397.62
105,8,1077921,1753529,1038467,422986,25,198397.62,34,1,203934.64,197638.51,200247.36,197971.79,206129.56
105,9,1178382,1785742,1024629,424101,28,206129.56,34,1,198397.62,203934.64,197638.51,200247.36,198697.29
105,10,1102530,1754165,1135588,390618,28,198697.29,34,1,206129.56,198397.62,203934.64,197638.51,201311.93
105,11,1096195,1747233,1142186,426174,28,201311.93,34,1,198697.29,206129.56,198397.62,203934.64,194415.13
105,12,1103032,1598401,1129120,416161,25,194415.13,34,1,201311.93,198697.29,206129.56,198397.62,200692.75
105,13,1103343,1783373,1030405,417799,25,200692.75,34,1,194415.13,201311.93,198697.29,206129.56,196823.17
105,14,1104177,1762335,1026225,384806,25,196823.17,34,1,200692.75,194415.13,201311.93,198697.29,199403.35
105,15,1099178,1781506,1143248,386789,26,199403.35,34,1,196823.17,200692.75,194415.13,201311.93,208710.58
105,16,1185212,1794322,1142399,422367,27,208710.58,34,1,199403.35,196823.17,200692.75,194415.13,195866.05
105,17,1083114,1771105,1027272,385076,25,195866.05,34,1,208710.58,199403.35,196823.17,200692.75,200812.92
105,18,1108042,1768916,1039975,420707,28,200812.92,34,1,195866.05,208710.58,199403.35,196823.17,193418.5
105,19,1103134,1596097,1045697,421308,28,193418.5,34,1,200812.92,195866.05,208710.58,199403.35,194437.74
105,20,1099238,1594272,1149728,417292,28,194437.74,34,1,193418.5,200812.92,195866.05,208710.58,196073.32
105,21,1186400,1615846,1024735,385569,25,196073.32,34,1,194437.74,193418.5,200812.92,195866.05,203532.37
105,22,1196882,1783829,1028814,382132,26,203532.37,34,1,196073.32,194437.74,193418.5,200812.92,203050.06
105,23,1193435,1769150,1025860,386603,27,203050.06,34,1,203532.37,196073.32,194437.74,193418.5,192831.42
105,24,1107711,1621671,1140270,382414,28,192831.42,34,1,203050.06,203532.37,196073.32,194437.74,207894.82
105,25,1185525,1776202,1125197,424633,26,207894.82,34,1,192831.42,203050.06,203532.37,196073.32,201418.42
105,26,1202997,1593354,1129943,424156,25,201418.42,34,1,207894.82,192831.42,203050.06,203532.37,201278.56
105,27,1101668,1759762,1130894,418125,25,201278.56,34,1,201418.42,207894.82,192831.42,203050.06,196102.71
105,28,1196748,1595360,1039521,385254,28,196102.71,34,1,201278.56,201418.42,207894.82,192831.42,197675.97
105,29,1184013,1608066,1148585,386085,25,197675.97,34,1,196102.71,201278.56,201418.42,207894.82,201347.86
105,30,1081512,1768884,1154960,424765,25,201347.86,34,1,197675.97,196102.71,201278.56,201418.42,
106,1,1193912,1447509,817146,379005,17,185517.4,34,1,,,,,193520.99
106,2,1194703,1592491,905711,383835,16,193520.99,34,1,185517.4,,,,184677.26
106,3,1089270,1578329,832514,381460,16,184677.26,34,1,193520.99,185517.4,,,182518.68
106,4,1102176,1432381,821226,417958,17,182518.68,34,1,184677.26,193520.99,185517.4,,184929.66
106,5,1207037,1418898,820244,375752,17,184929.66,34,1,182518.68,184677.26,193520.99,185517.4,193708.23
106,6,1205380,1560591,812482,410019,16,193708.23,34,1,184929.66,182518.68,184677.26,193520.99,186641.49
106,7,1224261,1420351,821704,381414,17,186641.49,34,1,193708.23,184929.66,182518.68,184677.26,190300.0
106,8,1116989,1578139,904428,410863,16,190300.0,34,1,186641.49,193708.23,184929.66,182518.68,190592.43
106,9,1196882,1459079,890348,414437,17,190592.43,34,1,190300.0,186641.49,193708.23,184929.66,187787.42
106,10,1116300,1591069,907001,377035,16,187787.42,34,1,190592.43,190300.0,186641.49,193708.23,185582.88
106,11,1117061,1459332,892419,415767,16,185582.88,34,1,187787.42,190592.43,190300.0,186641.49,190489.7
106,12,1207214,1556957,813544,374502,17,190489.7,34,1,185582.88,187787.42,190592.43,190300.0,188354.37
106,13,1217490,1435237,902400,383666,15,188354.37,34,1,190489.7,185582.88,187787.42,190592.43,184198.13
106,14,1091341,1571872,816747,380526,16,184198.13,34,1,188354.37,190489.7,185582.88,187787.42,180354.08
106,15,1103509,1448489,890155,372966,17,180354.08,34,1,184198.13,188354.37,190489.7,185582.88,184103.04
106,16,1110573,1433416,897078,415185,16,184103.04,34,1,180354.08,184198.13,188354.37,190489.7,189738.01
106,17,1222816,1426898,811784,415563,16,189738.01,34,1,184103.04,180354.08,184198.13,188354.37,187655.33
106,18,1217619,1454853,816641,382361,16,187655.33,34,1,189738.01,184103.04,180354.08,184198.13,186841.34
106,19,1225345,1438830,815535,375411,16,186841.34,34,1,187655.33,189738.01,184103.04,180354.08,196082.79
106,20,1220791,1570871,828737,417544,16,196082.79,34,1,186841.34,187655.33,189738.01,184103.04,185144.67
106,21,1117894,1442539,897765,417119,16,185144.67,34,1,196082.79,186841.34,187655.33,189738.01,181884.18
106,22,1117607,1439644,902221,381700,17,181884.18,34,1,185144.67,196082.79,186841.34,187655.33,193279.12
106,23,1193377,1564934,814158,411568,17,193279.12,34,1,181884.18,185144.67,196082.79,186841.34,192447.68
106,24,1209584,1587074,827929,377928,16,192447.68,34,1,193279.12,181884.18,185144.67,196082.79,198063.57
106,25,1223849,1591815,902443,414164,17,198063.57,34,1,192447.68,193279.12,181884.18,185144.67,189262.71
106,26,1208979,1441852,825201,410859,17,189262.71,34,1,198063.57,192447.68,193279.12,181884.18,180622.57
106,27,1119709,1441648,830217,378398,16,180622.57,34,1,189262.71,198063.57,192447.68,193279.12,186359.54
106,28,1121589,1559043,895940,374261,17,186359.54,34,1,180622.57,189262.71,198063.57,192447.68,193278.41
106,29,1217174,1559640,896842,381840,15,193278.41,34,1,186359.54,180622.57,189262.71,198063.57,181566.96
106,30,1114383,1436556,889102,384324,16,181566.96,34,1,193278.41,186359.54,180622.57,189262.71,
107,1,1333427,1902086,999164,488867,37,226466.55,34,1,,,,,222468.64
107,2,1214980,1901683,1010098,527864,37,222468.64,34,1,226466.55,,,,214518.38
107,3,1193050,1734919,1009969,532796,37,214518.38,34,1,222468.64,226466.55,,,222315.08
107,4,1309072,1871268,939913,485424,38,222315.08,34,1,214518.38,222468.64,226466.55,,216246.15
107,5,1302621,1736743,938159,485441,40,216246.15,34,1,222315.08,214518.38,222468.64,226466.55,214065.22
107,6,1216432,1723007,938149,529574,41,214065.22,34,1,216246.15,222315.08,214518.38,222468.64,227122.78
107,7,1323217,1872248,934340,529130,37,227122.78,34,1,214065.22,216246.15,222315.08,214518.38,222645.06
107,8,1338948,1725492,1010958,522228,41,222645.06,34,1,227122.78,214065.22,216246.15,222315.08,220621.76
107,9,1205443,1913097,914152,526439,37,220621.76,34,1,222645.06,227122.78,214065.22,216246.15,216361.46
107,10,1221245,1751899,1026862,522012,41,216361.46,34,1,220621.76,222645.06,227122.78,214065.22,208757.12
107,11,1193093,1708247,1020031,479410,38,208757.12,34,1,216361.46,220621.76,222645.06,227122.78,216232.45
107,12,1221655,1873527,938318,480048,41,216232.45,34,1,208757.12,216361.46,220621.76,222645.06,217839.03
107,13,1206267,1910423,1013542,478107,41,217839.03,34,1,216232.45,208757.12,216361.46,220621.76,223354.34
107,14,1323171,1757541,1014197,525986,41,223354.34,34,1,217839.03,216232.45,208757.12,216361.46,213666.75
107,15,1194986,1743640,929485,532589,38,213666.75,34,1,223354.34,217839.03,216232.45,208757.12,221193.27
107,16,1327994,1708819,1005904,522657,38,221193.27,34,1,213666.75,223354.34,217839.03,216232.45,229460.49
107,17,1324969,1876844,1023469,535409,41,229460.49,34,1,221193.27,213666.75,223354.34,217839.03,218060.49
107,18,1333178,1726914,1005937,475801,37,218060.49,34,1,229460.49,221193.27,213666.75,223354.34,230899.14
107,19,1318161,1923008,1026365,534333,37,230899.14,34,1,218060.49,229460.49,221193.27,213666.75,212823.96
107,20,1220381,1748430,1006783,488680,38,212823.96,34,1,230899.14,218060.49,229460.49,221193.27,227014.33
107,21,1328150,1909614,1027322,490106,41,227014.33,34,1,212823.96,230899.14,218060.49,229460.49,218768.65
107,22,1195041,1924065,1025501,487984,38,218768.65,34,1,227014.33,212823.96,230899.14,218060.49,212792.64
107,23,1192850,1751685,922593,521955,41,212792.64,34,1,218768.65,227014.33,212823.96,230899.14,219346.36
107,24,1304289,1725392,921198,526976,37,219346.36,34,1,212792.64,218768.65,227014.33,212823.96,215815.12
107,25,1200674,1759730,1017189,528878,37,215815.12,34,1,219346.36,212792.64,218768.65,227014.33,220998.99
107,26,1310389,1743478,939842,529129,41,220998.99,34,1,215815.12,219346.36,212792.64,218768.65,214104.34
107,27,1194803,1732505,1026907,524971,41,214104.34,34,1,220998.99,215815.12,219346.36,212792.64,210752.12
107,28,1223793,1710322,1007797,480734,38,210752.12,34,1,214104.34,220998.99,215815.12,219346.36,217038.36
107,29,1217302,1888841,923126,487785,40,217038.36,34,1,210752.12,214104.34,220998.99,215815.12,224762.4
107,30,1309093,1904143,1024575,481875,37,224762.4,34,1,217038.36,210752.12,214104.34,220998.99,
108,1,1481011,1972433,947967,405991,43,230658.68,34,1,,,,,231148.11
108,2,1366091,2169184,881465,414932,47,231148.11,34,1,230658.68,,,,220274.12
108,3,1367636,1961488,971592,373098,43,220274.12,34,1,231148.11,230658.68,,,226894.55
108,4,1365452,2151010,886856,375673,43,226894.55,34,1,220274.12,231148.11,230658.68,,240233.67
108,5,1505870,2159750,951453,406825,47,240233.67,34,1,226894.55,220274.12,231148.11,230658.68,239381.0
108,6,1480985,2154241,967639,414866,42,239381.0,34,1,240233.67,226894.55,220274.12,231148.11,238275.36
108,7,1496699,2181435,961546,379817,42,238275.36,34,1,239381.0,240233.67,226894.55,220274.12,232124.6
108,8,1486547,2007730,871495,415840,47,232124.6,34,1,238275.36,239381.0,240233.67,226894.55,229671.47
108,9,1381538,2186688,884193,378846,46,229671.47,34,1,232124.6,238275.36,239381.0,240233.67,230837.74
108,10,1516351,1990030,958975,372407,47,230837.74,34,1,229671.47,232124.6,238275.36,239381.0,237807.41
108,11,1483898,2158738,873732,410351,47,237807.41,34,1,230837.74,229671.47,232124.6,238275.36,229748.58
108,12,1498242,1990393,952938,374278,47,229748.58,34,1,237807.41,230837.74,229671.47,232124.6,225784.66
108,13,1385589,1996119,955441,408190,42,225784.66,34,1,229748.58,237807.41,230837.74,229671.47,225050.62
108,14,1376455,1976638,962459,414360,47,225050.62,34,1,225784.66,229748.58,237807.41,230837.74,233028.2
108,15,1366924,2193292,961575,409402,47,233028.2,34,1,225050.62,225784.66,229748.58,237807.41,225169.28
108,16,1389151,1996538,869800,414217,47,225169.28,34,1,233028.2,225050.62,225784.66,229748.58,230691.27
108,17,1360025,2166422,878864,415982,46,230691.27,34,1,225169.28,233028.2,225050.62,225784.66,223367.19
108,18,1383236,2006294,957232,378031,43,223367.19,34,1,230691.27,225169.28,233028.2,225050.62,224696.02
108,19,1368647,1986531,953575,413079,43,224696.02,34,1,223367.19,230691.27,225169.28,233028.2,238297.36
108,20,1505824,2171927,958425,378472,47,238297.36,34,1,224696.02,223367.19,230691.27,225169.28,230197.33
108,21,1511453,1974089,950521,377762,43,230197.33,34,1,238297.36,224696.02,223367.19,230691.27,233042.84
108,22,1498718,1981653,954412,414248,46,233042.84,34,1,230197.33,238297.36,224696.02,223367.19,220399.6
108,23,1356991,1977797,964385,375889,47,220399.6,34,1,233042.84,230197.33,238297.36,224696.02,222246.56
108,24,1363775,1958299,886751,414683,47,222246.56,34,1,220399.6,233042.84,230197.33,238297.36,220410.3
108,25,1375022,1982370,876676,376918,46,220410.3,34,1,222246.56,220399.6,233042.84,230197.33,234508.0
108,26,1481982,2149827,876004,378866,42,234508.0,34,1,220410.3,222246.56,220399.6,233042.84,231844.78
108,27,1490797,1981520,947902,407905,46,231844.78,34,1,234508.0,220410.3,222246.56,220399.6,238864.15
108,28,1505817,2197091,967708,371405,47,238864.15,34,1,231844.78,234508.0,220410.3,222246.56,239161.68
108,29,1504638,2189150,971306,378582,43,239161.68,34,1,238864.15,231844.78,234508.0,220410.3,238438.72
108,30,1510519,2163047,966819,379251,47,238438.72,34,1,239161.68,238864.15,231844.78,234508.0,
109,1,1974085,2222434,722728,521953,38,279825.27,34,1,,,,,268276.23
109,2,1973467,2029778,720732,484010,34,268276.23,34,1,279825.27,,,,260076.81
109,3,1847373,2008349,808097,477729,34,260076.81,34,1,268276.23,279825.27,,,270229.95
109,4,1992057,2044960,740528,481666,34,270229.95,34,1,260076.81,268276.23,279825.27,,280026.59
109,5,1986610,2211628,732478,518420,34,280026.59,34,1,270229.95,260076.81,268276.23,279825.27,262625.47
109,6,1823746,2047244,720786,520854,37,262625.47,34,1,280026.59,270229.95,260076.81,268276.23,269280.91
109,7,1968382,2039871,801743,479359,34,269280.91,34,1,262625.47,280026.59,270229.95,260076.81,271362.46
109,8,2014518,2005595,803717,484803,38,271362.46,34,1,269280.91,262625.47,280026.59,270229.95,280682.46
109,9,1987067,2223066,720843,522183,34,280682.46,34,1,271362.46,269280.91,262625.47,280026.59,269861.78
109,10,2001250,2034022,734517,477142,34,269861.78,34,1,280682.46,271362.46,269280.91,262625.47,255616.83
109,11,1805368,1998547,728514,477513,37,255616.83,34,1,269861.78,280682.46,271362.46,269280.91,266681.83
109,12,1974020,2013961,721866,473053,38,266681.83,34,1,255616.83,269861.78,280682.46,271362.46,277856.57
109,13,1969379,2184526,739902,517947,38,277856.57,34,1,266681.83,255616.83,269861.78,280682.46,283244.1
109,14,2009217,2230481,794851,517739,34,283244.1,34,1,277856.57,266681.83,255616.83,269861.78,267378.76
109,15,1803642,2236871,803594,485019,34,267378.76,34,1,283244.1,277856.57,266681.83,255616.83,266558.87
109,16,1835307,2217881,742098,473180,35,266558.87,34,1,267378.76,283244.1,277856.57,266681.83,269636.15
109,17,1808748,2194240,789732,528668,34,269636.15,34,1,266558.87,267378.76,283244.1,277856.57,256999.63
109,18,1820242,2007987,727105,478039,35,256999.63,34,1,269636.15,266558.87,267378.76,283244.1,268547.29
109,19,1992750,2027157,731542,472395,38,268547.29,34,1,256999.63,269636.15,266558.87,267378.76,272185.02
109,20,1841185,2206310,798726,526377,38,272185.02,34,1,268547.29,256999.63,269636.15,266558.87,258046.01
109,21,1823443,2032712,736876,474100,34,258046.01,34,1,272185.02,268547.29,256999.63,269636.15,260103.99
109,22,1842880,2018643,792170,479390,35,260103.99,34,1,258046.01,272185.02,268547.29,256999.63,268834.33
109,23,1841409,2209467,810428,485471,34,268834.33,34,1,260103.99,258046.01,272185.02,268547.29,269150.5
109,24,1993868,2013984,738847,483060,34,269150.5,34,1,268834.33,260103.99,258046.01,272185.02,259530.76
109,25,1848141,1988200,795431,482767,37,259530.76,34,1,269150.5,268834.33,260103.99,258046.01,278275.25
109,26,2001219,2231413,737547,478405,34,278275.25,34,1,259530.76,269150.5,268834.33,260103.99,269934.48
109,27,1842833,2179622,732195,524742,34,269934.48,34,1,278275.25,259530.76,269150.5,268834.33,265760.79
109,28,1811824,2212977,808098,471447,38,265760.79,34,1,269934.48,278275.25,259530.76,269150.5,282003.14
109,29,1987741,2229604,742275,529404,35,282003.14,34,1,265760.79,269934.48,278275.25,259530.76,266461.14
109,30,1816996,2212828,796423,477694,37,266461.14,34,1,282003.14,265760.79,269934.48,278275.25,
110,1,1693821,1744072,1117029,282522,46,226551.31,34,1,,,,,238358.9
110,2,1875059,1736498,1107213,288486,45,238358.9,34,1,226551.31,,,,241027.61
110,3,1882843,1733860,1119897,311387,50,241027.61,34,1,238358.9,226551.31,,,228101.2
110,4,1722158,1721452,1011801,309008,46,228101.2,34,1,241027.61,238358.9,226551.31,,237090.94
110,5,1858147,1723938,1125116,289139,46,237090.94,34,1,228101.2,241027.61,238358.9,226551.31,233773.34
110,6,1671863,1896773,1114095,308130,51,233773.34,34,1,237090.94,228101.2,241027.61,238358.9,236380.52
110,7,1851700,1703492,1012280,315942,46,236380.52,34,1,233773.34,237090.94,228101.2,241027.61,225169.66
110,8,1672754,1721237,1026461,309433,50,225169.66,34,1,236380.52,233773.34,237090.94,228101.2,244204.82
110,9,1856909,1883623,1010972,315692,50,244204.82,34,1,225169.66,236380.52,233773.34,237090.94,231117.62
110,10,1676134,1858596,1013535,311647,46,231117.62,34,1,244204.82,225169.66,236380.52,233773.34,244100.78
110,11,1841420,1860270,1123333,316019,46,244100.78,34,1,231117.62,244204.82,225169.66,236380.52,228813.17
110,12,1708388,1746069,1028301,312381,46,228813.17,34,1,244100.78,231117.62,244204.82,225169.66,227283.97
110,13,1694386,1699463,1113299,311598,46,227283.97,34,1,228813.17,244100.78,231117.62,244204.82,237699.27
110,14,1832229,1734906,1121899,310010,50,237699.27,34,1,227283.97,228813.17,244100.78,231117.62,237250.95
110,15,1845774,1725826,1037176,314962,46,237250.95,34,1,237699.27,227283.97,228813.17,244100.78,240616.99
110,16,1835193,1869285,1103148,281359,51,240616.99,34,1,237250.95,237699.27,227283.97,228813.17,228632.89
110,17,1694610,1717754,1132940,314330,50,228632.89,34,1,240616.99,237250.95,237699.27,227283.97,233190.92
110,18,1676274,1874774,1113692,308779,46,233190.92,34,1,228632.89,240616.99,237250.95,237699.27,226672.64
110,19,1719759,1712637,1111672,280767,50,226672.64,34,1,233190.92,228632.89,240616.99,237250.95,244246.26
110,20,1858592,1888646,1013291,312196,46,244246.26,34,1,226672.64,233190.92,228632.89,240616.99,225476.98
110,21,1682095,1725827,1108607,289026,49,225476.98,34,1,244246.26,226672.64,233190.92,228632.89,227898.05
110,22,1676111,1744626,1103873,312319,51,227898.05,34,1,225476.98,244246.26,226672.64,233190.92,241505.96
110,23,1851545,1880206,1033843,287036,50,241505.96,34,1,227898.05,225476.98,244246.26,226672.64,241194.59
110,24,1850862,1872652,1032493,287822,50,241194.59,34,1,241505.96,227898.05,225476.98,244246.26,233816.37
110,25,1712475,1870724,1024941,307752,45,233816.37,34,1,241194.59,241505.96,227898.05,225476.98,230787.83
110,26,1695041,1882560,1013925,283216,50,230787.83,34,1,233816.37,241194.59,241505.96,227898.05,226544.66
110,27,1683178,1730767,1024348,313155,50,226544.66,34,1,230787.83,233816.37,241194.59,241505.96,233801.63
110,28,1708624,1867954,1035586,309692,51,233801.63,34,1,226544.66,230787.83,233816.37,241194.59,239237.27
110,29,1835371,1858330,1026673,284959,45,239237.27,34,1,233801.63,226544.66,230787.83,233816.37,232899.16
110,30,1672539,1864160,1119749,312039,50,232899.16,34,1,239237.27,233801.63,226544.66,230787.83,
111,1,1766816,1760566,1064874,296521,45,232377.32,34,1,,,,,223630.93
111,2,1598922,1799032,1064006,302539,45,223630.93,34,1,232377.32,,,,219555.16
111,3,1590771,1776784,1045226,276944,42,219555.16,34,1,223630.93,232377.32,,,235195.05
111,4,1751588,1940685,966118,273220,45,235195.05,34,1,219555.16,223630.93,232377.32,,240665.95
111,5,1780985,1923002,1055789,304605,45,240665.95,34,1,235195.05,219555.16,223630.93,232377.32,239986.99
111,6,1768148,1943117,1042056,299481,46,239986.99,34,1,240665.95,235195.05,219555.16,223630.93,227385.71
111,7,1602202,1921093,967790,302779,42,227385.71,34,1,239986.99,240665.95,235195.05,219555.16,231308.67
111,8,1760645,1750492,1044075,297568,45,231308.67,34,1,227385.71,239986.99,240665.95,235195.05,221525.56
111,9,1604235,1779489,972252,301164,42,221525.56,34,1,231308.67,227385.71,239986.99,240665.95,226539.53
111,10,1596839,1940512,1063150,270866,42,226539.53,34,1,221525.56,231308.67,227385.71,239986.99,230318.46
111,11,1631982,1919955,1054303,298651,42,230318.46,34,1,226539.53,221525.56,231308.67,227385.71,227519.3
111,12,1605046,1950229,1061792,271576,41,227519.3,34,1,230318.46,226539.53,221525.56,231308.67,239246.65
111,13,1766555,1926572,1059519,296908,42,239246.65,34,1,227519.3,230318.46,226539.53,221525.56,239511.61
111,14,1776376,1952594,956586,299490,41,239511.61,34,1,239246.65,227519.3,230318.46,226539.53,220165.07
111,15,1617910,1756876,1060414,270655,46,220165.07,34,1,239511.61,239246.65,227519.3,230318.46,221059.61
111,16,1639560,1778300,967593,272004,45,221059.61,34,1,220165.07,239511.61,239246.65,227519.3,242022.67
111,17,1784929,1961391,1052082,299695,45,242022.67,34,1,221059.61,220165.07,239511.61,239246.65,234654.51
111,18,1753955,1930486,952700,272704,41,234654.51,34,1,242022.67,221059.61,220165.07,239511.61,226975.81
111,19,1608711,1952835,968866,278647,41,226975.81,34,1,234654.51,242022.67,221059.61,220165.07,240413.67
111,20,1779180,1930623,1067380,297458,46,240413.67,34,1,226975.81,234654.51,242022.67,221059.61,229398.74
111,21,1779601,1766139,953222,272074,45,229398.74,34,1,240413.67,226975.81,234654.51,242022.67,222205.78
111,22,1599483,1766229,1044925,305017,45,222205.78,34,1,229398.74,240413.67,226975.81,234654.51,227704.09
111,23,1627325,1950936,958349,276141,41,227704.09,34,1,222205.78,229398.74,240413.67,226975.81,232499.15
111,24,1763228,1800213,958790,301415,42,232499.15,34,1,227704.09,222205.78,229398.74,240413.67,230717.08
111,25,1776123,1745791,954218,298448,41,230717.08,34,1,232499.15,227704.09,222205.78,229398.74,222930.86
111,26,1628861,1769499,978157,302597,45,222930.86,34,1,230717.08,232499.15,227704.09,222205.78,234101.4
111,27,1776228,1770382,1065342,304238,45,234101.4,34,1,222930.86,230717.08,232499.15,227704.09,237959.07
111,28,1764574,1949591,1043415,276320,42,237959.07,34,1,234101.4,222930.86,230717.08,232499.15,221659.0
111,29,1616807,1791285,1046823,274542,45,221659.0,34,1,237959.07,234101.4,222930.86,230717.08,220325.98
111,30,1612207,1763650,1048184,275629,45,220325.98,34,1,221659.0,237959.07,234101.4,222930.86,
112,1,1166370,1687992,768469,385058,23,193531.68,34,1,,,,,192705.18
112,2,1248122,1574578,839940,356675,25,192705.18,34,1,193531.68,,,,192515.54
112,3,1261649,1560071,843067,351007,23,192515.54,34,1,192705.18,193531.68,,,196373.62
112,4,1169598,1723463,848102,383289,25,196373.62,34,1,192515.54,192705.18,193531.68,,186229.42
112,5,1165227,1560470,832258,352390,25,186229.42,34,1,196373.62,192515.54,192705.18,193531.68,196170.71
112,6,1164534,1717677,841705,388527,25,196170.71,34,1,186229.42,196373.62,192515.54,192705.18,200128.28
112,7,1244961,1715910,770780,388354,23,200128.28,34,1,196170.71,186229.42,196373.62,192515.54,186975.59
112,8,1142765,1553739,770903,391113,25,186975.59,34,1,200128.28,196170.71,186229.42,196373.62,192868.88
112,9,1158555,1722616,847509,352865,25,192868.88,34,1,186975.59,200128.28,196170.71,186229.42,201664.32
112,10,1244485,1730889,834361,387192,25,201664.32,34,1,192868.88,186975.59,200128.28,196170.71,193556.62
112,11,1170041,1706664,844156,360241,25,193556.62,34,1,201664.32,192868.88,186975.59,200128.28,194602.0
112,12,1152170,1689905,853448,390752,25,194602.0,34,1,193556.62,201664.32,192868.88,186975.59,192441.51
112,13,1170105,1729027,765924,351725,25,192441.51,34,1,194602.0,193556.62,201664.32,192868.88,194303.47
112,14,1149675,1716047,778755,390737,22,194303.47,34,1,192441.51,194602.0,193556.62,201664.32,199211.25
112,15,1263371,1698047,841917,360266,23,199211.25,34,1,194303.47,192441.51,194602.0,193556.62,185175.44
112,16,1166210,1561556,775831,349782,23,185175.44,34,1,199211.25,194303.47,192441.51,194602.0,198175.17
112,17,1253149,1719009,780851,357541,22,198175.17,34,1,185175.44,199211.25,194303.47,192441.51,186476.38
112,18,1158483,1569245,840405,354423,25,186476.38,34,1,198175.17,185175.44,199211.25,194303.47,192952.72
112,19,1243447,1559757,765772,383173,23,192952.72,34,1,186476.38,198175.17,185175.44,199211.25,202118.84
112,20,1276373,1692000,833197,387554,23,202118.84,34,1,192952.72,186476.38,198175.17,185175.44,185934.09
112,21,1137498,1541905,778954,387368,25,185934.09,34,1,202118.84,192952.72,186476.38,198175.17,197642.43
112,22,1261875,1702410,761115,356650,25,197642.43,34,1,185934.09,202118.84,192952.72,186476.38,195057.54
112,23,1246570,1581388,781459,391381,23,195057.54,34,1,197642.43,185934.09,202118.84,192952.72,194687.3
112,24,1269015,1554673,769428,385720,23,194687.3,34,1,195057.54,197642.43,185934.09,202118.84,186211.22
112,25,1162152,1542751,843413,360581,23,186211.22,34,1,194687.3,195057.54,197642.43,185934.09,196653.84
112,26,1249361,1694771,760946,358257,23,196653.84,34,1,186211.22,194687.3,195057.54,197642.43,188322.37
112,27,1152654,1572289,766620,391121,25,188322.37,34,1,196653.84,186211.22,194687.3,195057.54,197529.9
112,28,1243008,1704615,844237,352791,23,197529.9,34,1,188322.37,196653.84,186211.22,194687.3,196328.59
112,29,1161880,1715798,851685,391237,25,196328.59,34,1,197529.9,188322.37,196653.84,186211.22,188963.01
112,30,1158486,1540854,853711,392731,23,188963.01,34,1,196328.59,197529.9,188322.37,196653.84,
113,1,1517183,1996363,793704,514022,51,241211.32,34,1,,,,,253941.93
113,2,1522717,2152199,881423,562977,53,253941.93,34,1,241211.32,,,,240525.54
113,3,1386811,2151013,875289,513569,47,240525.54,34,1,253941.93,241211.32,,,238445.01
113,4,1372141,2148152,806216,514961,47,238445.01,34,1,240525.54,253941.93,241211.32,,237116.87
113,5,1397356,1983708,798871,559675,48,237116.87,34,1,238445.01,240525.54,253941.93,241211.32,253221.56
113,6,1510933,2152996,863989,566269,52,253221.56,34,1,237116.87,238445.01,240525.54,253941.93,251968.75
113,7,1514045,2139456,789999,569910,48,251968.75,34,1,253221.56,237116.87,238445.01,240525.54,249363.31
113,8,1519040,2155063,862265,517015,53,249363.31,34,1,251968.75,253221.56,237116.87,238445.01,234848.84
113,9,1409952,1985067,800609,524526,48,234848.84,34,1,249363.31,251968.75,253221.56,237116.87,246041.71
113,10,1391893,2142388,873248,575452,47,246041.71,34,1,234848.84,249363.31,251968.75,253221.56,246241.13
113,11,1532231,1971502,785142,572069,47,246241.13,34,1,246041.71,234848.84,249363.31,251968.75,242703.51
113,12,1519268,1980120,874895,521797,52,242703.51,34,1,246241.13,246041.71,234848.84,249363.31,253741.3
113,13,1541295,2162911,786979,559653,51,253741.3,34,1,242703.51,246241.13,246041.71,234848.84,238103.92
113,14,1406852,1954694,808435,575495,52,238103.92,34,1,253741.3,242703.51,246241.13,246041.71,244578.33
113,15,1382020,2152823,862700,563406,48,244578.33,34,1,238103.92,253741.3,242703.51,246241.13,240828.42
113,16,1503733,2006583,798102,513903,52,240828.42,34,1,244578.33,238103.92,253741.3,242703.51,256054.36
113,17,1539477,2151753,878376,575123,48,256054.36,34,1,240828.42,244578.33,238103.92,253741.3,249624.02
113,18,1539505,2144256,805313,520596,47,249624.02,34,1,256054.36,240828.42,244578.33,238103.92,241932.38
113,19,1528531,1964602,866874,515244,52,241932.38,34,1,249624.02,256054.36,240828.42,244578.33,247649.68
113,20,1399940,2197521,864485,563539,47,247649.68,34,1,241932.38,249624.02,256054.36,240828.42,251245.38
113,21,1542278,2146272,878299,522342,47,251245.38,34,1,247649.68,241932.38,249624.02,256054.36,242135.69
113,22,1524378,2007359,803589,512200,52,242135.69,34,1,251245.38,247649.68,241932.38,249624.02,243886.04
113,23,1375010,2151631,871539,559704,52,243886.04,34,1,242135.69,251245.38,247649.68,241932.38,249719.59
113,24,1543838,2140112,794453,522434,53,249719.59,34,1,243886.04,242135.69,251245.38,247649.68,254802.34
113,25,1532340,2175624,802827,569070,53,254802.34,34,1,249719.59,243886.04,242135.69,251245.38,234886.4
113,26,1380868,1999262,874814,525741,47,234886.4,34,1,254802.34,249719.59,243886.04,242135.69,241424.86
113,27,1386434,2172786,863738,515817,53,241424.86,34,1,234886.4,254802.34,249719.59,243886.04,233609.27
113,28,1391415,1986186,865119,511821,52,233609.27,34,1,241424.86,234886.4,254802.34,249719.59,249535.54
113,29,1530861,2161563,801621,518477,48,249535.54,34,1,233609.27,241424.86,234886.4,254802.34,241471.56
113,30,1408966,2007127,875279,574826,53,241471.56,34,1,249535.54,233609.27,241424.86,234886.4,
114,1,1277104,1533068,1043210,902487,24,245413.79,34,1,,,,,252986.15
114,2,1396852,1552297,1040144,892029,24,252986.15,34,1,245413.79,,,,235798.86
114,3,1288803,1406900,1142086,827924,24,235798.86,34,1,252986.15,245413.79,,,243646.25
114,4,1405355,1431615,1142096,819709,24,243646.25,34,1,235798.86,252986.15,245413.79,,255092.22
114,5,1418152,1539190,1036212,906865,24,255092.22,34,1,243646.25,235798.86,252986.15,245413.79,252699.99
114,6,1390875,1533377,1024110,904845,24,252699.99,34,1,255092.22,243646.25,235798.86,252986.15,244603.56
114,7,1275548,1532240,1017274,899733,24,244603.56,34,1,252699.99,255092.22,243646.25,235798.86,247716.12
114,8,1380098,1395752,1125369,902660,27,247716.12,34,1,244603.56,252699.99,255092.22,243646.25,240680.66
114,9,1417217,1410796,1034331,807592,26,240680.66,34,1,247716.12,244603.56,252699.99,255092.22,241570.23
114,10,1411444,1405847,1123353,807674,24,241570.23,34,1,240680.66,247716.12,244603.56,252699.99,235570.76
114,11,1277118,1436593,1131969,821871,26,235570.76,34,1,241570.23,240680.66,247716.12,244603.56,246276.19
114,12,1390894,1538986,1124376,812724,24,246276.19,34,1,235570.76,241570.23,240680.66,247716.12,245966.98
114,13,1400016,1552971,1039925,811651,24,245966.98,34,1,246276.19,235570.76,241570.23,240680.66,241073.08
114,14,1389013,1430490,1044642,821209,24,241073.08,34,1,245966.98,246276.19,235570.76,241570.23,243380.36
114,15,1411227,1404380,1123904,828481,24,243380.36,34,1,241073.08,245966.98,246276.19,235570.76,248911.84
114,16,1401696,1423294,1036392,903852,24,248911.84,34,1,243380.36,241073.08,245966.98,246276.19,240743.84
114,17,1270000,1566813,1122196,825766,27,240743.84,34,1,248911.84,243380.36,241073.08,245966.98,247387.49
114,18,1399147,1529833,1145032,819592,24,247387.49,34,1,240743.84,248911.84,243380.36,241073.08,239033.51
114,19,1261473,1431984,1032253,891826,26,239033.51,34,1,247387.49,240743.84,248911.84,243380.36,248337.96
114,20,1395721,1548230,1127062,827339,26,248337.96,34,1,239033.51,247387.49,240743.84,248911.84,246167.2
114,21,1396671,1545067,1115916,806084,26,246167.2,34,1,248337.96,239033.51,247387.49,240743.84,234410.73
114,22,1293306,1436099,1020735,817879,26,234410.73,34,1,246167.2,248337.96,239033.51,247387.49,250760.79
114,23,1409564,1425171,1128353,901065,24,250760.79,34,1,234410.73,246167.2,248337.96,239033.51,243748.88
114,24,1418914,1435961,1024270,830563,26,243748.88,34,1,250760.79,234410.73,246167.2,248337.96,256303.71
114,25,1412817,1547266,1117271,905613,24,256303.71,34,1,243748.88,250760.79,234410.73,246167.2,240186.42
114,26,1386814,1423067,1021606,820598,24,240186.42,34,1,256303.71,243748.88,250760.79,234410.73,246995.98
114,27,1386901,1418193,1020624,898481,24,246995.98,34,1,240186.42,256303.71,243748.88,250760.79,239346.26
114,28,1262851,1551854,1140856,818944,24,239346.26,34,1,246995.98,240186.42,256303.71,243748.88,242637.44
114,29,1417060,1431391,1019725,822521,24,242637.44,34,1,239346.26,246995.98,240186.42,256303.71,254229.38
114,30,1409828,1527690,1124719,892473,27,254229.38,34,1,242637.44,239346.26,246995.98,240186.42,
115,1,1652797,1753510,883507,790455,43,266254.85,34,1,,,,,264156.84
115,2,1639440,1761319,817031,785290,43,264156.84,34,1,266254.85,,,,262920.64
115,3,1627824,1751058,896811,770138,48,262920.64,34,1,264156.84,266254.85,,,258344.74
115,4,1649651,1762588,831016,710361,47,258344.74,34,1,262920.64,264156.84,266254.85,,255398.57
115,5,1507299,1753335,818463,786591,43,255398.57,34,1,258344.74,262920.64,264156.84,266254.85,247963.96
115,6,1478604,1759663,829363,719852,47,247963.96,34,1,255398.57,258344.74,262920.64,264156.84,264336.08
115,7,1632006,1775341,806924,787958,47,264336.08,34,1,247963.96,255398.57,258344.74,262920.64,263642.69
115,8,1641834,1761098,817104,777952,47,263642.69,34,1,264336.08,247963.96,255398.57,258344.74,246687.32
115,9,1466846,1779880,830859,704507,44,246687.32,34,1,263642.69,264336.08,247963.96,255398.57,262510.25
115,10,1607018,1745304,888480,784729,47,262510.25,34,1,246687.32,263642.69,264336.08,247963.96,256317.28
115,11,1500832,1753288,900911,786413,47,256317.28,34,1,262510.25,246687.32,263642.69,264336.08,254579.07
115,12,1474179,1951725,814643,710042,44,254579.07,34,1,256317.28,262510.25,246687.32,263642.69,258039.18
115,13,1639968,1766313,821239,713992,44,258039.18,34,1,254579.07,256317.28,262510.25,246687.32,257988.17
115,14,1642358,1746993,827896,719452,43,257988.17,34,1,258039.18,254579.07,256317.28,262510.25,254780.23
115,15,1493788,1923775,830061,708320,47,254780.23,34,1,257988.17,258039.18,254579.07,256317.28,254700.24
115,16,1610026,1748328,819777,707094,43,254700.24,34,1,254780.23,257988.17,258039.18,254579.07,265179.33
115,17,1642527,1775831,897377,773029,48,265179.33,34,1,254700.24,254780.23,257988.17,258039.18,259101.51
115,18,1639993,1778365,899608,705881,44,259101.51,34,1,265179.33,254700.24,254780.23,257988.17,255918.02
115,19,1490219,1781300,821227,791155,47,255918.02,34,1,259101.51,265179.33,254700.24,254780.23,257145.23
115,20,1628524,1757592,888330,704112,48,257145.23,34,1,255918.02,259101.51,265179.33,254700.24,254808.36
115,21,1476790,1784493,817215,787754,47,254808.36,34,1,257145.23,255918.02,259101.51,265179.33,259963.72
115,22,1639541,1784063,908896,711432,44,259963.72,34,1,254808.36,257145.23,255918.02,259101.51,258496.2
115,23,1636077,1765910,824599,721432,43,258496.2,34,1,259963.72,254808.36,257145.23,255918.02,264844.67
115,24,1646270,1906267,829641,718513,48,264844.67,34,1,258496.2,259963.72,254808.36,257145.23,272380.1
115,25,1635965,1945369,905678,777496,43,272380.1,34,1,264844.67,258496.2,259963.72,254808.36,263834.55
115,26,1644033,1736750,829375,787547,48,263834.55,34,1,272380.1,264844.67,258496.2,259963.72,254470.99
115,27,1501919,1747389,818816,782863,44,254470.99,34,1,263834.55,272380.1,264844.67,258496.2,255144.87
115,28,1467644,1943118,825645,722997,44,255144.87,34,1,254470.99,263834.55,272380.1,264844.67,258820.13
115,29,1625007,1774765,886566,717573,48,258820.13,34,1,255144.87,254470.99,263834.55,272380.1,266065.71
115,30,1636576,1767714,896152,791122,47,266065.71,34,1,258820.13,255144.87,254470.99,263834.55,
116,1,1628549,1467604,884049,324299,21,210697.34,34,1,,,,,225063.97
116,2,1779057,1606512,814126,323781,21,225063.97,34,1,210697.34,,,,215722.97
116,3,1624517,1616264,825758,324639,21,215722.97,34,1,225063.97,210697.34,,,214339.23
116,4,1638191,1593126,884293,299525,19,214339.23,34,1,215722.97,225063.97,210697.34,,218457.91
116,5,1791960,1460435,886714,295737,21,218457.91,34,1,214339.23,215722.97,225063.97,210697.34,222755.23
116,6,1788850,1598292,816048,294602,21,222755.23,34,1,218457.91,214339.23,215722.97,225063.97,219972.37
116,7,1785867,1455144,889593,318837,21,219972.37,34,1,222755.23,218457.91,214339.23,215722.97,216057.76
116,8,1645306,1629978,888318,295648,21,216057.76,34,1,219972.37,222755.23,218457.91,214339.23,219659.05
116,9,1782515,1468161,810283,326197,20,219659.05,34,1,216057.76,219972.37,222755.23,218457.91,218829.03
116,10,1649715,1632657,900830,319688,19,218829.03,34,1,219659.05,216057.76,219972.37,222755.23,218212.88
116,11,1784222,1462193,903837,294648,19,218212.88,34,1,218829.03,219659.05,216057.76,219972.37,222532.5
116,12,1804080,1484076,893570,319998,21,222532.5,34,1,218212.88,218829.03,219659.05,216057.76,225004.45
116,13,1793842,1629350,828672,299259,19,225004.45,34,1,222532.5,218212.88,218829.03,219659.05,218596.39
116,14,1808306,1472670,821171,291803,19,218596.39,34,1,225004.45,222532.5,218212.88,218829.03,218813.51
116,15,1802609,1450850,881470,297425,21,218813.51,34,1,218596.39,225004.45,222532.5,218212.88,220831.17
116,16,1791716,1484629,823080,322613,21,220831.17,34,1,218813.51,218596.39,225004.45,222532.5,209270.8
116,17,1620122,1482897,816157,319825,21,209270.8,34,1,220831.17,218813.51,218596.39,225004.45,217378.18
116,18,1774576,1465670,882217,294655,19,217378.18,34,1,209270.8,220831.17,218813.51,218596.39,221615.3
116,19,1786322,1488981,897631,319580,19,221615.3,34,1,217378.18,209270.8,220831.17,218813.51,217027.45
116,20,1772655,1476538,814179,299509,21,217027.45,34,1,221615.3,217378.18,209270.8,220831.17,216698.51
116,21,1647090,1618917,815992,319785,19,216698.51,34,1,217027.45,221615.3,217378.18,209270.8,217511.99
116,22,1806529,1454734,803558,292578,21,217511.99,34,1,216698.51,217027.45,221615.3,217378.18,220981.21
116,23,1810385,1486983,881169,299178,21,220981.21,34,1,217511.99,216698.51,217027.45,221615.3,218228.98
116,24,1791731,1487253,815874,293848,19,218228.98,34,1,220981.21,217511.99,216698.51,217027.45,217152.47
116,25,1791495,1455893,825830,294800,21,217152.47,34,1,218228.98,220981.21,217511.99,216698.51,223129.97
116,26,1780144,1592941,894070,293275,19,223129.97,34,1,217152.47,218228.98,220981.21,217511.99,217656.24
116,27,1630286,1622586,890833,327139,19,217656.24,34,1,223129.97,217152.47,218228.98,220981.21,216064.74
116,28,1640265,1612926,817380,320187,19,216064.74,34,1,217656.24,223129.97,217152.47,218228.98,215956.1
116,29,1639465,1607358,814400,322679,21,215956.1,34,1,216064.74,217656.24,223129.97,217152.47,215837.26
116,30,1655753,1620704,881279,291279,19,215837.26,34,1,215956.1,216064.74,217656.24,223129.97,
117,1,1407434,1429589,982684,878553,50,246385.53,34,1,,,,,256335.18
117,2,1526424,1425867,1075987,888073,49,256335.18,34,1,246385.53,,,,261074.63
117,3,1515272,1574434,1089003,877407,45,261074.63,34,1,256335.18,246385.53,,,247343.99
117,4,1405909,1546038,1090908,816575,46,247343.99,34,1,261074.63,256335.18,246385.53,,249291.79
117,5,1546549,1422374,971552,816165,49,249291.79,34,1,247343.99,261074.63,256335.18,246385.53,261297.73
117,6,1539619,1536014,1083909,881114,49,261297.73,34,1,249291.79,247343.99,261074.63,256335.18,241525.21
117,7,1422909,1406208,1082805,806132,44,241525.21,34,1,261297.73,249291.79,247343.99,261074.63,241866.79
117,8,1387108,1433199,1086556,822455,45,241866.79,34,1,241525.21,261297.73,249291.79,247343.99,249131.89
117,9,1521195,1429251,1074967,810581,45,249131.89,34,1,241866.79,241525.21,261297.73,249291.79,245377.01
117,10,1404157,1546154,1065722,800557,49,245377.01,34,1,249131.89,241866.79,241525.21,261297.73,247577.08
117,11,1416566,1399872,1079616,881315,44,247577.08,34,1,245377.01,249131.89,241866.79,241525.21,247194.37
117,12,1415572,1566486,1077401,800957,44,247194.37,34,1,247577.08,245377.01,249131.89,241866.79,248827.78
117,13,1417498,1550784,1076623,825097,50,248827.78,34,1,247194.37,247577.08,245377.01,249131.89,252172.96
117,14,1402364,1534749,999798,894506,49,252172.96,34,1,248827.78,247194.37,247577.08,245377.01,261293.6
117,15,1526616,1537270,1083700,889870,49,261293.6,34,1,252172.96,248827.78,247194.37,247577.08,261344.92
117,16,1516172,1551360,1081952,891733,49,261344.92,34,1,261293.6,252172.96,248827.78,247194.37,262273.69
117,17,1531569,1569144,995439,898492,49,262273.69,34,1,261344.92,261293.6,252172.96,248827.78,262540.74
117,18,1524192,1574722,1091225,886714,45,262540.74,34,1,262273.69,261344.92,261293.6,252172.96,262609.69
117,19,1521397,1564606,1089658,894457,49,262609.69,34,1,262540.74,262273.69,261344.92,261293.6,240361.38
117,20,1420551,1433561,970108,802785,45,240361.38,34,1,262609.69,262540.74,262273.69,261344.92,246631.44
117,21,1382061,1564094,1086203,818304,45,246631.44,34,1,240361.38,262609.69,262540.74,262273.69,261305.14
117,22,1512377,1575507,1086888,881932,45,261305.14,34,1,246631.44,240361.38,262609.69,262540.74,238641.77
117,23,1384263,1430737,978280,809612,50,238641.77,34,1,261305.14,246631.44,240361.38,262609.69,256342.54
117,24,1522386,1436834,986723,902252,44,256342.54,34,1,238641.77,261305.14,246631.44,240361.38,254534.19
117,25,1543448,1537387,1088233,801939,50,254534.19,34,1,256342.54,238641.77,261305.14,246631.44,248728.98
117,26,1393506,1425760,1061959,901874,49,248728.98,34,1,254534.19,256342.54,238641.77,261305.14,248027.87
117,27,1401921,1552080,1086288,825062,49,248027.87,34,1,248728.98,254534.19,256342.54,238641.77,252860.87
117,28,1384518,1536976,1077496,899770,45,252860.87,34,1,248027.87,248728.98,254534.19,256342.54,252330.98
117,29,1396561,1560238,999161,888730,49,252330.98,34,1,252860.87,248027.87,248728.98,254534.19,246930.33
117,30,1409205,1562591,988282,820650,49,246930.33,34,1,252330.98,252860.87,248027.87,248728.98,
118,1,1651123,1530435,1004478,254481,48,210473.77,34,1,,,,,203446.01
118,2,1651077,1412772,907614,248792,44,203446.01,34,1,210473.77,,,,196169.59
118,3,1488836,1417768,931625,278026,44,196169.59,34,1,203446.01,210473.77,,,200812.31
118,4,1527686,1531108,927992,249702,48,200812.31,34,1,196169.59,203446.01,210473.77,,204082.3
118,5,1626015,1413293,1012341,254523,48,204082.3,34,1,200812.31,196169.59,203446.01,210473.77,211637.43
118,6,1649597,1544692,932375,275016,48,211637.43,34,1,204082.3,200812.31,196169.59,203446.01,201426.86
118,7,1501966,1554696,1016617,247913,48,201426.86,34,1,211637.43,204082.3,200812.31,196169.59,203883.68
118,8,1647302,1415011,926438,251889,44,203883.68,34,1,201426.86,211637.43,204082.3,200812.31,212187.41
118,9,1652777,1521876,995678,277872,43,212187.41,34,1,203883.68,201426.86,211637.43,204082.3,207822.55
118,10,1663504,1394410,1018556,276678,43,207822.55,34,1,212187.41,203883.68,201426.86,211637.43,206180.21
118,11,1655368,1407660,916322,276804,47,206180.21,34,1,207822.55,212187.41,203883.68,201426.86,203185.13
118,12,1633726,1388301,994754,253830,43,203185.13,34,1,206180.21,207822.55,212187.41,203883.68,204443.5
118,13,1633235,1406443,914657,274321,48,204443.5,34,1,203185.13,206180.21,207822.55,212187.41,205826.18
118,14,1649257,1402818,922291,278431,44,205826.18,34,1,204443.5,203185.13,206180.21,207822.55,198616.33
118,15,1486804,1551233,908073,249045,43,198616.33,34,1,205826.18,204443.5,203185.13,206180.21,204283.72
118,16,1651313,1390583,994682,252321,47,204283.72,34,1,198616.33,205826.18,204443.5,203185.13,212397.77
118,17,1654282,1557492,921308,276165,47,212397.77,34,1,204283.72,198616.33,205826.18,204443.5,202596.89
118,18,1513854,1540509,929437,274816,44,202596.89,34,1,212397.77,204283.72,198616.33,205826.18,205667.13
118,19,1668573,1422149,915741,255012,48,205667.13,34,1,202596.89,212397.77,204283.72,198616.33,199045.97
118,20,1503287,1532634,915319,249261,44,199045.97,34,1,205667.13,202596.89,212397.77,204283.72,206310.57
118,21,1666727,1407387,909553,271451,43,206310.57,34,1,199045.97,205667.13,202596.89,212397.77,210984.53
118,22,1633575,1524135,1012424,274229,48,210984.53,34,1,206310.57,199045.97,205667.13,202596.89,205326.27
118,23,1644157,1409513,929088,272211,44,205326.27,34,1,210984.53,206310.57,199045.97,205667.13,200764.37
118,24,1488166,1543263,932295,271158,47,200764.37,34,1,205326.27,210984.53,206310.57,199045.97,207076.35
118,25,1657042,1389137,1014800,276172,47,207076.35,34,1,200764.37,205326.27,210984.53,206310.57,210220.02
118,26,1654386,1556526,906712,255051,47,210220.02,34,1,207076.35,200764.37,205326.27,210984.53,212838.61
118,27,1637597,1559587,1004304,276945,47,212838.61,34,1,210220.02,207076.35,200764.37,205326.27,200319.37
118,28,1526373,1518522,933759,249964,47,200319.37,34,1,212838.61,210220.02,207076.35,200764.37,204099.71
118,29,1666983,1396228,932206,247790,47,204099.71,34,1,200319.37,212838.61,210220.02,207076.35,200002.45
118,30,1501707,1555932,907770,251579,44,200002.45,34,1,204099.71,200319.37,212838.61,210220.02,
119,1,1083552,1601051,917893,371103,5,185724.75,34,1,,,,,187680.29
119,2,1194958,1479877,924684,367645,5,187680.29,34,1,185724.75,,,,178686.09
119,3,1081260,1477496,841514,365899,5,178686.09,34,1,187680.29,185724.75,,,180017.58
119,4,1096298,1479234,843596,368668,6,180017.58,34,1,178686.09,187680.29,185724.75,,189495.4
119,5,1077277,1640004,916269,399662,6,189495.4,34,1,180017.58,178686.09,187680.29,185724.75,177285.38
119,6,1066047,1463240,836240,368870,6,177285.38,34,1,189495.4,180017.58,178686.09,187680.29,188583.95
119,7,1089441,1608658,849914,407440,5,188583.95,34,1,177285.38,189495.4,180017.58,178686.09,186927.53
119,8,1079067,1599027,843977,402076,5,186927.53,34,1,188583.95,177285.38,189495.4,180017.58,189748.37
119,9,1191221,1470794,919553,398407,6,189748.37,34,1,186927.53,188583.95,177285.38,189495.4,182409.65
119,10,1095275,1478336,843805,396307,5,182409.65,34,1,189748.37,186927.53,188583.95,177285.38,180987.26
119,11,1089576,1480055,928073,368473,5,180987.26,34,1,182409.65,189748.37,186927.53,188583.95,188383.09
119,12,1084527,1621029,830275,406589,6,188383.09,34,1,180987.26,182409.65,189748.37,186927.53,190514.87
119,13,1195048,1503504,827860,405708,6,190514.87,34,1,188383.09,180987.26,182409.65,189748.37,188701.09
119,14,1086071,1629352,840696,403249,5,188701.09,34,1,190514.87,188383.09,180987.26,182409.65,194181.24
119,15,1179390,1606047,849906,406066,5,194181.24,34,1,188701.09,190514.87,188383.09,180987.26,195623.17
119,16,1182013,1638373,846203,405860,5,195623.17,34,1,194181.24,188701.09,190514.87,188383.09,191262.88
119,17,1094605,1639845,911906,407675,6,191262.88,34,1,195623.17,194181.24,188701.09,190514.87,188789.16
119,18,1173580,1487332,851751,405144,6,188789.16,34,1,191262.88,195623.17,194181.24,188701.09,178715.77
119,19,1073222,1469998,912267,362582,6,178715.77,34,1,188789.16,191262.88,195623.17,194181.24,191734.44
119,20,1192028,1618860,836334,366386,5,191734.44,34,1,178715.77,188789.16,191262.88,195623.17,188357.95
119,21,1175805,1461750,925527,397173,6,188357.95,34,1,191734.44,178715.77,188789.16,191262.88,184688.32
119,22,1170318,1494687,831144,362364,6,184688.32,34,1,188357.95,191734.44,178715.77,188789.16,190739.2
119,23,1171069,1621033,835135,369626,5,190739.2,34,1,184688.32,188357.95,191734.44,178715.77,190498.29
119,24,1089307,1631994,910378,406924,5,190498.29,34,1,190739.2,184688.32,188357.95,191734.44,180527.48
119,25,1093396,1475543,917577,364634,5,180527.48,34,1,190498.29,190739.2,184688.32,188357.95,192478.14
119,26,1186649,1604865,926555,368538,6,192478.14,34,1,180527.48,190498.29,190739.2,184688.32,182877.63
119,27,1094256,1458093,911439,399283,5,182877.63,34,1,192478.14,180527.48,190498.29,190739.2,189658.24
119,28,1170563,1487034,931548,402541,6,189658.24,34,1,182877.63,192478.14,180527.48,190498.29,191887.31
119,29,1198447,1611378,848944,364637,5,191887.31,34,1,189658.24,182877.63,192478.14,180527.48,188320.84
119,30,1085375,1631507,833789,399793,5,188320.84,34,1,191887.31,189658.24,182877.63,192478.14,
120,1,2051724,1776901,845162,389402,32,256290.74,34,1,,,,,255600.88
120,2,2078266,1784574,903821,348427,31,255600.88,34,1,256290.74,,,,251827.61
120,3,2057503,1743045,844972,351489,31,251827.61,34,1,255600.88,256290.74,,,250637.13
120,4,2083880,1616182,825280,381722,34,250637.13,34,1,251827.61,255600.88,256290.74,,255221.74
120,5,2054501,1771397,832983,380320,35,255221.74,34,1,250637.13,251827.61,255600.88,256290.74,241664.58
120,6,1878563,1768113,846844,355449,31,241664.58,34,1,255221.74,250637.13,251827.61,255600.88,258251.04
120,7,2083317,1785304,825172,388176,35,258251.04,34,1,241664.58,255221.74,250637.13,251827.61,250671.36
120,8,2064943,1599315,915586,387069,34,250671.36,34,1,258251.04,241664.58,255221.74,250637.13,243583.77
120,9,1899326,1757546,921799,353041,31,243583.77,34,1,250671.36,258251.04,241664.58,255221.74,246894.92
120,10,2051622,1601754,900798,356338,31,246894.92,34,1,243583.77,250671.36,258251.04,241664.58,247496.84
120,11,2065491,1634889,834504,349764,35,247496.84,34,1,246894.92,243583.77,250671.36,258251.04,250864.46
120,12,2056511,1616993,910034,388087,35,250864.46,34,1,247496.84,246894.92,243583.77,250671.36,251542.54
120,13,2051120,1743948,840733,353270,31,251542.54,34,1,250864.46,247496.84,246894.92,243583.77,253379.16
120,14,2065508,1770720,821459,354396,32,253379.16,34,1,251542.54,250864.46,247496.84,246894.92,245546.1
120,15,1883376,1772178,910491,381539,34,245546.1,34,1,253379.16,251542.54,250864.46,247496.84,251676.63
120,16,2070672,1619114,911398,385684,34,251676.63,34,1,245546.1,253379.16,251542.54,250864.46,242513.88
120,17,1865607,1743649,845849,385696,34,242513.88,34,1,251676.63,245546.1,253379.16,251542.54,241931.37
120,18,1909843,1746765,824496,349893,32,241931.37,34,1,242513.88,251676.63,245546.1,253379.16,238264.65
120,19,1871334,1609065,923570,382680,34,238264.65,34,1,241931.37,242513.88,251676.63,245546.1,244889.48
120,20,1891878,1756790,835146,389015,34,244889.48,34,1,238264.65,241931.37,242513.88,251676.63,249538.99
120,21,2068614,1632075,911695,357398,34,249538.99,34,1,244889.48,238264.65,241931.37,242513.88,239872.35
120,22,1893216,1610167,914328,385953,34,239872.35,34,1,249538.99,244889.48,238264.65,241931.37,240086.98
120,23,1863014,1779193,829078,347233,32,240086.98,34,1,239872.35,249538.99,244889.48,238264.65,246531.2
120,24,2071561,1604381,830455,349579,31,246531.2,34,1,240086.98,239872.35,249538.99,244889.48,253822.69
120,25,2061257,1789070,837019,351023,35,253822.69,34,1,246531.2,240086.98,239872.35,249538.99,254613.04
120,26,2063883,1739116,836763,381103,34,254613.04,34,1,253822.69,246531.2,240086.98,239872.35,236031.97
120,27,1902144,1603845,847347,352093,34,236031.97,34,1,254613.04,253822.69,246531.2,240086.98,233555.41
120,28,1870379,1597263,834942,352778,32,233555.41,34,1,236031.97,254613.04,253822.69,246531.2,236808.58
120,29,1904366,1614117,831300,357271,34,236808.58,34,1,233555.41,236031.97,254613.04,253822.69,238243.41
120,30,1873113,1608802,922197,381538,34,238243.41,34,1,236808.58,233555.41,236031.97,254613.04,
121,1,1310841,1806098,851801,250804,37,197097.65,34,1,,,,,206417.72
121,2,1428610,1805481,958810,250280,38,206417.72,34,1,197097.65,,,,201859.68
121,3,1313540,1821070,958130,275347,35,201859.68,34,1,206417.72,197097.65,,,205676.13
121,4,1397677,1838771,958079,248992,38,205676.13,34,1,201859.68,206417.72,197097.65,,196050.71
121,5,1297382,1804847,862282,247538,37,196050.71,34,1,205676.13,201859.68,206417.72,197097.65,192571.95
121,6,1300648,1648944,869479,277571,38,192571.95,34,1,196050.71,205676.13,201859.68,206417.72,198537.39
121,7,1306938,1812724,947446,249071,34,198537.39,34,1,192571.95,196050.71,205676.13,201859.68,199265.51
121,8,1288210,1803132,942074,276027,37,199265.51,34,1,198537.39,192571.95,196050.71,205676.13,195461.85
121,9,1276678,1817800,875482,247483,34,195461.85,34,1,199265.51,198537.39,192571.95,196050.71,200020.77
121,10,1293644,1814808,951425,273383,34,200020.77,34,1,195461.85,199265.51,198537.39,192571.95,196452.64
121,11,1298304,1803240,852159,253921,38,196452.64,34,1,200020.77,195461.85,199265.51,198537.39,200943.91
121,12,1419444,1637044,935906,278425,38,200943.91,34,1,196452.64,200020.77,195461.85,199265.51,196288.74
121,13,1405364,1641654,860538,248530,37,196288.74,34,1,200943.91,196452.64,200020.77,195461.85,199344.25
121,14,1292492,1802710,959414,270861,34,199344.25,34,1,196288.74,200943.91,196452.64,200020.77,199975.37
121,15,1305824,1795316,941718,274926,37,199975.37,34,1,199344.25,196288.74,200943.91,196452.64,191264.11
121,16,1308790,1656574,867094,254115,38,191264.11,34,1,199975.37,199344.25,196288.74,200943.91,191292.34
121,17,1290303,1644162,861581,274478,35,191292.34,34,1,191264.11,199975.37,199344.25,196288.74,204332.04
121,18,1400556,1839322,866077,248536,37,204332.04,34,1,191292.34,191264.11,199975.37,199344.25,206805.93
121,19,1406912,1831956,859918,275935,38,206805.93,34,1,204332.04,191292.34,191264.11,199975.37,201814.88
121,20,1436449,1638216,958998,271109,37,201814.88,34,1,206805.93,204332.04,191292.34,191264.11,200758.57
121,21,1401585,1660483,959506,274043,35,200758.57,34,1,201814.88,206805.93,204332.04,191292.34,207168.21
121,22,1407789,1836879,869551,275289,34,207168.21,34,1,200758.57,201814.88,206805.93,204332.04,208161.83
121,23,1433362,1798527,943728,272178,37,208161.83,34,1,207168.21,200758.57,201814.88,206805.93,195535.68
121,24,1285525,1800395,877149,249703,37,195535.68,34,1,208161.83,207168.21,200758.57,201814.88,200460.4
121,25,1314373,1792446,938405,276098,34,200460.4,34,1,195535.68,208161.83,207168.21,200758.57,199677.39
121,26,1418023,1647231,857789,274922,37,199677.39,34,1,200460.4,195535.68,208161.83,207168.21,197213.1
121,27,1289149,1793613,855381,272814,34,197213.1,34,1,199677.39,200460.4,195535.68,208161.83,198457.77
121,28,1413710,1676998,876337,247319,37,198457.77,34,1,197213.1,199677.39,200460.4,195535.68,206829.08
121,29,1436144,1798238,951487,254120,37,206829.08,34,1,198457.77,197213.1,199677.39,200460.4,207937.11
121,30,1410421,1823635,957571,272017,34,207937.11,34,1,206829.08,198457.77,197213.1,199677.39,
122,1,1562386,1841324,687917,437184,4,228985.76,34,1,,,,,231623.15
122,2,1536576,2013281,694720,404030,4,231623.15,34,1,228985.76,,,,226728.23
122,3,1405694,2037373,685718,434298,4,226728.23,34,1,231623.15,228985.76,,,218807.78
122,4,1426956,1859590,762181,399662,4,218807.78,34,1,226728.23,231623.15,228985.76,,228780.14
122,5,1543400,1846462,762021,432660,4,228780.14,34,1,218807.78,226728.23,231623.15,228985.76,232550.93
122,6,1550704,2027065,694921,397737,4,232550.93,34,1,228780.14,218807.78,226728.23,231623.15,232791.54
122,7,1553360,2017494,690195,403794,4,232791.54,34,1,232550.93,228780.14,218807.78,226728.23,229069.25
122,8,1540031,1852530,759681,435901,4,229069.25,34,1,232791.54,232550.93,228780.14,218807.78,236960.19
122,9,1564603,2009673,701546,443493,4,236960.19,34,1,229069.25,232791.54,232550.93,228780.14,228163.4
122,10,1555374,1819546,705083,440071,4,228163.4,34,1,236960.19,229069.25,232791.54,232550.93,228921.59
122,11,1441062,2006349,763176,433459,4,228921.59,34,1,228163.4,236960.19,229069.25,232791.54,223645.5
122,12,1443803,1859844,762637,440995,4,223645.5,34,1,228921.59,228163.4,236960.19,229069.25,224636.44
122,13,1535577,1847682,693824,404202,4,224636.44,34,1,223645.5,228921.59,228163.4,236960.19,217392.77
122,14,1438745,1836249,699929,397666,4,217392.77,34,1,224636.44,223645.5,228921.59,228163.4,227028.74
122,15,1421806,2019666,700022,431650,4,227028.74,34,1,217392.77,224636.44,223645.5,228921.59,230301.18
122,16,1573110,1821648,762466,439593,4,230301.18,34,1,227028.74,217392.77,224636.44,223645.5,227082.31
122,17,1565706,1851803,763977,394969,4,227082.31,34,1,230301.18,227028.74,217392.77,224636.44,233809.18
122,18,1561101,2042684,692656,397389,4,233809.18,34,1,227082.31,230301.18,227028.74,217392.77,227558.91
122,19,1537450,1846114,702947,434325,4,227558.91,34,1,233809.18,227082.31,230301.18,227028.74,234377.06
122,20,1572437,2026673,691229,403220,4,234377.06,34,1,227558.91,233809.18,227082.31,230301.18,219162.88
122,21,1402457,1849226,688603,439425,4,219162.88,34,1,234377.06,227558.91,233809.18,227082.31,237259.17
122,22,1571495,2003420,765444,433105,4,237259.17,34,1,219162.88,234377.06,227558.91,233809.18,226523.56
122,23,1413333,2000766,705345,439929,4,226523.56,34,1,237259.17,219162.88,234377.06,227558.91,216350.8
122,24,1442006,1817673,691317,393949,4,216350.8,34,1,226523.56,237259.17,219162.88,234377.06,219095.56
122,25,1402983,1820534,764582,437750,4,219095.56,34,1,216350.8,226523.56,237259.17,219162.88,228333.83
122,26,1425045,2027925,705453,438975,4,228333.83,34,1,219095.56,216350.8,226523.56,237259.17,227200.37
122,27,1412423,2039018,686926,433714,4,227200.37,34,1,228333.83,219095.56,216350.8,226523.56,221673.44
122,28,1427443,1852742,755526,435475,4,221673.44,34,1,227200.37,228333.83,219095.56,216350.8,231631.54
122,29,1575628,1862903,767345,432522,4,231631.54,34,1,221673.44,227200.37,228333.83,219095.56,228687.14
122,30,1543888,1845905,701471,442574,4,228687.14,34,1,231631.54,221673.44,227200.37,228333.83,
123,1,2021997,2024630,920440,450879,12,271499.37,34,1,,,,,268501.01
123,2,1858875,2251073,1011262,413354,12,268501.01,34,1,271499.37,,,,268458.49
123,3,1855242,2217593,914376,448676,11,268458.49,34,1,268501.01,271499.37,,,259163.75
123,4,1836687,2086001,921725,418606,12,259163.75,34,1,268458.49,268501.01,271499.37,,275323.89
123,5,1998050,2231224,922317,414393,11,275323.89,34,1,259163.75,268458.49,268501.01,271499.37,264681.48
123,6,1833509,2234481,922178,413165,11,264681.48,34,1,275323.89,259163.75,268458.49,268501.01,277347.63
123,7,1995228,2270540,994330,407508,12,277347.63,34,1,264681.48,275323.89,259163.75,268458.49,271063.83
123,8,1822842,2275961,1010163,456334,12,271063.83,34,1,277347.63,264681.48,275323.89,259163.75,283035.55
123,9,2030905,2254747,987867,453434,12,283035.55,34,1,271063.83,277347.63,264681.48,275323.89,280024.42
123,10,1994926,2265442,914095,454397,11,280024.42,34,1,283035.55,271063.83,277347.63,264681.48,281738.76
123,11,2016986,2248685,1013803,447141,12,281738.76,34,1,280024.42,283035.55,271063.83,277347.63,259840.07
123,12,1856388,2048501,994994,415973,11,259840.07,34,1,281738.76,280024.42,283035.55,271063.83,271569.47
123,13,1865000,2221336,999329,458937,11,271569.47,34,1,259840.07,281738.76,280024.42,283035.55,269952.76
123,14,1832303,2266379,924315,457305,12,269952.76,34,1,271569.47,259840.07,281738.76,280024.42,261451.56
123,15,1843846,2048554,912870,457801,12,261451.56,34,1,269952.76,271569.47,259840.07,281738.76,277348.5
123,16,2029556,2237784,913203,412817,12,277348.5,34,1,261451.56,269952.76,271569.47,259840.07,266554.02
123,17,1852844,2230098,992281,409284,11,266554.02,34,1,277348.5,261451.56,269952.76,271569.47,269842.89
123,18,2007709,2057772,1005833,411853,11,269842.89,34,1,266554.02,277348.5,261451.56,269952.76,266123.22
123,19,1844876,2255726,927243,410209,12,266123.22,34,1,269842.89,266554.02,277348.5,261451.56,261749.74
123,20,1843581,2037962,1011342,448257,12,261749.74,34,1,266123.22,269842.89,266554.02,277348.5,264828.6
123,21,1830551,2256166,908604,409345,11,264828.6,34,1,261749.74,266123.22,269842.89,266554.02,270375.07
123,22,1869584,2276006,1000220,416894,11,270375.07,34,1,264828.6,261749.74,266123.22,269842.89,259955.24
123,23,1841996,2079649,994273,413286,12,259955.24,34,1,270375.07,264828.6,261749.74,266123.22,268778.53
123,24,1827016,2253289,907970,457132,12,268778.53,34,1,259955.24,270375.07,264828.6,261749.74,271076.86
123,25,2012399,2076249,989447,416587,11,271076.86,34,1,268778.53,259955.24,270375.07,264828.6,270593.46
123,26,1987667,2058804,921531,449470,11,270593.46,34,1,271076.86,268778.53,259955.24,270375.07,267724.04
123,27,2002908,2037073,909141,419030,11,267724.04,34,1,270593.46,271076.86,268778.53,259955.24,279170.35
123,28,2010782,2273941,1004141,413176,11,279170.35,34,1,267724.04,270593.46,271076.86,268778.53,256709.05
123,29,1820004,2072922,906704,412179,12,256709.05,34,1,279170.35,267724.04,270593.46,271076.86,260820.17
123,30,1813998,2064467,1000926,448825,12,260820.17,34,1,256709.05,279170.35,267724.04,270593.46,
124,1,1786400,2194777,857705,638603,3,279238.17,34,1,,,,,272533.77
124,2,1658410,2188704,939103,644233,2,272533.77,34,1,279238.17,,,,287525.94
124,3,1792463,2201625,932406,709353,2,287525.94,34,1,272533.77,279238.17,,,277035.86
124,4,1652571,2227100,849733,696844,2,277035.86,34,1,287525.94,272533.77,279238.17,,286512.93
124,5,1770926,2212191,932830,708625,2,286512.93,34,1,277035.86,287525.94,272533.77,279238.17,278348.76
124,6,1655513,2197712,929243,708416,2,278348.76,34,1,286512.93,277035.86,287525.94,272533.77,269514.92
124,7,1658929,2002098,930778,698403,2,269514.92,34,1,278348.76,286512.93,277035.86,287525.94,277751.59
124,8,1631526,2215935,921491,712001,2,277751.59,34,1,269514.92,278348.76,286512.93,277035.86,269343.71
124,9,1640980,2059108,848190,698034,2,269343.71,34,1,277751.59,269514.92,278348.76,286512.93,270223.99
124,10,1661616,2045989,853319,698109,2,270223.99,34,1,269343.71,277751.59,269514.92,278348.76,279704.33
124,11,1814009,2021695,864354,702948,2,279704.33,34,1,270223.99,269343.71,277751.59,269514.92,282301.03
124,12,1816488,2231288,857256,634097,3,282301.03,34,1,279704.33,270223.99,269343.71,277751.59,266578.82
124,13,1617706,2017102,842903,704538,3,266578.82,34,1,282301.03,279704.33,270223.99,269343.71,281606.24
124,14,1790016,2233543,865163,642933,3,281606.24,34,1,266578.82,282301.03,279704.33,270223.99,279617.75
124,15,1766211,2209436,861149,649900,3,279617.75,34,1,281606.24,266578.82,282301.03,279704.33,286056.6
124,16,1766884,2218558,926400,704691,2,286056.6,34,1,279617.75,281606.24,266578.82,282301.03,285249.76
124,17,1775766,2227140,851882,698965,3,285249.76,34,1,286056.6,279617.75,281606.24,266578.82,284100.93
124,18,1769851,2207028,843817,701272,2,284100.93,34,1,285249.76,286056.6,279617.75,281606.24,269284.31
124,19,1623252,2205410,840049,643783,3,269284.31,34,1,284100.93,285249.76,286056.6,279617.75,273440.35
124,20,1616880,2191025,861491,697206,3,273440.35,34,1,269284.31,284100.93,285249.76,286056.6,277493.06
124,21,1769342,2029122,935871,694052,3,277493.06,34,1,273440.35,269284.31,284100.93,285249.76,281543.81
124,22,1811327,2023202,933193,712024,3,281543.81,34,1,277493.06,273440.35,269284.31,284100.93,277375.47
124,23,1623781,2214840,934242,711579,3,277375.47,34,1,281543.81,277493.06,273440.35,269284.31,287114.57
124,24,1806923,2204180,927018,694195,3,287114.57,34,1,277375.47,281543.81,277493.06,273440.35,275827.19
124,25,1619237,2195117,925934,708334,3,275827.19,34,1,287114.57,277375.47,281543.81,277493.06,260855.96
124,26,1613770,2015126,839247,645492,3,260855.96,34,1,275827.19,287114.57,277375.47,281543.81,269996.52
124,27,1650529,2004640,936754,707513,2,269996.52,34,1,260855.96,275827.19,287114.57,277375.47,271387.95
124,28,1641099,2213654,935429,633073,3,271387.95,34,1,269996.52,260855.96,275827.19,287114.57,262638.53
124,29,1613997,2021059,928828,646016,2,262638.53,34,1,271387.95,269996.52,260855.96,275827.19,281013.25
124,30,1782996,2227579,839326,648879,2,281013.25,34,1,262638.53,271387.95,269996.52,260855.96,
125,1,2008538,1841658,890748,835934,39,297218.99,34,1,,,,,282984.5
125,2,1803693,1857162,894302,817494,39,282984.5,34,1,297218.99,,,,289095.63
125,3,1982338,1857630,902810,755089,38,289095.63,34,1,282984.5,297218.99,,,289774.44
125,4,2020278,1833030,892457,748633,41,289774.44,34,1,289095.63,282984.5,297218.99,,278487.24
125,5,1827652,1682013,890266,832328,41,278487.24,34,1,289774.44,289095.63,282984.5,297218.99,284807.51
125,6,1840253,1846112,829912,828288,41,284807.51,34,1,278487.24,289774.44,289095.63,282984.5,277287.26
125,7,1831169,1833365,818118,759487,42,277287.26,34,1,284807.51,278487.24,289774.44,289095.63,280081.73
125,8,1970867,1702670,832683,747998,38,280081.73,34,1,277287.26,284807.51,278487.24,289774.44,272399.0
125,9,1834785,1698387,888918,752352,38,272399.0,34,1,280081.73,277287.26,284807.51,278487.24,295611.28
125,10,2013271,1830571,831754,830600,38,295611.28,34,1,272399.0,280081.73,277287.26,284807.51,272541.56
125,11,1836585,1705649,912856,744905,41,272541.56,34,1,295611.28,272399.0,280081.73,277287.26,288237.01
125,12,2002841,1834123,823378,756204,41,288237.01,34,1,272541.56,295611.28,272399.0,280081.73,279147.2
125,13,1821340,1707001,911664,828699,41,279147.2,34,1,288237.01,272541.56,295611.28,272399.0,281617.54
125,14,1994421,1674617,831438,761325,41,281617.54,34,1,279147.2,288237.01,272541.56,295611.28,282873.06
125,15,1972619,1722473,887972,758432,38,282873.06,34,1,281617.54,279147.2,288237.01,272541.56,291511.48
125,16,2023554,1703731,890788,825783,38,291511.48,34,1,282873.06,281617.54,279147.2,288237.01,296607.05
125,17,2000949,1855660,909502,824690,42,296607.05,34,1,291511.48,282873.06,281617.54,279147.2,276255.31
125,18,1821271,1859007,810484,744664,42,276255.31,34,1,296607.05,291511.48,282873.06,281617.54,288521.75
125,19,2005598,1670240,898368,819675,42,288521.75,34,1,276255.31,296607.05,291511.48,282873.06,282326.38
125,20,1800382,1866083,818903,822183,41,282326.38,34,1,288521.75,276255.31,296607.05,291511.48,296727.33
125,21,1976885,1875005,910794,834117,42,296727.33,34,1,282326.38,288521.75,276255.31,296607.05,272570.8
125,22,1812636,1695962,908145,767797,37,272570.8,34,1,296727.33,282326.38,288521.75,276255.31,277257.81
125,23,1810797,1694827,891319,824677,42,277257.81,34,1,272570.8,296727.33,282326.38,288521.75,278090.39
125,24,1829744,1837503,899322,752697,41,278090.39,34,1,277257.81,272570.8,296727.33,282326.38,270061.68
125,25,1803840,1686934,911147,749928,42,270061.68,34,1,278090.39,277257.81,272570.8,296727.33,292811.2
125,26,1976432,1843633,815799,822878,42,292811.2,34,1,270061.68,278090.39,277257.81,272570.8,276424.78
125,27,1811901,1847741,817003,757313,41,276424.78,34,1,292811.2,270061.68,278090.39,277257.81,273045.35
125,28,1845225,1677386,897480,760184,42,273045.35,34,1,276424.78,292811.2,270061.68,278090.39,276219.46
125,29,1803096,1859492,827617,753987,38,276219.46,34,1,273045.35,276424.78,292811.2,270061.68,286739.82
125,30,1969981,1674860,907248,821761,38,286739.82,34,1,276219.46,273045.35,276424.78,292811.2,
126,1,1850705,2291988,847254,286278,44,255529.15,34,1,,,,,266106.95
126,2,2017967,2263773,903778,286119,48,266106.95,34,1,255529.15,,,,253178.61
126,3,1859883,2290485,829065,257630,44,253178.61,34,1,266106.95,255529.15,,,265574.72
126,4,2043449,2263090,923045,258712,44,265574.72,34,1,253178.61,266106.95,255529.15,,251298.12
126,5,1839681,2276516,833273,257008,43,251298.12,34,1,265574.72,253178.61,266106.95,255529.15,254599.45
126,6,2005734,2095089,845279,256169,47,254599.45,34,1,251298.12,265574.72,253178.61,266106.95,255417.39
126,7,1863697,2245951,917337,284260,48,255417.39,34,1,254599.45,251298.12,265574.72,253178.61,257550.84
126,8,2034787,2112781,835037,261678,48,257550.84,34,1,255417.39,254599.45,251298.12,265574.72,260843.03
126,9,1999098,2248591,844297,259193,48,260843.03,34,1,257550.84,255417.39,254599.45,251298.12,266570.32
126,10,2051959,2277280,915994,258344,43,266570.32,34,1,260843.03,257550.84,255417.39,254599.45,263829.49
126,11,2003805,2296172,910205,254860,44,263829.49,34,1,266570.32,260843.03,257550.84,255417.39,244636.23
126,12,1835098,2065460,849172,281366,44,244636.23,34,1,263829.49,266570.32,260843.03,257550.84,245958.91
126,13,1831477,2074928,927449,279977,44,245958.91,34,1,244636.23,263829.49,266570.32,260843.03,254546.36
126,14,2021239,2072929,831081,257295,48,254546.36,34,1,245958.91,244636.23,263829.49,266570.32,265898.89
126,15,2035154,2277876,928704,260383,44,265898.89,34,1,254546.36,245958.91,244636.23,263829.49,245808.77
126,16,1836467,2062611,926712,280564,48,245808.77,34,1,265898.89,254546.36,245958.91,244636.23,266680.72
126,17,2028460,2264987,904893,284180,43,266680.72,34,1,245808.77,265898.89,254546.36,245958.91,247078.74
126,18,1864313,2098669,925333,258174,44,247078.74,34,1,266680.72,245808.77,265898.89,254546.36,255838.92
126,19,2014573,2067577,922042,262318,48,255838.92,34,1,247078.74,266680.72,245808.77,265898.89,258025.72
126,20,2045775,2112388,840383,258255,47,258025.72,34,1,255838.92,247078.74,266680.72,245808.77,267452.46
126,21,2012880,2294962,929616,285534,43,267452.46,34,1,258025.72,255838.92,247078.74,266680.72,247788.77
126,22,1855860,2075729,929568,281979,48,247788.77,34,1,267452.46,258025.72,255838.92,247078.74,256160.64
126,23,1844065,2300911,926509,279469,44,256160.64,34,1,247788.77,267452.46,258025.72,255838.92,256118.59
126,24,1844600,2293470,903680,286229,44,256118.59,34,1,256160.64,247788.77,267452.46,258025.72,254688.44
126,25,2004444,2072390,911458,256545,44,254688.44,34,1,256118.59,256160.64,247788.77,267452.46,256457.02
126,26,2049622,2064126,841903,260194,44,256457.02,34,1,254688.44,256118.59,256160.64,247788.77,247164.43
126,27,1832507,2099531,910217,284342,43,247164.43,34,1,256457.02,254688.44,256118.59,256160.64,246568.76
126,28,1853740,2099109,922178,260483,49,246568.76,34,1,247164.43,256457.02,254688.44,256118.59,254206.37
126,29,1840968,2266429,906026,279743,44,254206.37,34,1,246568.76,247164.43,256457.02,254688.44,256047.14
126,30,1856703,2296304,842653,286550,43,256047.14,34,1,254206.37,246568.76,247164.43,256457.02,
127,1,1115424,2313997,848826,478254,40,226126.91,34,1,,,,,212210.57
127,2,1123843,2056076,830449,440804,37,212210.57,34,1,226126.91,,,,218617.88
127,3,1131331,2076957,907148,482808,37,218617.88,34,1,212210.57,226126.91,,,223216.57
127,4,1134738,2308010,837225,436995,37,223216.57,34,1,218617.88,212210.57,226126.91,,222319.51
127,5,1131642,2265011,932769,431787,38,222319.51,34,1,223216.57,218617.88,212210.57,226126.91,230022.83
127,6,1211735,2254855,836526,481891,37,230022.83,34,1,222319.51,223216.57,218617.88,212210.57,218305.58
127,7,1223627,2071253,830740,429580,37,218305.58,34,1,230022.83,222319.51,223216.57,218617.88,222285.23
127,8,1236258,2099504,933013,432889,38,222285.23,34,1,218305.58,230022.83,222319.51,223216.57,225174.66
127,9,1113675,2252258,925093,483668,40,225174.66,34,1,222285.23,218305.58,230022.83,222319.51,215772.84
127,10,1104323,2098340,850860,471018,40,215772.84,34,1,225174.66,222285.23,218305.58,230022.83,227507.43
127,11,1118479,2304194,926493,481756,37,227507.43,34,1,215772.84,225174.66,222285.23,218305.58,230045.17
127,12,1232472,2314328,847939,437580,41,230045.17,34,1,227507.43,215772.84,225174.66,222285.23,219546.61
127,13,1219411,2068906,914014,432279,37,219546.61,34,1,230045.17,227507.43,215772.84,225174.66,217212.24
127,14,1116867,2096947,839598,480660,41,217212.24,34,1,219546.61,230045.17,227507.43,215772.84,221562.45
127,15,1111204,2256712,925671,443219,41,221562.45,34,1,217212.24,219546.61,230045.17,227507.43,213961.4
127,16,1122691,2064052,927402,439675,37,213961.4,34,1,221562.45,217212.24,219546.61,230045.17,218924.49
127,17,1210063,2079582,834589,441624,41,218924.49,34,1,213961.4,221562.45,217212.24,219546.61,226360.36
127,18,1228156,2115813,918100,479055,40,226360.36,34,1,218924.49,213961.4,221562.45,217212.24,220949.83
127,19,1238173,2102791,837544,432586,37,220949.83,34,1,226360.36,218924.49,213961.4,221562.45,212356.78
127,20,1120923,2060201,838611,441120,40,212356.78,34,1,220949.83,226360.36,218924.49,213961.4,229160.4
127,21,1216003,2308089,852123,441741,37,229160.4,34,1,212356.78,220949.83,226360.36,218924.49,219117.73
127,22,1218374,2093406,828726,432454,41,219117.73,34,1,229160.4,212356.78,220949.83,226360.36,226490.64
127,23,1219247,2258662,835327,435774,41,226490.64,34,1,219117.73,229160.4,212356.78,220949.83,233423.0
127,24,1223900,2312184,836000,484366,41,233423.0,34,1,226490.64,219117.73,229160.4,212356.78,217470.71
127,25,1127676,2086513,839225,480663,40,217470.71,34,1,233423.0,226490.64,219117.73,229160.4,214450.14
127,26,1128092,2092578,845210,442967,41,214450.14,34,1,217470.71,233423.0,226490.64,219117.73,219226.43
127,27,1132694,2118096,844393,480941,41,219226.43,34,1,214450.14,217470.71,233423.0,226490.64,226514.05
127,28,1135476,2283730,838009,484135,41,226514.05,34,1,219226.43,214450.14,217470.71,233423.0,215612.7
127,29,1123410,2098652,930066,440939,41,215612.7,34,1,226514.05,219226.43,214450.14,217470.71,214181.78
127,30,1112589,2109628,852517,441904,37,214181.78,34,1,215612.7,226514.05,219226.43,214450.14,
128,1,1838326,1349059,1002270,365051,45,224961.01,34,1,,,,,240896.54
128,2,1959932,1512260,901050,397154,40,240896.54,34,1,224961.01,,,,225347.93
128,3,1803452,1380871,918001,395029,40,225347.93,34,1,240896.54,224961.01,,,240951.74
128,4,1963543,1478451,986819,395201,45,240951.74,34,1,225347.93,240896.54,224961.01,,233590.12
128,5,1997747,1349451,900297,364564,40,233590.12,34,1,240951.74,225347.93,240896.54,224961.01,238146.8
128,6,1984212,1361274,996515,401797,41,238146.8,34,1,233590.12,240951.74,225347.93,240896.54,231445.49
128,7,1800028,1508404,980851,394523,44,231445.49,34,1,238146.8,233590.12,240951.74,225347.93,238260.81
128,8,1964033,1479150,1007452,360932,40,238260.81,34,1,231445.49,238146.8,233590.12,240951.74,221165.33
128,9,1802927,1354846,912269,362130,45,221165.33,34,1,238260.81,231445.49,238146.8,233590.12,220296.04
128,10,1784767,1361967,897457,364944,44,220296.04,34,1,221165.33,238260.81,231445.49,238146.8,233755.97
128,11,1964461,1377266,1007782,357835,44,233755.97,34,1,220296.04,221165.33,238260.81,231445.49,223974.26
128,12,1803709,1387339,1001956,361310,40,223974.26,34,1,233755.97,220296.04,221165.33,238260.81,220498.88
128,13,1788068,1359156,914451,363031,40,220498.88,34,1,223974.26,233755.97,220296.04,221165.33,229151.98
128,14,1786382,1495310,901103,399512,40,229151.98,34,1,220498.88,223974.26,233755.97,220296.04,234738.2
128,15,1966731,1385348,1007274,363441,44,234738.2,34,1,229151.98,220498.88,223974.26,233755.97,233758.59
128,16,1822645,1515332,993343,398431,41,233758.59,34,1,234738.2,229151.98,220498.88,223974.26,229708.95
128,17,1800285,1491470,906129,396559,40,229708.95,34,1,233758.59,234738.2,229151.98,220498.88,230993.87
128,18,1824127,1512559,998062,367136,40,230993.87,34,1,229708.95,233758.59,234738.2,229151.98,230638.05
128,19,1825146,1516481,1005181,359337,44,230638.05,34,1,230993.87,229708.95,233758.59,234738.2,223054.53
128,20,1807671,1364136,983635,362354,44,223054.53,34,1,230638.05,230993.87,229708.95,233758.59,227428.76
128,21,1785307,1495136,983721,366197,40,227428.76,34,1,223054.53,230638.05,230993.87,229708.95,231933.19
128,22,1807614,1497401,994390,397116,40,231933.19,34,1,227428.76,223054.53,230638.05,230993.87,235845.57
128,23,1959370,1357733,994906,396066,44,235845.57,34,1,231933.19,227428.76,223054.53,230638.05,235658.95
128,24,1996211,1362949,1001145,363962,44,235658.95,34,1,235845.57,231933.19,227428.76,223054.53,232706.8
128,25,1813613,1500573,982012,402167,41,232706.8,34,1,235658.95,235845.57,231933.19,227428.76,232945.48
128,26,1814986,1497181,1002487,401668,40,232945.48,34,1,232706.8,235658.95,235845.57,231933.19,234373.13
128,27,1998374,1375967,904633,359714,40,234373.13,34,1,232945.48,232706.8,235658.95,235845.57,233868.35
128,28,1979804,1378080,921217,363456,44,233868.35,34,1,234373.13,232945.48,232706.8,235658.95,228424.13
128,29,1788873,1514128,998416,363182,45,228424.13,34,1,233868.35,234373.13,232945.48,232706.8,226703.99
128,30,1820557,1387607,897016,398469,44,226703.99,34,1,228424.13,233868.35,234373.13,232945.48,
129,1,1554618,1448242,931223,268815,36,200869.27,34,1,,,,,189470.64
129,2,1419886,1340233,912473,292747,35,189470.64,34,1,200869.27,,,,195098.2
129,3,1446786,1457859,856071,291569,36,195098.2,34,1,189470.64,200869.27,,,200112.76
129,4,1556830,1453985,853329,270378,33,200112.76,34,1,195098.2,189470.64,200869.27,,196382.48
129,5,1578062,1311375,930401,265812,32,196382.48,34,1,200112.76,195098.2,189470.64,200869.27,195201.82
129,6,1438871,1434153,928793,296139,36,195201.82,34,1,196382.48,200112.76,195098.2,189470.64,194243.63
129,7,1444221,1440552,838129,295230,36,194243.63,34,1,195201.82,196382.48,200112.76,195098.2,189525.79
129,8,1412718,1439946,847117,264202,36,189525.79,34,1,194243.63,195201.82,196382.48,200112.76,187039.5
129,9,1422145,1325116,913438,270996,36,187039.5,34,1,189525.79,194243.63,195201.82,196382.48,193602.01
129,10,1419104,1435121,930224,291903,32,193602.01,34,1,187039.5,189525.79,194243.63,195201.82,186913.95
129,11,1436569,1310385,918377,265170,32,186913.95,34,1,193602.01,187039.5,189525.79,194243.63,203869.08
129,12,1564367,1449501,928466,294990,36,203869.08,34,1,186913.95,193602.01,187039.5,189525.79,186040.64
129,13,1419273,1313967,921395,265706,33,186040.64,34,1,203869.08,186913.95,193602.01,187039.5,192716.03
129,14,1414659,1448949,842719,294814,33,192716.03,34,1,186040.64,203869.08,186913.95,193602.01,189477.67
129,15,1421160,1326628,923798,296154,33,189477.67,34,1,192716.03,186040.64,203869.08,186913.95,198924.81
129,16,1549211,1448703,846642,266349,33,198924.81,34,1,189477.67,192716.03,186040.64,203869.08,193779.71
129,17,1440264,1443954,835013,291921,36,193779.71,34,1,198924.81,189477.67,192716.03,186040.64,194939.08
129,18,1562872,1311645,913869,263612,33,194939.08,34,1,193779.71,198924.81,189477.67,192716.03,186457.21
129,19,1419477,1326498,923731,263944,33,186457.21,34,1,194939.08,193779.71,198924.81,189477.67,196671.97
129,20,1541221,1320932,937928,289694,36,196671.97,34,1,186457.21,194939.08,193779.71,198924.81,194947.9
129,21,1429839,1442977,931499,295237,32,194947.9,34,1,196671.97,186457.21,194939.08,193779.71,202959.49
129,22,1546511,1465176,937238,288873,36,202959.49,34,1,194947.9,196671.97,186457.21,194939.08,186530.71
129,23,1417570,1315413,925631,270919,35,186530.71,34,1,202959.49,194947.9,196671.97,186457.21,195551.06
129,24,1559231,1320203,932772,265598,36,195551.06,34,1,186530.71,202959.49,194947.9,196671.97,194065.3
129,25,1416822,1454864,934230,288793,36,194065.3,34,1,195551.06,186530.71,202959.49,194947.9,204922.99
129,26,1572410,1465021,918197,295577,33,204922.99,34,1,194065.3,195551.06,186530.71,202959.49,189640.3
129,27,1431405,1329176,925562,289091,33,189640.3,34,1,204922.99,194065.3,195551.06,186530.71,199503.5
129,28,1563184,1437131,849466,267568,36,199503.5,34,1,189640.3,204922.99,194065.3,195551.06,196664.44
129,29,1547167,1311075,937754,289943,32,196664.44,34,1,199503.5,189640.3,204922.99,194065.3,194966.07
129,30,1541004,1310561,832942,294881,35,194966.07,34,1,196664.44,199503.5,189640.3,204922.99,
130,1,1082817,1951173,955655,767025,26,236642.95,34,1,,,,,224921.57
130,2,1087007,1786076,954922,710705,26,224921.57,34,1,236642.95,,,,234861.29
130,3,1080469,1960619,876139,759076,24,234861.29,34,1,224921.57,236642.95,,,228931.54
130,4,1068776,1805802,941419,761593,24,228931.54,34,1,234861.29,224921.57,236642.95,,231577.9
130,5,1076751,1830328,941842,773759,24,231577.9,34,1,228931.54,234861.29,224921.57,236642.95,237947.76
130,6,1192311,1973960,867147,708366,26,237947.76,34,1,231577.9,228931.54,234861.29,224921.57,236641.57
130,7,1094622,1952461,854755,776321,26,236641.57,34,1,237947.76,231577.9,228931.54,234861.29,232171.5
130,8,1078938,1997669,938192,701865,24,232171.5,34,1,236641.57,237947.76,231577.9,228931.54,234281.3
130,9,1079405,1948409,866640,760801,24,234281.3,34,1,232171.5,236641.57,237947.76,231577.9,243135.2
130,10,1188930,1978232,867752,766226,26,243135.2,34,1,234281.3,232171.5,236641.57,237947.76,231626.9
130,11,1064248,2000165,945947,703814,24,231626.9,34,1,243135.2,234281.3,232171.5,236641.57,230742.82
130,12,1087907,1949661,936494,702140,24,230742.82,34,1,231626.9,243135.2,234281.3,232171.5,230147.12
130,13,1082482,1787796,945030,772909,24,230147.12,34,1,230742.82,231626.9,243135.2,234281.3,245368.01
130,14,1195501,1992589,941787,766113,24,245368.01,34,1,230147.12,230742.82,231626.9,243135.2,236438.96
130,15,1180640,1960127,855496,708563,24,236438.96,34,1,245368.01,230147.12,230742.82,231626.9,221693.47
130,16,1071074,1799539,853852,698546,26,221693.47,34,1,236438.96,245368.01,230147.12,230742.82,227573.5
130,17,1061946,1785244,933670,762383,26,227573.5,34,1,221693.47,236438.96,245368.01,230147.12,244756.41
130,18,1178820,1989962,948751,771269,24,244756.41,34,1,227573.5,221693.47,236438.96,245368.01,239145.8
130,19,1187411,1999381,954252,697510,26,239145.8,34,1,244756.41,227573.5,221693.47,236438.96,229676.09
130,20,1068338,1997280,867834,694817,26,229676.09,34,1,239145.8,244756.41,227573.5,221693.47,239890.77
130,21,1190166,1986929,949326,710463,24,239890.77,34,1,229676.09,239145.8,244756.41,227573.5,235998.55
130,22,1081068,1953363,870101,775720,24,235998.55,34,1,239890.77,229676.09,239145.8,244756.41,231212.35
130,23,1183942,1821544,864774,710780,26,231212.35,34,1,235998.55,239890.77,229676.09,239145.8,243391.61
130,24,1180730,1950522,940282,774586,26,243391.61,34,1,231212.35,235998.55,239890.77,229676.09,236101.08
130,25,1069486,1968751,861674,779582,26,236101.08,34,1,243391.61,231212.35,235998.55,239890.77,234995.0
130,26,1172407,1779808,939003,766832,24,234995.0,34,1,236101.08,243391.61,231212.35,235998.55,227990.63
130,27,1062506,1795394,856242,776018,24,227990.63,34,1,234995.0,236101.08,243391.61,231212.35,244089.12
130,28,1186755,1968876,955121,766777,26,244089.12,34,1,227990.63,234995.0,236101.08,243391.61,228956.59
130,29,1172284,1787399,861176,710630,26,228956.59,34,1,244089.12,227990.63,234995.0,236101.08,236503.56
130,30,1069065,1966347,933788,772316,26,236503.56,34,1,228956.59,244089.12,227990.63,234995.0,
131,1,1761127,1643829,1053695,350445,27,231805.62,34,1,,,,,223766.99
131,2,1747586,1509278,964887,349597,30,223766.99,34,1,231805.62,,,,218986.58
131,3,1622788,1470871,1072504,384474,30,218986.58,34,1,223766.99,231805.62,,,232515.9
131,4,1771912,1624446,1069894,356597,30,232515.9,34,1,218986.58,223766.99,231805.62,,231368.02
131,5,1743073,1652099,1056095,354298,27,231368.02,34,1,232515.9,218986.58,223766.99,231805.62,215431.48
131,6,1619075,1507886,956000,351802,30,215431.48,34,1,231368.02,232515.9,218986.58,223766.99,214363.37
131,7,1592481,1489365,1050311,350466,30,214363.37,34,1,215431.48,231368.02,232515.9,218986.58,235274.81
131,8,1766684,1636072,1069441,385644,27,235274.81,34,1,214363.37,215431.48,231368.02,232515.9,232407.53
131,9,1768137,1626831,1068951,357179,27,232407.53,34,1,235274.81,214363.37,215431.48,231368.02,232139.24
131,10,1746823,1648162,1075309,358474,29,232139.24,34,1,232407.53,235274.81,214363.37,215431.48,220714.94
131,11,1591368,1632907,1051145,355009,27,220714.94,34,1,232139.24,232407.53,235274.81,214363.37,232909.76
131,12,1761758,1630736,970669,383436,29,232909.76,34,1,220714.94,232139.24,232407.53,235274.81,226972.8
131,13,1742708,1470191,1065293,388467,29,226972.8,34,1,232909.76,220714.94,232139.24,232407.53,214364.53
131,14,1612776,1489967,971350,350008,29,214364.53,34,1,226972.8,232909.76,220714.94,232139.24,230815.6
131,15,1788222,1609658,979477,349359,29,230815.6,34,1,214364.53,226972.8,232909.76,220714.94,224427.87
131,16,1616977,1646179,955018,389144,27,224427.87,34,1,230815.6,214364.53,226972.8,232909.76,221508.37
131,17,1640347,1614134,966268,352775,29,221508.37,34,1,224427.87,230815.6,214364.53,226972.8,227623.12
131,18,1764893,1499845,958164,385514,30,227623.12,34,1,221508.37,224427.87,230815.6,214364.53,222843.63
131,19,1590592,1618866,1050641,385771,27,222843.63,34,1,227623.12,221508.37,224427.87,230815.6,224603.57
131,20,1747052,1507546,977544,357754,29,224603.57,34,1,222843.63,227623.12,221508.37,224427.87,226153.37
131,21,1755571,1484265,955602,383610,27,226153.37,34,1,224603.57,222843.63,227623.12,221508.37,228905.13
131,22,1788260,1492752,967958,384441,27,228905.13,34,1,226153.37,224603.57,222843.63,227623.12,235149.43
131,23,1775047,1623573,1069867,383955,30,235149.43,34,1,228905.13,226153.37,224603.57,222843.63,220923.37
131,24,1608338,1623944,1050348,349419,30,220923.37,34,1,235149.43,228905.13,226153.37,224603.57,228041.51
131,25,1778483,1473922,963901,391360,27,228041.51,34,1,220923.37,235149.43,228905.13,226153.37,229676.46
131,26,1754480,1626766,963120,356034,27,229676.46,34,1,228041.51,220923.37,235149.43,228905.13,235860.1
131,27,1761040,1647360,1062897,392147,30,235860.1,34,1,229676.46,228041.51,220923.37,235149.43,225390.81
131,28,1781540,1480229,962083,357176,29,225390.81,34,1,235860.1,229676.46,228041.51,220923.37,222908.45
131,29,1754725,1469393,981247,350456,27,222908.45,34,1,225390.81,235860.1,229676.46,228041.51,228172.77
131,30,1749805,1481398,1059865,392465,30,228172.77,34,1,222908.45,225390.81,235860.1,229676.46,
132,1,1515563,1442525,955069,288230,21,200239.89,34,1,,,,,195370.83
132,2,1521785,1325440,935776,287556,23,195370.83,34,1,200239.89,,,,192701.87
132,3,1370436,1450334,1040800,289705,23,192701.87,34,1,195370.83,200239.89,,,194043.54
132,4,1358126,1444750,1026220,318676,23,194043.54,34,1,192701.87,195370.83,200239.89,,191256.35
132,5,1384636,1339657,1051016,312914,21,191256.35,34,1,194043.54,192701.87,195370.83,200239.89,194863.4
132,6,1496138,1309210,1047444,287533,21,194863.4,34,1,191256.35,194043.54,192701.87,195370.83,193330.28
132,7,1491821,1324974,953375,283474,23,193330.28,34,1,194863.4,191256.35,194043.54,192701.87,192496.95
132,8,1390379,1454420,942900,289051,23,192496.95,34,1,193330.28,194863.4,191256.35,194043.54,187037.27
132,9,1395686,1323649,947976,284390,23,187037.27,34,1,192496.95,193330.28,194863.4,191256.35,191711.37
132,10,1384017,1448485,948894,286574,21,191711.37,34,1,187037.27,192496.95,193330.28,194863.4,194038.23
132,11,1504528,1318517,939390,287736,21,194038.23,34,1,191711.37,187037.27,192496.95,193330.28,188001.35
132,12,1365618,1305071,1029158,310507,21,188001.35,34,1,194038.23,191711.37,187037.27,192496.95,197855.83
132,13,1505785,1335306,953912,318734,21,197855.83,34,1,188001.35,194038.23,191711.37,187037.27,187599.35
132,14,1389770,1305066,1048083,285240,23,187599.35,34,1,197855.83,188001.35,194038.23,191711.37,198782.85
132,15,1519698,1342141,960699,314605,23,198782.85,34,1,187599.35,197855.83,188001.35,194038.23,203708.88
132,16,1515977,1445696,1031129,311063,21,203708.88,34,1,198782.85,187599.35,197855.83,188001.35,189712.45
132,17,1378659,1312880,1036083,315225,21,189712.45,34,1,203708.88,198782.85,187599.35,197855.83,201643.78
132,18,1493505,1459752,945442,313418,23,201643.78,34,1,189712.45,203708.88,198782.85,187599.35,187392.26
132,19,1360287,1315861,962250,314780,21,187392.26,34,1,201643.78,189712.45,203708.88,198782.85,199601.76
132,20,1486293,1442437,1028496,288845,23,199601.76,34,1,187392.26,201643.78,189712.45,203708.88,204367.9
132,21,1523952,1446236,1038481,311048,21,204367.9,34,1,199601.76,187392.26,201643.78,189712.45,186509.36
132,22,1383753,1327377,951712,284704,23,186509.36,34,1,204367.9,199601.76,187392.26,201643.78,184906.14
132,23,1372116,1305190,960882,283904,23,184906.14,34,1,186509.36,204367.9,199601.76,187392.26,200097.66
132,24,1508444,1441763,962098,290839,23,200097.66,34,1,184906.14,186509.36,204367.9,199601.76,187306.11
132,25,1389422,1341035,938320,285577,21,187306.11,34,1,200097.66,184906.14,186509.36,204367.9,198037.13
132,26,1496731,1435615,941906,282943,21,198037.13,34,1,187306.11,200097.66,184906.14,186509.36,188836.28
132,27,1373740,1308933,1039293,310287,23,188836.28,34,1,198037.13,187306.11,200097.66,184906.14,197885.98
132,28,1504097,1307515,1043405,316850,21,197885.98,34,1,188836.28,198037.13,187306.11,200097.66,200157.56
132,29,1519399,1342746,1029673,317212,21,200157.56,34,1,197885.98,188836.28,198037.13,187306.11,203522.68
132,30,1496595,1462272,1028073,315800,23,203522.68,34,1,200157.56,197885.98,188836.28,198037.13,
133,1,1862462,1652919,951016,774181,40,275282.03,34,1,,,,,265319.43
133,2,1898393,1516806,959947,699351,41,265319.43,34,1,275282.03,,,,265057.4
133,3,1888514,1515508,967960,702687,41,265057.4,34,1,265319.43,275282.03,,,260418.63
133,4,1692874,1544115,971477,777961,44,260418.63,34,1,265057.4,265319.43,275282.03,,269269.6
133,5,1854583,1543658,956437,762828,45,269269.6,34,1,260418.63,265057.4,265319.43,275282.03,266677.66
133,6,1707115,1675415,976644,775323,44,266677.66,34,1,269269.6,260418.63,265057.4,265319.43,262099.82
133,7,1732657,1513172,1050311,767980,45,262099.82,34,1,266677.66,269269.6,260418.63,265057.4,273940.42
133,8,1891550,1678444,1042175,709947,41,273940.42,34,1,262099.82,266677.66,269269.6,260418.63,275839.24
133,9,1853706,1649541,1069099,766688,44,275839.24,34,1,273940.42,262099.82,266677.66,269269.6,266168.85
133,10,1727461,1653389,972896,765956,40,266168.85,34,1,275839.24,273940.42,262099.82,266677.66,268624.11
133,11,1734088,1673054,1064620,762575,45,268624.11,34,1,266168.85,275839.24,273940.42,262099.82,265129.82
133,12,1868100,1519270,1040147,703261,40,265129.82,34,1,268624.11,266168.85,275839.24,273940.42,255241.71
133,13,1726208,1516286,957907,711976,41,255241.71,34,1,265129.82,268624.11,266168.85,275839.24,261551.77
133,14,1734277,1668890,957576,705467,41,261551.77,34,1,255241.71,265129.82,268624.11,266168.85,265042.42
133,15,1693004,1685536,967170,764374,40,265042.42,34,1,261551.77,255241.71,265129.82,268624.11,260060.09
133,16,1715030,1666632,974999,700631,41,260060.09,34,1,265042.42,261551.77,255241.71,265129.82,273860.43
133,17,1885840,1687560,1063286,705090,41,273860.43,34,1,260060.09,265042.42,261551.77,255241.71,272542.27
133,18,1902496,1503738,1041834,767618,44,272542.27,34,1,273860.43,260060.09,265042.42,261551.77,269075.84
133,19,1849442,1541083,954169,765987,41,269075.84,34,1,272542.27,273860.43,260060.09,265042.42,274420.39
133,20,1851859,1651020,956434,772139,41,274420.39,34,1,269075.84,272542.27,273860.43,260060.09,253403.61
133,21,1706523,1526440,950678,702354,41,253403.61,34,1,274420.39,269075.84,272542.27,273860.43,263570.5
133,22,1863656,1518276,964381,703437,40,263570.5,34,1,253403.61,274420.39,269075.84,272542.27,269829.01
133,23,1872383,1511604,975878,767557,41,269829.01,34,1,263570.5,253403.61,274420.39,269075.84,268656.02
133,24,1849642,1671859,958398,699797,41,268656.02,34,1,269829.01,263570.5,253403.61,274420.39,256007.67
133,25,1699087,1539206,1063656,710057,44,256007.67,34,1,268656.02,269829.01,263570.5,253403.61,278683.48
133,26,1878432,1678750,1052342,769968,45,278683.48,34,1,256007.67,268656.02,269829.01,263570.5,277299.01
133,27,1869343,1673473,1042085,765465,45,277299.01,34,1,278683.48,256007.67,268656.02,269829.01,271789.08
133,28,1875280,1522448,1064561,766012,44,271789.08,34,1,277299.01,278683.48,256007.67,268656.02,277555.92
133,29,1874740,1652352,1061649,770664,41,277555.92,34,1,271789.08,277299.01,278683.48,256007.67,257277.62
133,30,1740433,1509964,1062428,708204,41,257277.62,34,1,277555.92,271789.08,277299.01,278683.48,
134,1,1286479,2166504,1131077,288755,12,218595.83,34,1,,,,,209162.05
134,2,1292622,1935853,1126126,287553,12,209162.05,34,1,218595.83,,,,221018.67
134,3,1297202,2153243,1123283,315481,12,221018.67,34,1,209162.05,218595.83,,,202646.83
134,4,1162909,1954395,1032080,317091,11,202646.83,34,1,221018.67,209162.05,218595.83,,209811.13
134,5,1294735,1946002,1149009,284357,11,209811.13,34,1,202646.83,221018.67,209162.05,218595.83,207934.68
134,6,1281908,1961061,1035437,286491,12,207934.68,34,1,209811.13,202646.83,221018.67,209162.05,208763.32
134,7,1153180,2135291,1146861,287128,12,208763.32,34,1,207934.68,209811.13,202646.83,221018.67,210517.53
134,8,1153508,2125963,1144765,311051,11,210517.53,34,1,208763.32,207934.68,209811.13,202646.83,203492.58
134,9,1180400,1953352,1035140,313823,11,203492.58,34,1,210517.53,208763.32,207934.68,209811.13,202764.33
134,10,1164316,1957138,1021321,318071,12,202764.33,34,1,203492.58,210517.53,208763.32,207934.68,210416.22
134,11,1278157,1937867,1119111,312203,11,210416.22,34,1,202764.33,203492.58,210517.53,208763.32,199844.54
134,12,1173791,1927123,1031921,290866,12,199844.54,34,1,210416.22,202764.33,203492.58,210517.53,218206.18
134,13,1272911,2131412,1117900,312855,12,218206.18,34,1,199844.54,210416.22,202764.33,203492.58,211462.13
134,14,1276440,1960834,1138410,310869,12,211462.13,34,1,218206.18,199844.54,210416.22,202764.33,203803.79
134,15,1171764,1974358,1030847,314525,12,203803.79,34,1,211462.13,218206.18,199844.54,210416.22,212383.63
134,16,1286338,1956895,1134612,316491,12,212383.63,34,1,203803.79,211462.13,218206.18,199844.54,211912.8
134,17,1177283,2116595,1137031,315185,12,211912.8,34,1,212383.63,203803.79,211462.13,218206.18,208762.28
134,18,1265282,1949548,1048040,310657,12,208762.28,34,1,211912.8,212383.63,203803.79,211462.13,218179.63
134,19,1282251,2149917,1041504,311196,12,218179.63,34,1,208762.28,211912.8,212383.63,203803.79,217310.94
134,20,1297113,2125571,1136348,284879,11,217310.94,34,1,218179.63,208762.28,211912.8,212383.63,203826.08
134,21,1179465,1967145,1043857,310209,12,203826.08,34,1,217310.94,218179.63,208762.28,211912.8,214761.28
134,22,1292117,2112903,1037759,284041,12,214761.28,34,1,203826.08,217310.94,218179.63,208762.28,211965.32
134,23,1170504,2167768,1022842,317736,11,211965.32,34,1,214761.28,203826.08,217310.94,218179.63,211609.13
134,24,1169176,2166082,1031625,313920,12,211609.13,34,1,211965.32,214761.28,203826.08,217310.94,210947.45
134,25,1185464,2127282,1036424,311988,11,210947.45,34,1,211609.13,211965.32,214761.28,203826.08,212570.93
134,26,1285198,1977039,1127671,311315,12,212570.93,34,1,210947.45,211609.13,211965.32,214761.28,202702.37
134,27,1153682,1950461,1119511,310223,12,202702.37,34,1,212570.93,210947.45,211609.13,211965.32,214883.08
134,28,1284958,2112550,1045838,289228,12,214883.08,34,1,202702.37,212570.93,210947.45,211609.13,218425.83
134,29,1283772,2155919,1146116,290982,11,218425.83,34,1,214883.08,202702.37,212570.93,210947.45,209914.48
134,30,1295785,1932457,1022221,314138,12,209914.48,34,1,218425.83,214883.08,202702.37,212570.93,
135,1,1492474,2153671,972785,727662,28,268394.1,34,1,,,,,266450.13
135,2,1496239,2147138,896592,720322,25,266450.13,34,1,268394.1,,,,264583.55
135,3,1465716,1987820,970038,782021,28,264583.55,34,1,266450.13,268394.1,,,265196.18
135,4,1504148,1970562,889593,783858,26,265196.18,34,1,264583.55,266450.13,268394.1,,256079.39
135,5,1371588,1935150,900708,792431,28,256079.39,34,1,265196.18,264583.55,266450.13,268394.1,264452.33
135,6,1358113,2143501,889738,800379,28,264452.33,34,1,256079.39,265196.18,264583.55,266450.13,258091.19
135,7,1337954,2142347,984977,727511,25,258091.19,34,1,264452.33,256079.39,265196.18,264583.55,247805.81
135,8,1355971,1935576,887100,714198,28,247805.81,34,1,258091.19,264452.33,256079.39,265196.18,266666.09
135,9,1375050,2165616,902851,800115,25,266666.09,34,1,247805.81,258091.19,264452.33,256079.39,257586.65
135,10,1364956,2120583,902556,727618,28,257586.65,34,1,266666.09,247805.81,258091.19,264452.33,264035.62
135,11,1345329,2172600,884978,792330,25,264035.62,34,1,257586.65,266666.09,247805.81,258091.19,266286.83
135,12,1502405,1947103,987225,790281,26,266286.83,34,1,264035.62,257586.65,266666.09,247805.81,263251.85
135,13,1343252,2122166,991933,789012,26,263251.85,34,1,266286.83,264035.62,257586.65,266666.09,264600.62
135,14,1476328,1958201,993871,783968,28,264600.62,34,1,263251.85,266286.83,264035.62,257586.65,265547.29
135,15,1486135,2131555,905526,723164,28,265547.29,34,1,264600.62,263251.85,266286.83,264035.62,272172.34
135,16,1474836,2140076,905357,800830,26,272172.34,34,1,265547.29,264600.62,263251.85,266286.83,254736.64
135,17,1349924,1941917,908892,788487,26,254736.64,34,1,272172.34,265547.29,264600.62,263251.85,267142.17
135,18,1376540,2156912,972598,795642,26,267142.17,34,1,254736.64,272172.34,265547.29,264600.62,266458.93
135,19,1470356,1992921,984358,794506,28,266458.93,34,1,267142.17,254736.64,272172.34,265547.29,261606.0
135,20,1341945,2120873,904097,788310,28,261606.0,34,1,266458.93,267142.17,254736.64,272172.34,251207.53
135,21,1364740,1961514,986938,715392,28,251207.53,34,1,261606.0,266458.93,267142.17,254736.64,260126.39
135,22,1355003,2176827,983095,722183,26,260126.39,34,1,251207.53,261606.0,266458.93,267142.17,265369.47
135,23,1485545,1966057,893574,800513,26,265369.47,34,1,260126.39,251207.53,261606.0,266458.93,266373.1
135,24,1472608,2125420,974549,732305,28,266373.1,34,1,265369.47,260126.39,251207.53,261606.0,260246.8
135,25,1369731,2167961,896045,732912,25,260246.8,34,1,266373.1,265369.47,260126.39,251207.53,257135.58
135,26,1373442,1946623,890574,799339,28,257135.58,34,1,260246.8,266373.1,265369.47,260126.39,258160.07
135,27,1340093,2153475,993179,720084,25,258160.07,34,1,257135.58,260246.8,266373.1,265369.47,258825.58
135,28,1351852,2165906,974308,716688,26,258825.58,34,1,258160.07,257135.58,260246.8,266373.1,264762.94
135,29,1470657,2136755,912801,721859,25,264762.94,34,1,258825.58,258160.07,257135.58,260246.8,274499.91
135,30,1491883,2156380,976413,793876,26,274499.91,34,1,264762.94,258825.58,258160.07,257135.58,
136,1,1407300,1759473,688305,285504,4,201838.6,34,1,,,,,194942.85
136,2,1408249,1599597,682788,283474,4,194942.85,34,1,201838.6,,,,193619.06
136,3,1376081,1603465,692602,288334,4,193619.06,34,1,194942.85,201838.6,,,192131.81
136,4,1394490,1577625,753879,259419,4,192131.81,34,1,193619.06,194942.85,201838.6,,202995.22
136,5,1524264,1589237,741548,283467,4,202995.22,34,1,192131.81,193619.06,194942.85,201838.6,199807.46
136,6,1383520,1765903,747486,266305,4,199807.46,34,1,202995.22,192131.81,193619.06,194942.85,208290.48
136,7,1500493,1742456,741915,288178,4,208290.48,34,1,199807.46,202995.22,192131.81,193619.06,204637.82
136,8,1524414,1612628,761830,287033,4,204637.82,34,1,208290.48,199807.46,202995.22,192131.81,196637.63
136,9,1405313,1601299,761320,289272,4,196637.63,34,1,204637.82,208290.48,199807.46,202995.22,208346.76
136,10,1526431,1725396,691069,287336,4,208346.76,34,1,196637.63,204637.82,208290.48,199807.46,206645.29
136,11,1539169,1728958,677650,260109,4,206645.29,34,1,208346.76,196637.63,204637.82,208290.48,208524.4
136,12,1526909,1720814,694926,290383,4,208524.4,34,1,206645.29,208346.76,196637.63,204637.82,205590.54
136,13,1497503,1762672,689571,260560,4,205590.54,34,1,208524.4,206645.29,208346.76,196637.63,199382.86
136,14,1386845,1755798,752298,263014,4,199382.86,34,1,205590.54,208524.4,206645.29,208346.76,205112.2
136,15,1509032,1728488,687087,263268,4,205112.2,34,1,199382.86,205590.54,208524.4,206645.29,197308.3
136,16,1372367,1733173,748272,261638,4,197308.3,34,1,205112.2,199382.86,205590.54,208524.4,206798.43
136,17,1496882,1735062,695404,286135,4,206798.43,34,1,197308.3,205112.2,199382.86,205590.54,207596.34
136,18,1511445,1764381,756530,259782,4,207596.34,34,1,206798.43,197308.3,205112.2,199382.86,190300.14
136,19,1375493,1587301,688333,260226,4,190300.14,34,1,207596.34,206798.43,197308.3,205112.2,207522.43
136,20,1534342,1740861,687908,265917,4,207522.43,34,1,190300.14,207596.34,206798.43,197308.3,198152.93
136,21,1366893,1764742,759208,258311,4,198152.93,34,1,207522.43,190300.14,207596.34,206798.43,201333.56
136,22,1397192,1743109,746341,284175,4,201333.56,34,1,198152.93,207522.43,190300.14,207596.34,190313.37
136,23,1381917,1572652,677482,264524,4,190313.37,34,1,201333.56,198152.93,207522.43,190300.14,193559.89
136,24,1382114,1597180,689750,286775,4,193559.89,34,1,190313.37,201333.56,198152.93,207522.43,209187.28
136,25,1536084,1758415,751967,263311,4,209187.28,34,1,193559.89,190313.37,201333.56,198152.93,203273.07
136,26,1516348,1587187,760165,289794,4,203273.07,34,1,209187.28,193559.89,190313.37,201333.56,209182.55
136,27,1503855,1756860,760497,285589,4,209182.55,34,1,203273.07,209187.28,193559.89,190313.37,201749.88
136,28,1398497,1764007,678133,290600,4,201749.88,34,1,209182.55,203273.07,209187.28,193559.89,209594.74
136,29,1540272,1739570,677863,287063,4,209594.74,34,1,201749.88,209182.55,203273.07,209187.28,198626.28
136,30,1400383,1737816,692458,264138,4,198626.28,34,1,209594.74,201749.88,209182.55,203273.07,
137,1,1241451,1316767,834435,419792,27,187097.08,34,1,,,,,200166.71
137,2,1378639,1417051,838366,418903,30,200166.71,34,1,187097.08,,,,200428.57
137,3,1368705,1413182,912177,417289,27,200428.57,34,1,200166.71,187097.08,,,184229.88
137,4,1243985,1309090,913504,375323,27,184229.88,34,1,200428.57,200166.71,187097.08,,196399.09
137,5,1350198,1425062,920458,378890,30,196399.09,34,1,184229.88,200428.57,200166.71,187097.08,193524.45
137,6,1269000,1428335,831955,419996,27,193524.45,34,1,196399.09,184229.88,200428.57,200166.71,196210.06
137,7,1386607,1300081,851403,421151,27,196210.06,34,1,193524.45,196399.09,184229.88,200428.57,197718.99
137,8,1384422,1324225,932052,413557,29,197718.99,34,1,196210.06,193524.45,196399.09,184229.88,190193.22
137,9,1233159,1409210,838450,416496,30,190193.22,34,1,197718.99,196210.06,193524.45,196399.09,185486.58
137,10,1259145,1311666,914395,377001,30,185486.58,34,1,190193.22,197718.99,196210.06,193524.45,201052.35
137,11,1376385,1419576,919017,414475,27,201052.35,34,1,185486.58,190193.22,197718.99,196210.06,194648.31
137,12,1362216,1313239,857524,414147,29,194648.31,34,1,201052.35,185486.58,190193.22,197718.99,185788.06
137,13,1248418,1291811,835563,411628,30,185788.06,34,1,194648.31,201052.35,185486.58,190193.22,184138.59
137,14,1253350,1310134,836724,381092,27,184138.59,34,1,185788.06,194648.31,201052.35,185486.58,199809.82
137,15,1362112,1437339,851324,415062,27,199809.82,34,1,184138.59,185788.06,194648.31,201052.35,189873.19
137,16,1245737,1408705,933920,386739,29,189873.19,34,1,199809.82,184138.59,185788.06,194648.31,186518.16
137,17,1237980,1307701,838463,419333,29,186518.16,34,1,189873.19,199809.82,184138.59,185788.06,196152.34
137,18,1380798,1321446,855329,414067,27,196152.34,34,1,186518.16,189873.19,199809.82,184138.59,201878.11
137,19,1384623,1422814,923100,415461,30,201878.11,34,1,196152.34,186518.16,189873.19,199809.82,200776.19
137,20,1358172,1427910,911066,422087,29,200776.19,34,1,201878.11,196152.34,186518.16,189873.19,186350.65
137,21,1269277,1315283,911933,378076,27,186350.65,34,1,200776.19,201878.11,196152.34,186518.16,202169.03
137,22,1387420,1445708,840327,421157,27,202169.03,34,1,186350.65,200776.19,201878.11,196152.34,186395.43
137,23,1249277,1285208,853705,417503,27,186395.43,34,1,202169.03,186350.65,200776.19,201878.11,184526.99
137,24,1233600,1319213,922458,379757,27,184526.99,34,1,186395.43,202169.03,186350.65,200776.19,195705.02
137,25,1358603,1432084,846888,375313,27,195705.02,34,1,184526.99,186395.43,202169.03,186350.65,198344.18
137,26,1361607,1446460,932690,380109,30,198344.18,34,1,195705.02,184526.99,186395.43,202169.03,190576.99
137,27,1242049,1417835,831920,411554,30,190576.99,34,1,198344.18,195705.02,184526.99,186395.43,200903.6
137,28,1385500,1432246,844935,413903,29,200903.6,34,1,190576.99,198344.18,195705.02,184526.99,193735.91
137,29,1364243,1323229,921432,386291,30,193735.91,34,1,200903.6,190576.99,198344.18,195705.02,194836.64
137,30,1378948,1297857,847178,413224,30,194836.64,34,1,193735.91,200903.6,190576.99,198344.18,
138,1,1525003,2157024,819058,373840,4,236203.48,34,1,,,,,231533.33
138,2,1492067,1994821,898036,406519,4,231533.33,34,1,236203.48,,,,227941.86
138,3,1493333,1972658,890959,377349,4,227941.86,34,1,231533.33,236203.48,,,226718.67
138,4,1387047,2144209,819611,373664,4,226718.67,34,1,227941.86,231533.33,236203.48,,232789.91
138,5,1397343,2161770,886415,413266,4,232789.91,34,1,226718.67,227941.86,231533.33,236203.48,240854.28
138,6,1530027,2149249,890361,412405,4,240854.28,34,1,232789.91,226718.67,227941.86,231533.33,229737.19
138,7,1388115,2143000,816656,407466,4,229737.19,34,1,240854.28,232789.91,226718.67,227941.86,218164.66
138,8,1370327,1966010,829369,371655,4,218164.66,34,1,229737.19,240854.28,232789.91,226718.67,238766.98
138,9,1506458,2169283,827384,408394,4,238766.98,34,1,218164.66,229737.19,240854.28,232789.91,240612.04
138,10,1531858,2146756,893343,409015,4,240612.04,34,1,238766.98,218164.66,229737.19,240854.28,223668.27
138,11,1389487,1970795,891083,405442,4,223668.27,34,1,240612.04,238766.98,218164.66,229737.19,230301.72
138,12,1359914,2180954,819305,415919,4,230301.72,34,1,223668.27,240612.04,238766.98,218164.66,229577.04
138,13,1386754,2141909,812427,407945,4,229577.04,34,1,230301.72,223668.27,240612.04,238766.98,233404.24
138,14,1526703,1966463,907438,413801,4,233404.24,34,1,229577.04,230301.72,223668.27,240612.04,229444.9
138,15,1365184,2132121,894007,411649,4,229444.9,34,1,233404.24,229577.04,230301.72,223668.27,241336.35
138,16,1531382,2173988,886899,405940,4,241336.35,34,1,229444.9,233404.24,229577.04,230301.72,230202.7
138,17,1528394,1959042,907694,380479,4,230202.7,34,1,241336.35,229444.9,233404.24,229577.04,228953.14
138,18,1520042,1965352,905118,370171,4,228953.14,34,1,230202.7,241336.35,229444.9,233404.24,232302.65
138,19,1497911,1991439,889955,413890,4,232302.65,34,1,228953.14,230202.7,241336.35,229444.9,230264.53
138,20,1502825,1961567,826965,413088,4,230264.53,34,1,232302.65,228953.14,230202.7,241336.35,230216.79
138,21,1490207,1952842,903070,411799,4,230216.79,34,1,230264.53,232302.65,228953.14,230202.7,230666.57
138,22,1395634,2135461,816221,415941,4,230666.57,34,1,230216.79,230264.53,232302.65,228953.14,235675.02
138,23,1498134,2156111,911550,370855,4,235675.02,34,1,230666.57,230216.79,230264.53,232302.65,227176.39
138,24,1364096,2148410,890887,380295,4,227176.39,34,1,235675.02,230666.57,230216.79,230264.53,224644.56
138,25,1400534,1952564,898666,415396,4,224644.56,34,1,227176.39,235675.02,230666.57,230216.79,230900.14
138,26,1378779,2151571,906262,406764,4,230900.14,34,1,224644.56,227176.39,235675.02,230666.57,237136.81
138,27,1530003,2179916,819217,369955,4,237136.81,34,1,230900.14,224644.56,227176.39,235675.02,227365.1
138,28,1366078,2168479,893625,371161,4,227365.1,34,1,237136.81,230900.14,224644.56,227176.39,218854.37
138,29,1392203,1939708,822531,377018,4,218854.37,34,1,227365.1,237136.81,230900.14,224644.56,231931.57
138,30,1524280,1942019,899384,412012,4,231931.57,34,1,218854.37,227365.1,237136.81,230900.14,
139,1,1235806,1295246,846263,822960,3,222382.51,34,1,,,,,227189.01
139,2,1241183,1434335,784988,819088,3,227189.01,34,1,222382.51,,,,219985.05
139,3,1232126,1292277,776109,813187,2,219985.05,34,1,227189.01,222382.51,,,222104.37
139,4,1252145,1287839,783581,822992,3,222104.37,34,1,219985.05,227189.01,222382.51,,212906.21
139,5,1141808,1405020,851459,733612,3,212906.21,34,1,222104.37,219985.05,227189.01,222382.51,218692.47
139,6,1126410,1411390,846309,806827,2,218692.47,34,1,212906.21,222104.37,219985.05,227189.01,211691.59
139,7,1126942,1427741,779168,733476,2,211691.59,34,1,218692.47,212906.21,222104.37,219985.05,215388.05
139,8,1129534,1310770,851384,813656,3,215388.05,34,1,211691.59,218692.47,212906.21,222104.37,213635.49
139,9,1142861,1413087,780234,750186,3,213635.49,34,1,215388.05,211691.59,218692.47,212906.21,221362.18
139,10,1144326,1435331,792383,822284,3,221362.18,34,1,213635.49,215388.05,211691.59,218692.47,209707.34
139,11,1152058,1320680,774909,743824,3,209707.34,34,1,221362.18,213635.49,215388.05,211691.59,220478.26
139,12,1127957,1441009,860353,809227,2,220478.26,34,1,209707.34,221362.18,213635.49,215388.05,221725.04
139,13,1145111,1443361,868143,808212,2,221725.04,34,1,220478.26,209707.34,221362.18,213635.49,222057.39
139,14,1242616,1305615,773616,822898,2,222057.39,34,1,221725.04,220478.26,209707.34,221362.18,228205.2
139,15,1231981,1439990,848468,822778,2,228205.2,34,1,222057.39,221725.04,220478.26,209707.34,218083.19
139,16,1121745,1410159,781806,815753,2,218083.19,34,1,228205.2,222057.39,221725.04,220478.26,221675.62
139,17,1258120,1310524,771278,805672,2,221675.62,34,1,218083.19,228205.2,222057.39,221725.04,222028.34
139,18,1253128,1435987,845151,741546,3,222028.34,34,1,221675.62,218083.19,228205.2,222057.39,219502.15
139,19,1232607,1410913,846533,739655,3,219502.15,34,1,222028.34,221675.62,218083.19,228205.2,219802.31
139,20,1128510,1435537,854504,804937,2,219802.31,34,1,219502.15,222028.34,221675.62,218083.19,220720.07
139,21,1132983,1439451,779071,823835,2,220720.07,34,1,219802.31,219502.15,222028.34,221675.62,213648.65
139,22,1138027,1286728,789302,810726,3,213648.65,34,1,220720.07,219802.31,219502.15,222028.34,219558.92
139,23,1152466,1418005,772847,808032,2,219558.92,34,1,213648.65,220720.07,219802.31,219502.15,212734.49
139,24,1146625,1407613,777446,740537,2,212734.49,34,1,219558.92,213648.65,220720.07,219802.31,214981.62
139,25,1230574,1311796,775602,749867,2,214981.62,34,1,212734.49,219558.92,213648.65,220720.07,213082.76
139,26,1131025,1409247,794692,751710,2,213082.76,34,1,214981.62,212734.49,219558.92,213648.65,208691.95
139,27,1152879,1286963,793204,744269,3,208691.95,34,1,213082.76,214981.62,212734.49,219558.92,228321.57
139,28,1260467,1411533,854051,815766,3,228321.57,34,1,208691.95,213082.76,214981.62,212734.49,215724.49
139,29,1247004,1299084,783500,750748,2,215724.49,34,1,228321.57,208691.95,213082.76,214981.62,208576.18
139,30,1150424,1281894,776163,750206,3,208576.18,34,1,215724.49,228321.57,208691.95,213082.76,
140,1,1446581,1583166,1021746,750469,29,244431.68,34,1,,,,,244146.54
140,2,1469561,1580855,917098,750938,29,244146.54,34,1,244431.68,,,,237690.48
140,3,1462161,1580347,917805,684772,32,237690.48,34,1,244146.54,244431.68,,,247742.23
140,4,1434071,1743948,923925,739468,32,247742.23,34,1,237690.48,244146.54,244431.68,,241922.16
140,5,1330169,1734641,1025079,735491,29,241922.16,34,1,247742.23,237690.48,244146.54,244431.68,228079.34
140,6,1320913,1581391,936642,675804,32,228079.34,34,1,241922.16,247742.23,237690.48,244146.54,247782.9
140,7,1432610,1702482,1025606,741656,31,247782.9,34,1,228079.34,241922.16,247742.23,237690.48,246168.52
140,8,1433443,1722454,917522,733604,29,246168.52,34,1,247782.9,228079.34,241922.16,247742.23,236577.5
140,9,1463047,1585172,918131,669502,29,236577.5,34,1,246168.52,247782.9,228079.34,241922.16,235841.51
140,10,1319725,1716604,1014260,685906,29,235841.51,34,1,236577.5,246168.52,247782.9,228079.34,236592.33
140,11,1339821,1574511,1009316,746552,31,236592.33,34,1,235841.51,236577.5,246168.52,247782.9,242956.96
140,12,1443011,1744593,911842,681889,29,242956.96,34,1,236592.33,235841.51,236577.5,246168.52,241034.59
140,13,1310309,1746100,1018863,735741,32,241034.59,34,1,242956.96,236592.33,235841.51,236577.5,235377.01
140,14,1458282,1554631,936817,670366,29,235377.01,34,1,241034.59,242956.96,236592.33,235841.51,243114.54
140,15,1470534,1575478,914920,741681,32,243114.54,34,1,235377.01,241034.59,242956.96,236592.33,245737.52
140,16,1450911,1746176,1023559,685940,32,245737.52,34,1,243114.54,235377.01,241034.59,242956.96,241954.88
140,17,1315550,1730367,1009957,751095,32,241954.88,34,1,245737.52,243114.54,235377.01,241034.59,249747.96
140,18,1439802,1744271,1022747,739429,29,249747.96,34,1,241954.88,245737.52,243114.54,235377.01,242968.16
140,19,1436346,1598281,1010439,736652,29,242968.16,34,1,249747.96,241954.88,245737.52,243114.54,230031.74
140,20,1347916,1579986,920969,681557,29,230031.74,34,1,242968.16,249747.96,241954.88,245737.52,237764.41
140,21,1456847,1587351,1014110,668613,29,237764.41,34,1,230031.74,242968.16,249747.96,241954.88,237874.35
140,22,1442702,1598900,998077,677568,29,237874.35,34,1,237764.41,230031.74,242968.16,249747.96,241383.12
140,23,1436962,1734081,925431,671177,32,241383.12,34,1,237874.35,237764.41,230031.74,242968.16,241972.13
140,24,1336228,1742283,936379,744313,32,241972.13,34,1,241383.12,237874.35,237764.41,230031.74,236167.99
140,25,1312600,1593564,1022683,750146,29,236167.99,34,1,241972.13,241383.12,237874.35,237764.41,242663.51
140,26,1437039,1723514,1006638,675414,32,242663.51,34,1,236167.99,241972.13,241383.12,237874.35,234924.96
140,27,1330088,1734318,915113,678153,32,234924.96,34,1,242663.51,236167.99,241972.13,241383.12,226897.12
140,28,1323042,1556042,936062,673021,32,226897.12,34,1,234924.96,242663.51,236167.99,241972.13,240267.54
140,29,1321520,1709614,935774,751237,32,240267.54,34,1,226897.12,234924.96,242663.51,236167.99,239832.46
140,30,1321063,1732200,933950,736604,32,239832.46,34,1,240267.54,226897.12,234924.96,242663.51,
141,1,1551868,1933191,930029,412803,51,233931.54,34,1,,,,,231985.11
141,2,1540385,1890692,938572,417623,46,231985.11,34,1,233931.54,,,,229343.31
141,3,1556739,1771081,1018608,417422,52,229343.31,34,1,231985.11,233931.54,,,226617.66
141,4,1407255,1903516,941119,447377,52,226617.66,34,1,229343.31,231985.11,233931.54,,228076.01
141,5,1431260,1937884,1020081,415977,46,228076.01,34,1,226617.66,229343.31,231985.11,233931.54,235719.37
141,6,1567837,1909373,1012683,417123,51,235719.37,34,1,228076.01,226617.66,229343.31,231985.11,235803.45
141,7,1569282,1941231,918750,419379,46,235803.45,34,1,235719.37,228076.01,226617.66,229343.31,229593.94
141,8,1428400,1892031,1005973,458684,51,229593.94,34,1,235803.45,235719.37,228076.01,226617.66,222353.41
141,9,1423718,1758762,927743,457805,47,222353.41,34,1,229593.94,235803.45,235719.37,228076.01,226958.82
141,10,1413193,1892770,932802,453392,50,226958.82,34,1,222353.41,229593.94,235803.45,235719.37,229054.9
141,11,1423553,1935115,916540,452521,52,229054.9,34,1,226958.82,222353.41,229593.94,235803.45,233445.92
141,12,1563688,1892947,927778,417993,47,233445.92,34,1,229054.9,226958.82,222353.41,229593.94,228950.56
141,13,1538126,1749600,924313,453593,51,228950.56,34,1,233445.92,229054.9,226958.82,222353.41,223315.31
141,14,1419377,1754289,1016985,457391,51,223315.31,34,1,228950.56,233445.92,229054.9,226958.82,235202.73
141,15,1555344,1921673,1003440,416357,51,235202.73,34,1,223315.31,228950.56,233445.92,229054.9,219114.38
141,16,1412767,1774650,937714,420578,47,219114.38,34,1,235202.73,223315.31,228950.56,233445.92,232310.87
141,17,1573814,1733529,1008255,457357,46,232310.87,34,1,219114.38,235202.73,223315.31,228950.56,232625.55
141,18,1579101,1774966,928333,452401,51,232625.55,34,1,232310.87,219114.38,235202.73,223315.31,233409.4
141,19,1546677,1905444,1010372,408959,52,233409.4,34,1,232625.55,232310.87,219114.38,235202.73,233924.18
141,20,1553709,1898649,1008278,413147,50,233924.18,34,1,233409.4,232625.55,232310.87,219114.38,225468.93
141,21,1540372,1722838,1016961,408896,46,225468.93,34,1,233924.18,233409.4,232625.55,232310.87,221578.26
141,22,1412150,1765402,939543,452290,51,221578.26,34,1,225468.93,233924.18,233409.4,232625.55,226050.8
141,23,1542762,1750403,926882,417272,47,226050.8,34,1,221578.26,225468.93,233924.18,233409.4,218720.4
141,24,1410714,1769963,932694,420774,46,218720.4,34,1,226050.8,221578.26,225468.93,233924.18,230686.75
141,25,1537796,1750393,1029259,453590,46,230686.75,34,1,218720.4,226050.8,221578.26,225468.93,218328.02
141,26,1403808,1752555,1022553,413069,51,218328.02,34,1,230686.75,218720.4,226050.8,221578.26,229832.15
141,27,1438330,1916851,940973,454532,51,229832.15,34,1,218328.02,230686.75,218720.4,226050.8,223057.01
141,28,1409607,1759284,1024243,457916,47,223057.01,34,1,229832.15,218328.02,230686.75,218720.4,228998.09
141,29,1552647,1725318,926018,454628,51,228998.09,34,1,223057.01,229832.15,218328.02,230686.75,240007.26
141,30,1579092,1935050,929356,459872,47,240007.26,34,1,228998.09,223057.01,229832.15,218328.02,
142,1,1249564,1445820,971434,507857,27,203212.25,34,1,,,,,204898.68
142,2,1246165,1445733,1049771,514760,27,204898.68,34,1,203212.25,,,,199639.12
142,3,1161973,1453483,1078085,508195,30,199639.12,34,1,204898.68,203212.25,,,196951.98
142,4,1146895,1444746,970881,512830,29,196951.98,34,1,199639.12,204898.68,203212.25,,190035.13
142,5,1157384,1318270,1058311,471282,30,190035.13,34,1,196951.98,199639.12,204898.68,203212.25,203323.6
142,6,1254412,1430294,985601,510219,29,203323.6,34,1,190035.13,196951.98,199639.12,204898.68,189436.52
142,7,1139248,1321564,1056051,476566,29,189436.52,34,1,203323.6,190035.13,196951.98,199639.12,196728.47
142,8,1154484,1416960,970656,517818,29,196728.47,34,1,189436.52,203323.6,190035.13,196951.98,200222.99
142,9,1246841,1449431,970091,475239,27,200222.99,34,1,196728.47,189436.52,203323.6,190035.13,188319.92
142,10,1149393,1319828,957191,475719,29,188319.92,34,1,200222.99,196728.47,189436.52,203323.6,194057.23
142,11,1159465,1319020,1072526,511450,27,194057.23,34,1,188319.92,200222.99,196728.47,189436.52,199196.53
142,12,1259966,1318402,978508,513624,29,199196.53,34,1,194057.23,188319.92,200222.99,196728.47,187558.05
142,13,1131731,1311243,1065917,464124,30,187558.05,34,1,199196.53,194057.23,188319.92,200222.99,199634.38
142,14,1266540,1302829,1055080,507013,30,199634.38,34,1,187558.05,199196.53,194057.23,188319.92,192374.75
142,15,1137429,1442562,983353,467621,27,192374.75,34,1,199634.38,187558.05,199196.53,194057.23,192699.23
142,16,1138593,1432477,983908,474956,27,192699.23,34,1,192374.75,199634.38,187558.05,199196.53,191703.03
142,17,1150865,1317721,978918,509193,27,191703.03,34,1,192699.23,192374.75,199634.38,187558.05,192189.18
142,18,1140164,1318319,1050902,508873,29,192189.18,34,1,191703.03,192699.23,192374.75,199634.38,192203.55
142,19,1160605,1303090,967276,516644,29,192203.55,34,1,192189.18,191703.03,192699.23,192374.75,192781.27
142,20,1140107,1416111,1066880,467236,29,192781.27,34,1,192203.55,192189.18,191703.03,192699.23,205860.12
142,21,1256593,1443743,1070680,515034,29,205860.12,34,1,192781.27,192203.55,192189.18,191703.03,193941.83
142,22,1247152,1309105,980132,468584,27,193941.83,34,1,205860.12,192781.27,192203.55,192189.18,198393.83
142,23,1249659,1308185,956577,520864,30,198393.83,34,1,193941.83,205860.12,192781.27,192203.55,186747.26
142,24,1136884,1317000,978778,464650,27,186747.26,34,1,198393.83,193941.83,205860.12,192781.27,201842.02
142,25,1252674,1448386,1068622,471522,27,201842.02,34,1,186747.26,198393.83,193941.83,205860.12,201917.07
142,26,1272407,1313493,1070260,520401,27,201917.07,34,1,201842.02,186747.26,198393.83,193941.83,193854.1
142,27,1163440,1437784,959991,471800,29,193854.1,34,1,201917.07,201842.02,186747.26,198393.83,202674.28
142,28,1266941,1436053,1076702,474740,27,202674.28,34,1,193854.1,201917.07,201842.02,186747.26,196992.4
142,29,1256432,1324372,1057865,474489,30,196992.4,34,1,202674.28,193854.1,201917.07,201842.02,198855.1
142,30,1238785,1432021,966102,474659,27,198855.1,34,1,196992.4,202674.28,193854.1,201917.07,
143,1,1330067,1634517,1001118,583406,48,223622.63,34,1,,,,,236958.66
143,2,1443230,1608401,1076065,648389,48,236958.66,34,1,223622.63,,,,235335.87
143,3,1338018,1757151,1085090,635419,48,235335.87,34,1,236958.66,223622.63,,,235703.97
143,4,1320918,1792418,1000598,650851,44,235703.97,34,1,235335.87,236958.66,223622.63,,224179.52
143,5,1334947,1619406,1080497,578608,48,224179.52,34,1,235703.97,235335.87,236958.66,223622.63,224418.9
143,6,1338885,1647567,981994,583333,49,224418.9,34,1,224179.52,235703.97,235335.87,236958.66,233791.36
143,7,1314868,1780633,999628,639630,45,233791.36,34,1,224418.9,224179.52,235703.97,235335.87,232049.08
143,8,1307512,1760120,1006041,633939,44,232049.08,34,1,233791.36,224418.9,224179.52,235703.97,242489.55
143,9,1453990,1772822,976481,643920,49,242489.55,34,1,232049.08,233791.36,224418.9,224179.52,241459.68
143,10,1443484,1764530,978933,643455,44,241459.68,34,1,242489.55,232049.08,233791.36,224418.9,226135.04
143,11,1323975,1647086,1083563,594788,48,226135.04,34,1,241459.68,242489.55,232049.08,233791.36,231907.85
143,12,1345003,1792779,984896,594142,44,231907.85,34,1,226135.04,241459.68,242489.55,232049.08,223988.63
143,13,1335046,1628229,995359,587849,49,223988.63,34,1,231907.85,226135.04,241459.68,242489.55,222151.04
143,14,1326357,1618947,995285,578041,44,222151.04,34,1,223988.63,231907.85,226135.04,241459.68,223892.4
143,15,1320959,1612634,1077968,589077,49,223892.4,34,1,222151.04,223988.63,231907.85,226135.04,239150.6
143,16,1448307,1771524,1091718,590576,49,239150.6,34,1,223892.4,222151.04,223988.63,231907.85,235454.6
143,17,1325173,1770625,1073296,641876,45,235454.6,34,1,239150.6,223892.4,222151.04,223988.63,244047.55
143,18,1472947,1757704,1080396,635642,44,244047.55,34,1,235454.6,239150.6,223892.4,222151.04,236822.41
143,19,1438635,1642157,987090,650757,45,236822.41,34,1,244047.55,235454.6,239150.6,223892.4,223317.66
143,20,1313756,1600030,1077174,593875,44,223317.66,34,1,236822.41,244047.55,235454.6,239150.6,226947.54
143,21,1342276,1646200,1070627,593411,49,226947.54,34,1,223317.66,236822.41,244047.55,235454.6,238755.5
143,22,1443738,1796993,1087163,578510,44,238755.5,34,1,226947.54,223317.66,236822.41,244047.55,240038.88
143,23,1461839,1649905,1093162,646813,48,240038.88,34,1,238755.5,226947.54,223317.66,236822.41,235223.05
143,24,1322390,1763371,1089102,641790,45,235223.05,34,1,240038.88,238755.5,226947.54,223317.66,237517.5
143,25,1457441,1608954,1092514,641122,44,237517.5,34,1,235223.05,240038.88,238755.5,226947.54,242888.17
143,26,1462750,1773634,1001593,637091,48,242888.17,34,1,237517.5,235223.05,240038.88,238755.5,224675.7
143,27,1339512,1623726,994413,594524,44,224675.7,34,1,242888.17,237517.5,235223.05,240038.88,232240.58
143,28,1334211,1800102,1098059,581565,44,232240.58,34,1,224675.7,242888.17,237517.5,235223.05,233932.86
143,29,1462991,1614058,1088060,595831,44,233932.86,34,1,232240.58,224675.7,242888.17,237517.5,236110.88
143,30,1435191,1601812,1099634,643523,49,236110.88,34,1,233932.86,232240.58,224675.7,242888.17,
144,1,1340693,1544258,881713,360629,1,198478.58,34,1,,,,,197346.67
144,2,1470363,1413864,819695,326626,1,197346.67,34,1,198478.58,,,,198083.56
144,3,1349283,1550581,812153,359824,1,198083.56,34,1,197346.67,198478.58,,,208958.93
144,4,1480386,1584617,897078,354926,1,208958.93,34,1,198083.56,197346.67,198478.58,,191807.17
144,5,1351041,1437440,885738,327997,1,191807.17,34,1,208958.93,198083.56,197346.67,198478.58,191333.73
144,6,1329656,1405718,820673,364683,1,191333.73,34,1,191807.17,208958.93,198083.56,197346.67,194762.33
144,7,1346115,1554591,809954,323816,1,194762.33,34,1,191333.73,191807.17,208958.93,198083.56,191756.95
144,8,1318575,1446643,802120,361752,1,191756.95,34,1,194762.33,191333.73,191807.17,208958.93,197141.34
144,9,1353622,1575687,823031,332637,1,197141.34,34,1,191756.95,194762.33,191333.73,191807.17,199420.6
144,10,1343520,1563330,888021,359052,1,199420.6,34,1,197141.34,191756.95,194762.33,191333.73,191797.86
144,11,1335978,1415874,820414,360625,1,191797.86,34,1,199420.6,197141.34,191756.95,194762.33,200915.27
144,12,1446731,1437020,899879,357831,1,200915.27,34,1,191797.86,199420.6,197141.34,191756.95,191058.43
144,13,1318361,1428757,826187,358064,1,191058.43,34,1,200915.27,191797.86,199420.6,197141.34,199425.04
144,14,1340895,1567974,888253,358793,1,199425.04,34,1,191058.43,200915.27,191797.86,199420.6,197930.76
144,15,1353005,1581171,903445,324633,1,197930.76,34,1,199425.04,191058.43,200915.27,191797.86,207405.67
144,16,1480359,1573424,804845,359724,1,207405.67,34,1,197930.76,199425.04,191058.43,200915.27,196571.27
144,17,1343642,1581358,811688,332928,1,196571.27,34,1,207405.67,197930.76,199425.04,191058.43,196228.74
144,18,1356449,1540483,893903,323885,1,196228.74,34,1,196571.27,207405.67,197930.76,199425.04,200501.76
144,19,1348732,1584405,890046,357156,1,200501.76,34,1,196228.74,196571.27,207405.67,197930.76,203732.12
144,20,1453332,1559212,882691,330813,1,203732.12,34,1,200501.76,196228.74,196571.27,207405.67,192648.16
144,21,1341897,1425920,823944,360499,1,192648.16,34,1,203732.12,200501.76,196228.74,196571.27,190951.06
144,22,1326352,1438755,903406,332419,1,190951.06,34,1,192648.16,203732.12,200501.76,196228.74,196903.59
144,23,1318712,1570989,822126,357435,1,196903.59,34,1,190951.06,192648.16,203732.12,200501.76,191998.53
144,24,1359017,1432017,898810,324517,1,191998.53,34,1,196903.59,190951.06,192648.16,203732.12,195963.08
144,25,1448360,1420166,807959,326317,1,195963.08,34,1,191998.53,196903.59,190951.06,192648.16,203248.95
144,26,1457451,1550656,891155,324918,1,203248.95,34,1,195963.08,191998.53,196903.59,190951.06,196039.74
144,27,1346492,1564435,813631,332476,1,196039.74,34,1,203248.95,195963.08,191998.53,196903.59,196507.54
144,28,1463725,1409103,806976,326618,1,196507.54,34,1,196039.74,203248.95,195963.08,191998.53,191808.31
144,29,1336388,1410306,825753,362054,1,191808.31,34,1,196507.54,196039.74,203248.95,195963.08,191683.95
144,30,1337600,1446555,897100,329995,1,191683.95,34,1,191808.31,196507.54,196039.74,203248.95,
145,1,1550283,1811175,902874,211429,46,210120.22,34,1,,,,,218366.98
145,2,1673801,1825426,896247,208692,49,218366.98,34,1,210120.22,,,,219011.51
145,3,1682296,1820578,887016,213663,49,219011.51,34,1,218366.98,210120.22,,,205062.11
145,4,1544621,1653897,892984,234116,49,205062.11,34,1,219011.51,218366.98,210120.22,,202690.44
145,5,1517061,1678901,899629,214825,49,202690.44,34,1,205062.11,219011.51,218366.98,210120.22,214171.58
145,6,1696347,1636046,900260,233026,45,214171.58,34,1,202690.44,205062.11,219011.51,218366.98,216406.33
145,7,1662240,1793804,895134,210122,49,216406.33,34,1,214171.58,202690.44,205062.11,219011.51,208184.04
145,8,1512531,1802887,829952,234225,49,208184.04,34,1,216406.33,214171.58,202690.44,205062.11,208636.76
145,9,1524298,1815071,900372,212308,45,208636.76,34,1,208184.04,216406.33,214171.58,202690.44,202920.22
145,10,1519599,1680425,810784,231038,49,202920.22,34,1,208636.76,208184.04,216406.33,214171.58,203121.48
145,11,1542068,1641379,816839,234121,45,203121.48,34,1,202920.22,208636.76,208184.04,216406.33,204547.46
145,12,1557337,1661058,817113,229781,49,204547.46,34,1,203121.48,202920.22,208636.76,208184.04,208080.12
145,13,1531091,1822087,810147,214447,46,208080.12,34,1,204547.46,203121.48,202920.22,208636.76,219276.71
145,14,1699310,1831916,827422,209988,45,219276.71,34,1,208080.12,204547.46,203121.48,202920.22,211169.59
145,15,1541206,1801717,901631,234201,45,211169.59,34,1,219276.71,208080.12,204547.46,203121.48,216834.07
145,16,1655961,1832918,822035,214579,44,216834.07,34,1,211169.59,219276.71,208080.12,204547.46,213389.48
145,17,1700805,1663715,885031,211100,45,213389.48,34,1,216834.07,211169.59,219276.71,208080.12,211721.49
145,18,1667907,1655101,811336,233677,45,211721.49,34,1,213389.48,216834.07,211169.59,219276.71,212096.73
145,19,1690771,1677572,812487,210773,49,212096.73,34,1,211721.49,213389.48,216834.07,211169.59,209387.05
145,20,1549055,1800182,892109,211240,46,209387.05,34,1,212096.73,211721.49,213389.48,216834.07,216544.68
145,21,1662659,1829655,810852,210099,50,216544.68,34,1,209387.05,212096.73,211721.49,213389.48,216372.27
145,22,1672296,1806937,825212,209175,49,216372.27,34,1,216544.68,209387.05,212096.73,211721.49,205415.01
145,23,1530729,1684654,894870,233413,49,205415.01,34,1,216372.27,216544.68,209387.05,212096.73,217401.03
145,24,1664381,1840393,824466,210899,49,217401.03,34,1,205415.01,216372.27,216544.68,209387.05,210112.71
145,25,1525405,1808529,885029,233701,50,210112.71,34,1,217401.03,205415.01,216372.27,216544.68,201088.81
145,26,1516518,1645655,813507,228570,46,201088.81,34,1,210112.71,217401.03,205415.01,216372.27,220176.55
145,27,1692374,1829305,895549,213737,49,220176.55,34,1,201088.81,210112.71,217401.03,205415.01,210932.32
145,28,1554002,1820852,809987,230209,45,210932.32,34,1,220176.55,201088.81,210112.71,217401.03,204635.85
145,29,1523806,1677290,903637,231570,45,204635.85,34,1,210932.32,220176.55,201088.81,210112.71,208977.2
145,30,1518003,1838050,901808,209694,45,208977.2,34,1,204635.85,210932.32,220176.55,201088.81,
146,1,1765568,2006037,798471,309370,30,239335.49,34,1,,,,,236831.03
146,2,1732738,2028553,730885,307082,28,236831.03,34,1,239335.49,,,,235821.04
146,3,1747627,1987787,725109,305131,28,235821.04,34,1,236831.03,239335.49,,,239668.67
146,4,1727638,2016727,800846,334937,31,239668.67,34,1,235821.04,236831.03,239335.49,,237537.34
146,5,1739966,2004860,790802,309775,31,237537.34,34,1,239668.67,235821.04,236831.03,239335.49,239238.37
146,6,1724276,2027330,725879,341337,28,239238.37,34,1,237537.34,239668.67,235821.04,236831.03,222596.78
146,7,1615668,1817708,718791,333331,28,222596.78,34,1,239238.37,237537.34,239668.67,235821.04,229586.52
146,8,1602254,2031680,791852,307970,31,229586.52,34,1,222596.78,239238.37,237537.34,239668.67,238041.95
146,9,1751658,2008729,797282,303996,28,238041.95,34,1,229586.52,222596.78,239238.37,237537.34,233727.03
146,10,1761230,1852779,730312,333764,31,233727.03,34,1,238041.95,229586.52,222596.78,239238.37,230245.96
146,11,1609686,2031796,781460,311781,31,230245.96,34,1,233727.03,238041.95,229586.52,222596.78,222588.62
146,12,1585319,1848542,725347,339562,31,222588.62,34,1,230245.96,233727.03,238041.95,229586.52,230279.74
146,13,1728630,1810149,729254,338924,31,230279.74,34,1,222588.62,230245.96,233727.03,238041.95,237971.13
146,14,1750517,1994639,800887,309901,31,237971.13,34,1,230279.74,222588.62,230245.96,233727.03,227276.43
146,15,1613516,1988808,727566,305856,28,227276.43,34,1,237971.13,230279.74,222588.62,230245.96,233814.67
146,16,1739642,1855989,789718,337939,28,233814.67,34,1,227276.43,237971.13,230279.74,222588.62,226895.37
146,17,1726772,1808168,726102,304229,28,226895.37,34,1,233814.67,227276.43,237971.13,230279.74,222272.92
146,18,1588268,1830320,732371,341112,28,222272.92,34,1,226895.37,233814.67,227276.43,237971.13,223248.7
146,19,1596539,1814514,795099,341879,28,223248.7,34,1,222272.92,226895.37,233814.67,227276.43,228055.1
146,20,1596116,2000717,784536,311091,28,228055.1,34,1,223248.7,222272.92,226895.37,233814.67,229728.99
146,21,1733456,1827150,781465,311950,31,229728.99,34,1,228055.1,223248.7,222272.92,226895.37,236339.82
146,22,1729835,1999547,782068,307837,28,236339.82,34,1,229728.99,228055.1,223248.7,222272.92,228164.42
146,23,1573059,1997369,729324,340492,28,228164.42,34,1,236339.82,229728.99,228055.1,223248.7,239667.73
146,24,1746136,2016255,716020,337317,28,239667.73,34,1,228164.42,236339.82,229728.99,228055.1,239113.21
146,25,1726517,2015029,781809,333845,28,239113.21,34,1,239667.73,228164.42,236339.82,229728.99,225654.64
146,26,1572160,1979567,791964,310138,31,225654.64,34,1,239113.21,239667.73,228164.42,236339.82,238632.48
146,27,1745756,1993709,712280,337241,30,238632.48,34,1,225654.64,239113.21,239667.73,228164.42,219647.79
146,28,1599846,1819077,714177,312210,28,219647.79,34,1,238632.48,225654.64,239113.21,239667.73,220419.9
146,29,1605556,1829309,713194,312101,30,220419.9,34,1,219647.79,238632.48,225654.64,239113.21,241718.85
146,30,1764365,2027347,730837,339112,31,241718.85,34,1,220419.9,219647.79,238632.48,225654.64,
147,1,1241655,1928459,1011124,795009,34,249425.86,34,1,,,,,256522.92
147,2,1262609,1922424,912155,879482,34,256522.92,34,1,249425.86,,,,251258.77
147,3,1141528,2103127,994576,809346,37,251258.77,34,1,256522.92,249425.86,,,258555.49
147,4,1129834,2129489,1020738,881671,37,258555.49,34,1,251258.77,256522.92,249425.86,,250851.22
147,5,1155549,1914187,1005250,880389,34,250851.22,34,1,258555.49,251258.77,256522.92,249425.86,263438.99
147,6,1245628,2099589,925013,883908,34,263438.99,34,1,250851.22,258555.49,251258.77,256522.92,257777.25
147,7,1254740,1943597,934814,885096,38,257777.25,34,1,263438.99,250851.22,258555.49,251258.77,247253.23
147,8,1256278,1899564,921497,790136,37,247253.23,34,1,257777.25,263438.99,250851.22,258555.49,255650.47
147,9,1143274,2106239,924778,868069,37,255650.47,34,1,247253.23,257777.25,263438.99,250851.22,250845.88
147,10,1150427,1910528,998181,886992,37,250845.88,34,1,255650.47,247253.23,257777.25,263438.99,252009.92
147,11,1152822,2109399,1007139,804360,37,252009.92,34,1,250845.88,255650.47,247253.23,257777.25,260549.94
147,12,1164820,2118510,1001781,887189,34,260549.94,34,1,252009.92,250845.88,255650.47,247253.23,247613.38
147,13,1148756,1892883,907590,877047,34,247613.38,34,1,260549.94,252009.92,250845.88,255650.47,264352.21
147,14,1251480,2115964,995376,869407,37,264352.21,34,1,247613.38,260549.94,252009.92,250845.88,243748.71
147,15,1147523,1934279,996022,799771,34,243748.71,34,1,264352.21,247613.38,260549.94,252009.92,244121.13
147,16,1148752,1944913,1001644,797059,37,244121.13,34,1,243748.71,264352.21,247613.38,260549.94,257418.36
147,17,1250904,2115478,920589,806794,37,257418.36,34,1,244121.13,243748.71,264352.21,247613.38,259057.07
147,18,1130673,2130800,1005027,888886,37,259057.07,34,1,257418.36,244121.13,243748.71,264352.21,249083.52
147,19,1143858,2081754,932914,804703,34,249083.52,34,1,259057.07,257418.36,244121.13,243748.71,265163.68
147,20,1270351,2132215,920701,870921,37,265163.68,34,1,249083.52,259057.07,257418.36,244121.13,250913.83
147,21,1130307,2129497,1005968,799286,37,250913.83,34,1,265163.68,249083.52,259057.07,257418.36,242544.21
147,22,1137901,1930387,1008935,792781,34,242544.21,34,1,250913.83,265163.68,249083.52,259057.07,258892.01
147,23,1271975,1937987,995612,876592,34,258892.01,34,1,242544.21,250913.83,265163.68,249083.52,250659.54
147,24,1143316,1935479,1013404,875696,37,250659.54,34,1,258892.01,242544.21,250913.83,265163.68,241371.74
147,25,1138571,1899350,1006228,794175,37,241371.74,34,1,250659.54,258892.01,242544.21,250913.83,262844.79
147,26,1271735,2083812,922090,866401,34,262844.79,34,1,241371.74,250659.54,258892.01,242544.21,247928.7
147,27,1243356,1906942,912372,805157,37,247928.7,34,1,262844.79,241371.74,250659.54,258892.01,259211.04
147,28,1139244,2132010,1005954,883707,34,259211.04,34,1,247928.7,262844.79,241371.74,250659.54,258588.62
147,29,1269133,2122999,908871,805322,34,258588.62,34,1,259211.04,247928.7,262844.79,241371.74,249728.85
147,30,1147846,1916394,1006014,872318,34,249728.85,34,1,258588.62,259211.04,247928.7,262844.79,
148,1,1522303,1276633,1052504,892419,6,249830.19,34,1,,,,,251925.06
148,2,1550665,1415571,1051133,831109,6,251925.06,34,1,249830.19,,,,247934.6
148,3,1542338,1400966,954893,817160,6,247934.6,34,1,251925.06,249830.19,,,249941.83
148,4,1552196,1411534,953738,827642,7,249941.83,34,1,247934.6,251925.06,249830.19,,251670.64
148,5,1542314,1420067,1053048,831857,6,251670.64,34,1,249941.83,247934.6,251925.06,249830.19,243150.8
148,6,1538570,1271429,1039060,811525,7,243150.8,34,1,251670.64,249941.83,247934.6,251925.06,241285.08
148,7,1406777,1423597,1051541,812752,7,241285.08,34,1,243150.8,251670.64,249941.83,247934.6,240506.6
148,8,1416752,1420657,967759,813586,7,240506.6,34,1,241285.08,243150.8,251670.64,249941.83,241724.1
148,9,1386243,1279969,1041219,900838,7,241724.1,34,1,240506.6,241285.08,243150.8,251670.64,239992.51
148,10,1408990,1411322,948650,821275,7,239992.51,34,1,241724.1,240506.6,241285.08,243150.8,240090.5
148,11,1387563,1275403,968933,897069,7,240090.5,34,1,239992.51,241724.1,240506.6,241285.08,248925.89
148,12,1515036,1294245,957479,896772,7,248925.89,34,1,240090.5,239992.51,241724.1,240506.6,254338.92
148,13,1519729,1393826,1037588,892659,6,254338.92,34,1,248925.89,240090.5,239992.51,241724.1,248120.92
148,14,1420546,1402451,1047358,889220,6,248120.92,34,1,254338.92,248925.89,240090.5,239992.51,246736.88
148,15,1386821,1403905,1053638,896293,7,246736.88,34,1,248120.92,254338.92,248925.89,240090.5,245981.67
148,16,1385316,1402625,951567,908202,6,245981.67,34,1,246736.88,248120.92,254338.92,248925.89,243571.81
148,17,1539747,1292711,966175,818770,6,243571.81,34,1,245981.67,246736.88,248120.92,254338.92,256484.36
148,18,1545172,1392605,1054184,895702,6,256484.36,34,1,243571.81,245981.67,246736.88,248120.92,246669.36
148,19,1553395,1300203,1062633,822251,6,246669.36,34,1,256484.36,243571.81,245981.67,246736.88,240690.28
148,20,1390245,1279608,949810,903330,6,240690.28,34,1,246669.36,256484.36,243571.81,245981.67,236829.69
148,21,1384520,1388657,967298,810899,7,236829.69,34,1,240690.28,246669.36,256484.36,243571.81,246811.7
148,22,1403802,1402542,948299,904753,6,246811.7,34,1,236829.69,240690.28,246669.36,256484.36,242067.77
148,23,1406865,1281149,1048958,887869,7,242067.77,34,1,246811.7,236829.69,240690.28,246669.36,248700.49
148,24,1520167,1398815,1033086,828331,6,248700.49,34,1,242067.77,246811.7,236829.69,240690.28,252859.77
148,25,1535249,1288319,1060711,909793,7,252859.77,34,1,248700.49,242067.77,246811.7,236829.69,247424.67
148,26,1509849,1419521,946369,827810,6,247424.67,34,1,252859.77,248700.49,242067.77,246811.7,242261.73
148,27,1514090,1291557,964925,823447,6,242261.73,34,1,247424.67,252859.77,248700.49,242067.77,237277.68
148,28,1380291,1397541,963888,815411,6,237277.68,34,1,242261.73,247424.67,252859.77,248700.49,250029.2
148,29,1542968,1269846,956086,900495,6,250029.2,34,1,237277.68,242261.73,247424.67,252859.77,233150.02
148,30,1394908,1280754,954086,815057,7,233150.02,34,1,250029.2,237277.68,242261.73,247424.67,
149,1,1542095,2001260,1000067,286408,35,225894.27,34,1,,,,,209451.57
149,2,1401276,1797760,1073768,286198,32,209451.57,34,1,225894.27,,,,212417.75
149,3,1417049,1835067,1089523,287586,32,212417.75,34,1,209451.57,225894.27,,,218826.44
149,4,1550097,1792991,1080701,284128,35,218826.44,34,1,212417.75,209451.57,225894.27,,218385.31
149,5,1530359,1803795,1073075,289808,33,218385.31,34,1,218826.44,212417.75,209451.57,225894.27,219832.25
149,6,1402738,1985671,1082489,311554,35,219832.25,34,1,218385.31,218826.44,212417.75,209451.57,221634.35
149,7,1560991,1834927,1093703,285624,35,221634.35,34,1,219832.25,218385.31,218826.44,212417.75,226304.53
149,8,1528620,1975271,1003347,312090,36,226304.53,34,1,221634.35,219832.25,218385.31,218826.44,210083.88
149,9,1390839,1789512,999728,318027,35,210083.88,34,1,226304.53,221634.35,219832.25,218385.31,222110.75
149,10,1557878,1806494,1070618,310532,35,222110.75,34,1,210083.88,226304.53,221634.35,219832.25,208978.48
149,11,1398424,1813025,996091,290082,35,208978.48,34,1,222110.75,210083.88,226304.53,221634.35,211372.85
149,12,1429825,1795162,1087436,285691,35,211372.85,34,1,208978.48,222110.75,210083.88,226304.53,222479.23
149,13,1562034,1827210,982971,318008,33,222479.23,34,1,211372.85,208978.48,222110.75,210083.88,216956.53
149,14,1418961,1976574,990419,289007,35,216956.53,34,1,222479.23,211372.85,208978.48,222110.75,226032.08
149,15,1528162,1969191,997008,313376,33,226032.08,34,1,216956.53,222479.23,211372.85,208978.48,219249.08
149,16,1547351,1833517,982702,289867,35,219249.08,34,1,226032.08,216956.53,222479.23,211372.85,217922.07
149,17,1556377,1803257,975126,284073,35,217922.07,34,1,219249.08,226032.08,216956.53,222479.23,219869.63
149,18,1561276,1791058,1079420,288790,35,219869.63,34,1,217922.07,219249.08,226032.08,216956.53,215908.04
149,19,1402468,1989034,978253,285676,36,215908.04,34,1,219869.63,217922.07,219249.08,226032.08,215192.94
149,20,1431723,1831997,1067362,313269,36,215192.94,34,1,215908.04,219869.63,217922.07,219249.08,218695.91
149,21,1537857,1801420,1068111,289866,35,218695.91,34,1,215192.94,215908.04,219869.63,217922.07,229193.45
149,22,1555767,1966863,1080114,314515,36,229193.45,34,1,218695.91,215192.94,215908.04,219869.63,213034.87
149,23,1434337,1802927,995165,314098,35,213034.87,34,1,229193.45,218695.91,215192.94,215908.04,225438.65
149,24,1541500,1955223,1098270,285226,32,225438.65,34,1,213034.87,229193.45,218695.91,215192.94,219210.76
149,25,1549782,1836159,982544,286503,32,219210.76,34,1,225438.65,213034.87,229193.45,218695.91,225968.64
149,26,1548161,1961859,1081599,286278,32,225968.64,34,1,219210.76,225438.65,213034.87,229193.45,216433.87
149,27,1414058,1979139,982976,286902,36,216433.87,34,1,225968.64,219210.76,225438.65,213034.87,214036.95
149,28,1407655,1833731,1083530,314004,32,214036.95,34,1,216433.87,225968.64,219210.76,225438.65,212430.32
149,29,1407219,1823984,988515,318341,32,212430.32,34,1,214036.95,216433.87,225968.64,219210.76,221692.53
149,30,1527069,1836574,1068842,314423,32,221692.53,34,1,212430.32,214036.95,216433.87,225968.64,
150,1,1268249,1611015,931540,285006,43,190577.65,34,1,,,,,208596.69
150,2,1387728,1761253,1005500,315805,46,208596.69,34,1,190577.65,,,,193597.78
150,3,1260946,1596168,1016398,315158,42,193597.78,34,1,208596.69,190577.65,,,198499.66
150,4,1381665,1624921,941427,283077,47,198499.66,34,1,193597.78,208596.69,190577.65,,207261.65
150,5,1384733,1772052,921205,313520,42,207261.65,34,1,198499.66,193597.78,208596.69,190577.65,196614.22
150,6,1377430,1591889,929266,282743,47,196614.22,34,1,207261.65,198499.66,193597.78,208596.69,198683.28
150,7,1267508,1771420,1022113,284552,43,198683.28,34,1,196614.22,207261.65,198499.66,193597.78,203408.33
150,8,1372100,1748956,942360,286717,46,203408.33,34,1,198683.28,196614.22,207261.65,198499.66,191213.15
150,9,1266174,1590955,1019882,286740,42,191213.15,34,1,203408.33,198683.28,196614.22,207261.65,199704.62
150,10,1265519,1744935,1027018,308684,47,199704.62,34,1,191213.15,203408.33,198683.28,196614.22,204881.33
150,11,1385838,1764078,926393,289077,46,204881.33,34,1,199704.62,191213.15,203408.33,198683.28,208006.88
150,12,1387042,1757391,1009407,310836,46,208006.88,34,1,204881.33,199704.62,191213.15,203408.33,190345.43
150,13,1261248,1613043,934937,285905,42,190345.43,34,1,208006.88,204881.33,199704.62,191213.15,191881.23
150,14,1263699,1611331,1006861,288850,46,191881.23,34,1,190345.43,208006.88,204881.33,199704.62,194567.29
150,15,1271088,1618187,1021826,307416,47,194567.29,34,1,191881.23,190345.43,208006.88,204881.33,197566.74
150,16,1359498,1633111,932331,286528,46,197566.74,34,1,194567.29,191881.23,190345.43,208006.88,206572.89
150,17,1381539,1754164,924392,315884,46,206572.89,34,1,197566.74,194567.29,191881.23,190345.43,197409.59
150,18,1384591,1600852,938690,280548,43,197409.59,34,1,206572.89,197566.74,194567.29,191881.23,201543.74
150,19,1376316,1607197,1026260,313427,47,201543.74,34,1,197409.59,206572.89,197566.74,194567.29,201286.61
150,20,1391259,1614441,932548,313566,43,201286.61,34,1,201543.74,197409.59,206572.89,197566.74,199652.49
150,21,1250544,1765268,1010382,312482,43,199652.49,34,1,201286.61,201543.74,197409.59,206572.89,198239.81
150,22,1277551,1752438,1017851,281992,43,198239.81,34,1,199652.49,201286.61,201543.74,197409.59,195603.4
150,23,1248318,1760025,935469,285265,47,195603.4,34,1,198239.81,199652.49,201286.61,201543.74,201233.72
150,24,1377823,1636883,925955,313437,42,201233.72,34,1,195603.4,198239.81,199652.49,201286.61,190172.99
150,25,1249905,1598873,1005698,285815,42,190172.99,34,1,201233.72,195603.4,198239.81,199652.49,207584.65
150,26,1381343,1752595,1004739,313323,47,207584.65,34,1,190172.99,201233.72,195603.4,198239.81,202665.43
150,27,1395146,1600992,1023859,315650,43,202665.43,34,1,207584.65,190172.99,201233.72,195603.4,190197.97
150,28,1267097,1608297,936674,281944,46,190197.97,34,1,202665.43,207584.65,190172.99,201233.72,197704.44
150,29,1357520,1598673,1026471,288283,43,197704.44,34,1,190197.97,202665.43,207584.65,190172.99,207148.05
150,30,1370511,1754332,1017865,313076,42,207148.05,34,1,197704.44,190197.97,202665.43,207584.65,
151,1,1501383,1404813,760530,308511,34,196376.61,34,1,,,,,193699.93
151,2,1387779,1543945,693880,308140,34,193699.93,34,1,196376.61,,,,190561.23
151,3,1377044,1400482,758895,335698,37,190561.23,34,1,193699.93,196376.61,,,191528.02
151,4,1378559,1430146,767616,329989,37,191528.02,34,1,190561.23,193699.93,196376.61,,194835.29
151,5,1408577,1554776,697083,300171,38,194835.29,34,1,191528.02,190561.23,193699.93,196376.61,192878.24
151,6,1384998,1539159,691736,303637,34,192878.24,34,1,194835.29,191528.02,190561.23,193699.93,192503.26
151,7,1394923,1411462,772241,336859,37,192503.26,34,1,192878.24,194835.29,191528.02,190561.23,201221.6
151,8,1502696,1531517,768286,301144,34,201221.6,34,1,192503.26,192878.24,194835.29,191528.02,188461.83
151,9,1368963,1436081,769689,299762,34,188461.83,34,1,201221.6,192503.26,192878.24,194835.29,202686.86
151,10,1531264,1538877,700299,305840,34,202686.86,34,1,188461.83,201221.6,192503.26,192878.24,199771.08
151,11,1524386,1397332,765606,332154,38,199771.08,34,1,202686.86,188461.83,201221.6,192503.26,194518.78
151,12,1408305,1540373,692769,304325,34,194518.78,34,1,199771.08,202686.86,188461.83,201221.6,201501.81
151,13,1509532,1530941,760835,300959,37,201501.81,34,1,194518.78,199771.08,202686.86,188461.83,190371.83
151,14,1379466,1406229,764727,328130,37,190371.83,34,1,201501.81,194518.78,199771.08,202686.86,201857.89
151,15,1515033,1553819,701843,301101,38,201857.89,34,1,190371.83,201501.81,194518.78,199771.08,189816.22
151,16,1372661,1419881,686215,334844,37,189816.22,34,1,201857.89,190371.83,201501.81,194518.78,193159.63
151,17,1376632,1564366,693166,300825,34,193159.63,34,1,189816.22,201857.89,190371.83,201501.81,195228.45
151,18,1384900,1531369,691574,333408,34,195228.45,34,1,193159.63,189816.22,201857.89,190371.83,189194.32
151,19,1375350,1410117,693278,329254,37,189194.32,34,1,195228.45,193159.63,189816.22,201857.89,187488.51
151,20,1378253,1410358,700146,306889,37,187488.51,34,1,189194.32,195228.45,193159.63,189816.22,187437.99
151,21,1371194,1433574,691116,302287,37,187437.99,34,1,187488.51,189194.32,195228.45,193159.63,195432.29
151,22,1508854,1415040,695061,299860,37,195432.29,34,1,187437.99,187488.51,189194.32,195228.45,196153.65
151,23,1382133,1531088,763704,332632,38,196153.65,34,1,195432.29,187437.99,187488.51,189194.32,205387.11
151,24,1514870,1540400,756427,336623,37,205387.11,34,1,196153.65,195432.29,187437.99,187488.51,188944.04
151,25,1400434,1402501,752304,301220,37,188944.04,34,1,205387.11,196153.65,195432.29,187437.99,198355.63
151,26,1503516,1412412,706329,335280,34,198355.63,34,1,188944.04,205387.11,196153.65,195432.29,193405.04
151,27,1374810,1531504,756766,308491,37,193405.04,34,1,198355.63,188944.04,205387.11,196153.65,194639.41
151,28,1379162,1562286,762424,303750,37,194639.41,34,1,193405.04,198355.63,188944.04,205387.11,207845.63
151,29,1536238,1562195,771885,335605,37,207845.63,34,1,194639.41,193405.04,198355.63,188944.04,189954.79
151,30,1379959,1414688,702202,330632,34,189954.79,34,1,207845.63,194639.41,193405.04,198355.63,
152,1,1083529,1640703,844932,703378,31,216150.52,34,1,,,,,225559.14
152,2,1154911,1630306,841645,761820,29,225559.14,34,1,216150.52,,,,208462.75
152,3,1075078,1474085,930104,685914,32,208462.75,34,1,225559.14,216150.52,,,218000.14
152,4,1166290,1596561,841466,685495,32,218000.14,34,1,208462.75,225559.14,216150.52,,212708.44
152,5,1164967,1474653,844301,683762,32,212708.44,34,1,218000.14,208462.75,225559.14,216150.52,226156.94
152,6,1171467,1616507,922441,748213,32,226156.94,34,1,212708.44,218000.14,208462.75,225559.14,227156.52
152,7,1162509,1628228,918816,760967,29,227156.52,34,1,226156.94,212708.44,218000.14,208462.75,213459.62
152,8,1055871,1470449,943575,754360,29,213459.62,34,1,227156.52,226156.94,212708.44,218000.14,219828.61
152,9,1057315,1604305,925090,765262,32,219828.61,34,1,213459.62,227156.52,226156.94,212708.44,227010.7
152,10,1163887,1638261,944951,748942,31,227010.7,34,1,219828.61,213459.62,227156.52,226156.94,216197.78
152,11,1184004,1500418,923324,682422,32,216197.78,34,1,227010.7,219828.61,213459.62,227156.52,213477.2
152,12,1057535,1492082,856838,759140,31,213477.2,34,1,216197.78,227010.7,219828.61,213459.62,209739.66
152,13,1067088,1491974,931351,697300,29,209739.66,34,1,213477.2,216197.78,227010.7,219828.61,227033.16
152,14,1177673,1627275,856826,760438,32,227033.16,34,1,209739.66,213477.2,216197.78,227010.7,220901.98
152,15,1174652,1631511,864627,691240,31,220901.98,34,1,227033.16,209739.66,213477.2,216197.78,220438.82
152,16,1170522,1500804,848526,752600,28,220438.82,34,1,220901.98,227033.16,209739.66,213477.2,212760.4
152,17,1075026,1611224,856265,683496,32,212760.4,34,1,220438.82,220901.98,227033.16,209739.66,212335.93
152,18,1068333,1602749,841101,690294,31,212335.93,34,1,212760.4,220438.82,220901.98,227033.16,221690.76
152,19,1071916,1620463,940559,765106,32,221690.76,34,1,212335.93,212760.4,220438.82,220901.98,221851.45
152,20,1172612,1486313,941259,756569,32,221851.45,34,1,221690.76,212335.93,212760.4,220438.82,210326.3
152,21,1071823,1493262,929023,700229,29,210326.3,34,1,221851.45,221690.76,212335.93,212760.4,206672.88
152,22,1054155,1464366,944996,682900,29,206672.88,34,1,210326.3,221851.45,221690.76,212335.93,219224.55
152,23,1070466,1632970,847671,749941,29,219224.55,34,1,206672.88,210326.3,221851.45,221690.76,214075.5
152,24,1053044,1473190,936600,763222,29,214075.5,34,1,219224.55,206672.88,210326.3,221851.45,225870.11
152,25,1161014,1608108,930106,755047,28,225870.11,34,1,214075.5,219224.55,206672.88,210326.3,228284.91
152,26,1183232,1606609,928381,766858,32,228284.91,34,1,225870.11,214075.5,219224.55,206672.88,214233.94
152,27,1068784,1622279,847472,700804,29,214233.94,34,1,228284.91,225870.11,214075.5,219224.55,212885.86
152,28,1165356,1462758,845577,690731,32,212885.86,34,1,214233.94,228284.91,225870.11,214075.5,214787.18
152,29,1167371,1490693,840336,698373,31,214787.18,34,1,212885.86,214233.94,228284.91,225870.11,215128.17
152,30,1162840,1490279,850389,703770,31,215128.17,34,1,214787.18,212885.86,214233.94,228284.91,
153,1,1956428,1628384,924613,591494,5,263433.48,34,1,,,,,251687.78
153,2,1770318,1622124,920473,598676,5,251687.78,34,1,263433.48,,,,250997.33
153,3,1804256,1590236,855031,593338,5,250997.33,34,1,251687.78,263433.48,,,261492.41
153,4,1769846,1747519,925515,648688,5,261492.41,34,1,250997.33,251687.78,263433.48,,265555.88
153,5,1807534,1770629,939140,653461,5,265555.88,34,1,261492.41,250997.33,251687.78,263433.48,259240.42
153,6,1787054,1772611,926374,599561,5,259240.42,34,1,265555.88,261492.41,250997.33,251687.78,272707.61
153,7,1943260,1756710,857991,656454,5,272707.61,34,1,259240.42,265555.88,261492.41,250997.33,251899.3
153,8,1781779,1636108,852174,598752,5,251899.3,34,1,272707.61,259240.42,265555.88,261492.41,276247.54
153,9,1983933,1788508,837731,655426,5,276247.54,34,1,251899.3,272707.61,259240.42,265555.88,262571.23
153,10,1966771,1612401,862612,593210,5,262571.23,34,1,276247.54,251899.3,272707.61,259240.42,271271.78
153,11,1954531,1781421,943098,605463,5,271271.78,34,1,262571.23,276247.54,251899.3,272707.61,268719.53
153,12,1954961,1606537,924364,661336,4,268719.53,34,1,271271.78,262571.23,276247.54,251899.3,263517.74
153,13,1795751,1753369,860365,661691,5,263517.74,34,1,268719.53,271271.78,262571.23,276247.54,275256.78
153,14,1953283,1783623,924219,652968,5,275256.78,34,1,263517.74,268719.53,271271.78,262571.23,262684.54
153,15,1953749,1620744,844063,603340,5,262684.54,34,1,275256.78,263517.74,268719.53,271271.78,257459.45
153,16,1806956,1588417,939331,648528,5,257459.45,34,1,262684.54,275256.78,263517.74,268719.53,259262.93
153,17,1811299,1625678,923862,650952,5,259262.93,34,1,257459.45,262684.54,275256.78,263517.74,256085.91
153,18,1774167,1622735,854938,656341,5,256085.91,34,1,259262.93,257459.45,262684.54,275256.78,251078.85
153,19,1766354,1601799,937361,601116,5,251078.85,34,1,256085.91,259262.93,257459.45,262684.54,264008.9
153,20,1962213,1616373,932025,597933,5,264008.9,34,1,251078.85,256085.91,259262.93,257459.45,264836.06
153,21,1794124,1783200,937821,649531,5,264836.06,34,1,264008.9,251078.85,256085.91,259262.93,262214.02
153,22,1772911,1753321,859758,663784,5,262214.02,34,1,264836.06,264008.9,251078.85,256085.91,256626.34
153,23,1795202,1631651,841277,645572,5,256626.34,34,1,262214.02,264836.06,264008.9,251078.85,259353.22
153,24,1803797,1618796,917736,661652,5,259353.22,34,1,256626.34,262214.02,264836.06,264008.9,277212.0
153,25,1984724,1761345,932266,660910,5,277212.0,34,1,259353.22,256626.34,262214.02,264836.06,259129.81
153,26,1785687,1774243,918620,599974,5,259129.81,34,1,277212.0,259353.22,256626.34,262214.02,273112.82
153,27,1941099,1748894,939776,651216,4,273112.82,34,1,259129.81,277212.0,259353.22,256626.34,268655.05
153,28,1951644,1741044,928194,599956,5,268655.05,34,1,273112.82,259129.81,277212.0,259353.22,252518.37
153,29,1783244,1603132,919348,607604,5,252518.37,34,1,268655.05,273112.82,259129.81,277212.0,259330.38
153,30,1801553,1774817,924069,589535,5,259330.38,34,1,252518.37,268655.05,273112.82,259129.81,
154,1,1191256,1658996,979475,708130,31,226538.53,34,1,,,,,214071.88
154,2,1088234,1521281,1001020,703847,34,214071.88,34,1,226538.53,,,,225681.61
154,3,1184250,1658095,980393,703914,31,225681.61,34,1,214071.88,226538.53,,,220330.21
154,4,1085483,1665969,1002914,707809,31,220330.21,34,1,225681.61,214071.88,226538.53,,213861.09
154,5,1071019,1521367,1090670,697506,30,213861.09,34,1,220330.21,225681.61,214071.88,226538.53,213754.4
154,6,1088898,1631371,998850,649215,33,213754.4,34,1,213861.09,220330.21,225681.61,214071.88,220533.52
154,7,1097619,1643427,1095091,694988,30,220533.52,34,1,213754.4,213861.09,220330.21,225681.61,216199.12
154,8,1193311,1497190,1076619,649302,30,216199.12,34,1,220533.52,213754.4,213861.09,220330.21,215643.42
154,9,1101646,1524657,1089911,693868,31,215643.42,34,1,216199.12,220533.52,213754.4,213861.09,227164.29
154,10,1197126,1635594,1076920,703930,34,227164.29,34,1,215643.42,216199.12,220533.52,213754.4,220897.82
154,11,1069123,1667896,1081625,710620,31,220897.82,34,1,227164.29,215643.42,216199.12,220533.52,213400.5
154,12,1092001,1628855,991893,645499,30,213400.5,34,1,220897.82,227164.29,215643.42,216199.12,222471.14
154,13,1202239,1492061,1089729,712414,34,222471.14,34,1,213400.5,220897.82,227164.29,215643.42,221267.22
154,14,1201712,1633343,1094921,633012,30,221267.22,34,1,222471.14,213400.5,220897.82,227164.29,207137.04
154,15,1078635,1513926,994649,638426,30,207137.04,34,1,221267.22,222471.14,213400.5,220897.82,221330.58
154,16,1102161,1632321,1089777,706673,34,221330.58,34,1,207137.04,221267.22,222471.14,213400.5,217839.69
154,17,1170995,1644991,976448,633276,34,217839.69,34,1,221330.58,207137.04,221267.22,222471.14,212368.33
154,18,1073576,1516856,989670,699617,31,212368.33,34,1,217839.69,221330.58,207137.04,221267.22,217575.63
154,19,1172033,1493148,988777,697744,31,217575.63,34,1,212368.33,217839.69,221330.58,207137.04,221637.39
154,20,1189420,1640675,1094315,642658,34,221637.39,34,1,217575.63,212368.33,217839.69,221330.58,220381.09
154,21,1193603,1500853,1080208,693110,31,220381.09,34,1,221637.39,217575.63,212368.33,217839.69,206587.74
154,22,1082867,1484736,980601,645381,33,206587.74,34,1,220381.09,221637.39,217575.63,212368.33,216046.0
154,23,1090555,1663565,1095963,640812,30,216046.0,34,1,206587.74,220381.09,221637.39,217575.63,218790.99
154,24,1083640,1636020,996511,707112,34,218790.99,34,1,216046.0,206587.74,220381.09,221637.39,216445.05
154,25,1182269,1519423,1094132,646467,30,216445.05,34,1,218790.99,216046.0,206587.74,220381.09,207915.06
154,26,1091053,1508959,981361,642851,31,207915.06,34,1,216445.05,218790.99,216046.0,206587.74,213167.32
154,27,1085235,1625477,1077130,633803,31,213167.32,34,1,207915.06,216445.05,218790.99,216046.0,216175.7
154,28,1200590,1513530,1067399,637913,33,216175.7,34,1,213167.32,207915.06,216445.05,218790.99,213306.04
154,29,1072709,1658119,992363,644663,33,213306.04,34,1,216175.7,213167.32,207915.06,216445.05,222300.36
154,30,1199463,1663249,1087616,633548,34,222300.36,34,1,213306.04,216175.7,213167.32,207915.06,
155,1,1392994,1795021,797951,467096,30,220579.77,34,1,,,,,211075.86
155,2,1290496,1785827,719089,454021,30,211075.86,34,1,220579.77,,,,219638.97
155,3,1413076,1793370,719168,457353,33,219638.97,34,1,211075.86,220579.77,,,225031.81
155,4,1302534,1975913,796517,497888,32,225031.81,34,1,219638.97,211075.86,220579.77,,216766.09
155,5,1296372,1775507,793596,504091,33,216766.09,34,1,225031.81,219638.97,211075.86,220579.77,213805.24
155,6,1304582,1797942,729925,466570,30,213805.24,34,1,216766.09,225031.81,219638.97,211075.86,228997.04
155,7,1421074,1970131,786145,461225,33,228997.04,34,1,213805.24,216766.09,225031.81,219638.97,221589.92
155,8,1307995,1978260,728991,467022,30,221589.92,34,1,228997.04,213805.24,216766.09,225031.81,227242.82
155,9,1423884,1811809,802059,510247,29,227242.82,34,1,221589.92,228997.04,213805.24,216766.09,216773.77
155,10,1304109,1792063,723816,503665,30,216773.77,34,1,227242.82,221589.92,228997.04,213805.24,214815.23
155,11,1307654,1794045,800043,464583,32,214815.23,34,1,216773.77,227242.82,221589.92,228997.04,218480.77
155,12,1393653,1799577,720125,455419,33,218480.77,34,1,214815.23,216773.77,227242.82,221589.92,222929.62
155,13,1398134,1786288,724398,506910,33,222929.62,34,1,218480.77,214815.23,216773.77,227242.82,212793.76
155,14,1280760,1820972,716666,464218,30,212793.76,34,1,222929.62,218480.77,214815.23,216773.77,223457.53
155,15,1292181,1952023,797460,498775,32,223457.53,34,1,212793.76,222929.62,218480.77,214815.23,222825.9
155,16,1280290,1939488,795239,506536,30,222825.9,34,1,223457.53,212793.76,222929.62,218480.77,227825.28
155,17,1429765,1937119,785756,457364,29,227825.28,34,1,222825.9,223457.53,212793.76,222929.62,212457.76
155,18,1292419,1814984,723310,453677,30,212457.76,34,1,227825.28,222825.9,223457.53,212793.76,218476.03
155,19,1405700,1768458,732731,458836,32,218476.03,34,1,212457.76,227825.28,222825.9,223457.53,219763.48
155,20,1278273,1967916,783467,462994,32,219763.48,34,1,218476.03,212457.76,227825.28,222825.9,230327.3
155,21,1410475,1952897,716110,504349,33,230327.3,34,1,219763.48,218476.03,212457.76,227825.28,229649.97
155,22,1416296,1991046,785197,462381,30,229649.97,34,1,230327.3,219763.48,218476.03,212457.76,215970.81
155,23,1282347,1776241,783490,506855,33,215970.81,34,1,229649.97,230327.3,219763.48,218476.03,214044.3
155,24,1308707,1809773,723950,461857,33,214044.3,34,1,215970.81,229649.97,230327.3,219763.48,212403.88
155,25,1282516,1802644,791911,453412,30,212403.88,34,1,214044.3,215970.81,229649.97,230327.3,221756.56
155,26,1414767,1801500,783678,464094,30,221756.56,34,1,212403.88,214044.3,215970.81,229649.97,220278.74
155,27,1306320,1942895,788437,459241,32,220278.74,34,1,221756.56,212403.88,214044.3,215970.81,232183.72
155,28,1412731,1963670,794878,503965,29,232183.72,34,1,220278.74,221756.56,212403.88,214044.3,214867.6
155,29,1280909,1771064,725898,508558,30,214867.6,34,1,232183.72,220278.74,221756.56,212403.88,214964.82
155,30,1282301,1768307,723659,510323,29,214964.82,34,1,214867.6,232183.72,220278.74,221756.56,
156,1,1490802,1412657,1048758,320189,20,201808.58,34,1,,,,,198625.7
156,2,1475798,1300165,1047835,347993,20,198625.7,34,1,201808.58,,,,206188.69
156,3,1634393,1276765,950022,346539,22,206188.69,34,1,198625.7,201808.58,,,198830.52
156,4,1481795,1389043,958585,321022,22,198830.52,34,1,206188.69,198625.7,201808.58,,195624.08
156,5,1498700,1263303,1037676,317188,20,195624.08,34,1,198830.52,206188.69,198625.7,201808.58,212743.94
156,6,1641409,1391436,1038536,344896,20,212743.94,34,1,195624.08,198830.52,206188.69,198625.7,205201.02
156,7,1624660,1267475,950007,346892,22,205201.02,34,1,212743.94,195624.08,198830.52,206188.69,201612.16
156,8,1517951,1397141,967516,320497,22,201612.16,34,1,205201.02,212743.94,195624.08,198830.52,202984.98
156,9,1513981,1396307,954336,341362,22,202984.98,34,1,201612.16,205201.02,212743.94,195624.08,203238.43
156,10,1635203,1269113,971072,312953,22,203238.43,34,1,202984.98,201612.16,205201.02,212743.94,197802.13
156,11,1491657,1282611,969786,349827,20,197802.13,34,1,203238.43,202984.98,201612.16,205201.02,208778.07
156,12,1624913,1384939,1055878,312625,22,208778.07,34,1,197802.13,203238.43,202984.98,201612.16,209100.14
156,13,1644195,1394215,958707,315751,22,209100.14,34,1,208778.07,197802.13,203238.43,202984.98,211387.17
156,14,1623354,1388809,1033497,344965,20,211387.17,34,1,209100.14,208778.07,197802.13,203238.43,195899.73
156,15,1491096,1286350,1054146,312023,21,195899.73,34,1,211387.17,209100.14,208778.07,197802.13,199443.49
156,16,1490820,1392969,962759,318754,20,199443.49,34,1,195899.73,211387.17,209100.14,208778.07,197670.76
156,17,1504410,1284433,945072,342862,22,197670.76,34,1,199443.49,195899.73,211387.17,209100.14,203789.55
156,18,1632752,1273732,960833,320551,22,203789.55,34,1,197670.76,199443.49,195899.73,211387.17,199189.98
156,19,1483665,1381734,1044101,311463,22,199189.98,34,1,203789.55,197670.76,199443.49,195899.73,196471.39
156,20,1502471,1272362,1039841,319279,20,196471.39,34,1,199189.98,203789.55,197670.76,199443.49,204149.03
156,21,1653755,1262518,944579,317605,20,204149.03,34,1,196471.39,199189.98,203789.55,197670.76,212184.23
156,22,1647821,1396451,962821,345556,22,212184.23,34,1,204149.03,196471.39,199189.98,203789.55,206503.32
156,23,1628552,1296091,958625,343702,20,206503.32,34,1,212184.23,204149.03,196471.39,199189.98,205100.39
156,24,1622794,1295424,1040354,317691,23,205100.39,34,1,206503.32,212184.23,204149.03,196471.39,212594.92
156,25,1622759,1416929,1041743,344244,22,212594.92,34,1,205100.39,206503.32,212184.23,204149.03,202615.8
156,26,1479377,1390098,1043522,348763,20,202615.8,34,1,212594.92,205100.39,206503.32,212184.23,211231.76
156,27,1617945,1399297,1034970,341998,21,211231.76,34,1,202615.8,212594.92,205100.39,206503.32,194630.04
156,28,1506186,1261078,958511,316245,22,194630.04,34,1,211231.76,202615.8,212594.92,205100.39,213565.73
156,29,1632033,1419973,1055214,344479,20,213565.73,34,1,194630.04,211231.76,202615.8,212594.92,200665.8
156,30,1507593,1298036,1056340,347197,21,200665.8,34,1,213565.73,194630.04,211231.76,202615.8,
157,1,1179416,2201359,1089121,635406,20,243686.79,34,1,,,,,252977.04
157,2,1316662,2232234,1075293,627986,18,252977.04,34,1,243686.79,,,,246514.03
157,3,1316756,2207135,1072858,568331,19,246514.03,34,1,252977.04,243686.79,,,236785.42
157,4,1186627,2032680,1095470,630733,18,236785.42,34,1,246514.03,252977.04,243686.79,,232564.29
157,5,1199862,2050106,1090096,567314,20,232564.29,34,1,236785.42,246514.03,252977.04,243686.79,242774.93
157,6,1302514,2040516,1007620,626234,19,242774.93,34,1,232564.29,236785.42,246514.03,252977.04,251168.12
157,7,1314158,2198804,1006189,637821,18,251168.12,34,1,242774.93,232564.29,236785.42,246514.03,244358.03
157,8,1194626,2220368,1089770,622987,20,244358.03,34,1,251168.12,242774.93,232564.29,236785.42,239775.69
157,9,1212339,2227972,982814,575420,18,239775.69,34,1,244358.03,251168.12,242774.93,232564.29,250854.1
157,10,1324830,2198377,999038,628170,18,250854.1,34,1,239775.69,244358.03,251168.12,242774.93,238565.5
157,11,1195922,2066061,1072563,632490,20,238565.5,34,1,250854.1,239775.69,244358.03,251168.12,244370.82
157,12,1200191,2254463,992012,621145,20,244370.82,34,1,238565.5,250854.1,239775.69,244358.03,238769.48
157,13,1291048,2044988,1097365,571627,20,238769.48,34,1,244370.82,238565.5,250854.1,239775.69,251643.19
157,14,1310686,2242733,988461,628453,18,251643.19,34,1,238769.48,244370.82,238565.5,250854.1,238974.96
157,15,1180143,2257464,990962,574526,18,238974.96,34,1,251643.19,238769.48,244370.82,238565.5,245176.65
157,16,1305860,2196348,987257,581939,18,245176.65,34,1,238974.96,251643.19,238769.48,244370.82,232043.71
157,17,1204531,2047309,994836,576850,18,232043.71,34,1,245176.65,238974.96,251643.19,238769.48,252224.82
157,18,1298611,2258072,991085,635990,20,252224.82,34,1,232043.71,245176.65,238974.96,251643.19,238576.93
157,19,1195863,2207579,978547,584198,20,238576.93,34,1,252224.82,232043.71,245176.65,238974.96,245132.71
157,20,1210332,2224417,987180,637114,19,245132.71,34,1,238576.93,252224.82,232043.71,245176.65,236631.35
157,21,1198021,2038353,1007913,634165,19,236631.35,34,1,245132.71,238576.93,252224.82,232043.71,236476.09
157,22,1180193,2055183,1002211,638494,20,236476.09,34,1,236631.35,245132.71,238576.93,252224.82,248825.42
157,23,1297872,2257978,1100228,578975,20,248825.42,34,1,236476.09,236631.35,245132.71,238576.93,236848.07
157,24,1201172,2065809,996958,623572,20,236848.07,34,1,248825.42,236476.09,236631.35,245132.71,242533.92
157,25,1208503,2238064,1093877,583835,20,242533.92,34,1,236848.07,248825.42,236476.09,236631.35,231514.67
157,26,1209259,2018771,994038,580957,20,231514.67,34,1,242533.92,236848.07,248825.42,236476.09,237987.02
157,27,1297085,2033946,990398,583232,18,237987.02,34,1,231514.67,242533.92,236848.07,248825.42,231577.02
157,28,1188111,2054183,1006925,578087,18,231577.02,34,1,237987.02,231514.67,242533.92,236848.07,243451.84
157,29,1326732,2016343,1003180,628349,18,243451.84,34,1,231577.02,237987.02,231514.67,242533.92,246259.85
157,30,1294470,2195174,1094753,583085,18,246259.85,34,1,243451.84,231577.02,237987.02,231514.67,
158,1,1776120,1795390,804997,355817,27,235509.27,34,1,,,,,240118.87
158,2,1922270,1648580,878952,356456,27,240118.87,34,1,235509.27,,,,238732.95
158,3,1781265,1817888,902583,359644,29,238732.95,34,1,240118.87,235509.27,,,240756.03
158,4,1930269,1668733,817688,359598,27,240756.03,34,1,238732.95,240118.87,235509.27,,248003.95
158,5,1947127,1799386,881657,355625,27,248003.95,34,1,240756.03,238732.95,240118.87,235509.27,233923.68
158,6,1791035,1789873,810519,329066,27,233923.68,34,1,248003.95,240756.03,238732.95,240118.87,240515.38
158,7,1949057,1664962,891579,331704,27,240515.38,34,1,233923.68,248003.95,240756.03,238732.95,234594.32
158,8,1779251,1791308,899985,327998,27,234594.32,34,1,240515.38,233923.68,248003.95,240756.03,230969.84
158,9,1762094,1661041,882782,363660,27,230969.84,34,1,234594.32,240515.38,233923.68,248003.95,239968.86
158,10,1941247,1640491,810981,357293,27,239968.86,34,1,230969.84,234594.32,240515.38,233923.68,230779.7
158,11,1754876,1781723,805394,324903,29,230779.7,34,1,239968.86,230969.84,234594.32,240515.38,244820.76
158,12,1950161,1800295,801486,332341,27,244820.76,34,1,230779.7,239968.86,230969.84,234594.32,226474.34
158,13,1761094,1626604,898059,327709,27,226474.34,34,1,244820.76,230779.7,239968.86,230969.84,233833.51
158,14,1765116,1799376,895248,326845,27,233833.51,34,1,226474.34,244820.76,230779.7,239968.86,228758.63
158,15,1787105,1676394,826229,324353,30,228758.63,34,1,233833.51,226474.34,244820.76,230779.7,228156.0
158,16,1747385,1659785,815386,355899,27,228156.0,34,1,228758.63,233833.51,226474.34,244820.76,244982.68
158,17,1922871,1815738,898263,328951,27,244982.68,34,1,228156.0,228758.63,233833.51,226474.34,241071.0
158,18,1954620,1646779,811181,356951,27,241071.0,34,1,244982.68,228156.0,228758.63,233833.51,234409.59
158,19,1790413,1799585,819582,328743,30,234409.59,34,1,241071.0,244982.68,228156.0,228758.63,240119.96
158,20,1943636,1639642,809774,357865,27,240119.96,34,1,234409.59,241071.0,244982.68,228156.0,246602.18
158,21,1958416,1806591,897455,325748,27,246602.18,34,1,240119.96,234409.59,241071.0,244982.68,239790.95
158,22,1942676,1632673,817671,356695,29,239790.95,34,1,246602.18,240119.96,234409.59,241071.0,246855.59
158,23,1929387,1829194,810651,354766,29,246855.59,34,1,239790.95,246602.18,240119.96,234409.59,234096.54
158,24,1773993,1822653,801675,329645,30,234096.54,34,1,246855.59,239790.95,246602.18,240119.96,238995.46
158,25,1957599,1664823,815845,322581,27,238995.46,34,1,234096.54,246855.59,239790.95,246602.18,233295.85
158,26,1754274,1808662,888574,325588,27,233295.85,34,1,238995.46,234096.54,246855.59,239790.95,232635.96
158,27,1778921,1790951,801130,324706,27,232635.96,34,1,233295.85,238995.46,234096.54,246855.59,226732.81
158,28,1780275,1640969,805712,326964,27,226732.81,34,1,232635.96,233295.85,238995.46,234096.54,242614.16
158,29,1912209,1807640,824979,327464,27,242614.16,34,1,226732.81,232635.96,233295.85,238995.46,228435.94
158,30,1744718,1675213,803732,355889,30,228435.94,34,1,242614.16,226732.81,232635.96,233295.85,
159,1,1229128,1597310,1085221,703392,18,227724.26,34,1,,,,,229862.48
159,2,1307104,1574263,993861,698395,17,229862.48,34,1,227724.26,,,,227320.4
159,3,1314072,1464391,1083196,699843,18,227320.4,34,1,229862.48,227724.26,,,234795.52
159,4,1342752,1595470,1088600,700372,17,234795.52,34,1,227320.4,229862.48,227724.26,,220556.41
159,5,1207257,1602604,1102902,633956,17,220556.41,34,1,234795.52,227320.4,229862.48,227724.26,217826.66
159,6,1210785,1577176,993992,632792,17,217826.66,34,1,220556.41,234795.52,227320.4,229862.48,231361.28
159,7,1312962,1594790,992894,701465,17,231361.28,34,1,217826.66,220556.41,234795.52,227320.4,220022.5
159,8,1221612,1565971,1084904,637980,17,220022.5,34,1,231361.28,217826.66,220556.41,234795.52,211720.86
159,9,1192844,1437937,996797,642014,18,211720.86,34,1,220022.5,231361.28,217826.66,220556.41,220078.09
159,10,1211091,1573961,1076809,643929,18,220078.09,34,1,211720.86,220022.5,231361.28,217826.66,218624.03
159,11,1209143,1445481,982448,705963,18,218624.03,34,1,220078.09,211720.86,220022.5,231361.28,233529.73
159,12,1343933,1584658,1076521,692700,18,233529.73,34,1,218624.03,220078.09,211720.86,220022.5,233989.94
159,13,1337547,1596224,1075308,697254,17,233989.94,34,1,233529.73,218624.03,220078.09,211720.86,225613.8
159,14,1323795,1573718,1006596,637217,18,225613.8,34,1,233989.94,233529.73,218624.03,220078.09,233704.3
159,15,1337251,1570508,1095844,702475,18,233704.3,34,1,225613.8,233989.94,233529.73,218624.03,223888.57
159,16,1208456,1601261,989957,691254,17,223888.57,34,1,233704.3,225613.8,233989.94,233529.73,219786.2
159,17,1210756,1445780,1081551,699486,18,219786.2,34,1,223888.57,233704.3,225613.8,233989.94,221969.51
159,18,1228670,1460075,1103781,700141,18,221969.51,34,1,219786.2,223888.57,233704.3,225613.8,220493.27
159,19,1204664,1451940,1095105,706380,17,220493.27,34,1,221969.51,219786.2,223888.57,233704.3,234849.2
159,20,1340411,1585486,1088588,707280,17,234849.2,34,1,220493.27,221969.51,219786.2,223888.57,220352.38
159,21,1342961,1447162,982706,628121,17,220352.38,34,1,234849.2,220493.27,221969.51,219786.2,231137.68
159,22,1320622,1582985,987809,699879,17,231137.68,34,1,220352.38,234849.2,220493.27,221969.51,234108.55
159,23,1339044,1608735,997394,705897,17,234108.55,34,1,231137.68,220352.38,234849.2,220493.27,213867.16
159,24,1228602,1457398,1006898,629251,17,213867.16,34,1,234108.55,231137.68,220352.38,234849.2,227208.56
159,25,1330699,1576952,1008856,648027,18,227208.56,34,1,213867.16,234108.55,231137.68,220352.38,228005.34
159,26,1317410,1459700,1089467,706070,18,228005.34,34,1,227208.56,213867.16,234108.55,231137.68,221694.95
159,27,1317486,1455430,1085972,638661,17,221694.95,34,1,228005.34,227208.56,213867.16,234108.55,235040.8
159,28,1331440,1607637,1091800,704999,17,235040.8,34,1,221694.95,228005.34,227208.56,213867.16,232212.89
159,29,1339264,1571342,1001720,701261,19,232212.89,34,1,235040.8,221694.95,228005.34,227208.56,218138.41
159,30,1214563,1570488,999051,635710,18,218138.41,34,1,232212.89,235040.8,221694.95,228005.34,
160,1,1671063,1613284,681582,397160,14,222784.69,34,1,,,,,242009.27
160,2,1828148,1791004,750847,402418,14,242009.27,34,1,222784.69,,,,233745.72
160,3,1812880,1633715,738420,396939,13,233745.72,34,1,242009.27,222784.69,,,227615.4
160,4,1644312,1775541,687658,393633,13,227615.4,34,1,233745.72,242009.27,222784.69,,230434.67
160,5,1798962,1606480,684487,392683,14,230434.67,34,1,227615.4,233745.72,242009.27,222784.69,226520.66
160,6,1662855,1759782,748260,364424,13,226520.66,34,1,230434.67,227615.4,233745.72,242009.27,231124.86
160,7,1800168,1604734,679067,401268,13,231124.86,34,1,226520.66,230434.67,227615.4,233745.72,230976.46
160,8,1822815,1630087,754385,357863,13,230976.46,34,1,231124.86,226520.66,230434.67,227615.4,233054.62
160,9,1832741,1620770,674220,392703,14,233054.62,34,1,230976.46,231124.86,226520.66,230434.67,241349.33
160,10,1845745,1767881,748561,393589,13,241349.33,34,1,233054.62,230976.46,231124.86,226520.66,219575.41
160,11,1654149,1638055,680864,362381,13,219575.41,34,1,241349.33,233054.62,230976.46,231124.86,230057.16
160,12,1652574,1780984,752087,400502,13,230057.16,34,1,219575.41,241349.33,233054.62,230976.46,238189.57
160,13,1846810,1778260,679860,365498,14,238189.57,34,1,230057.16,219575.41,241349.33,233054.62,229937.55
160,14,1670372,1787503,674802,397450,13,229937.55,34,1,238189.57,230057.16,219575.41,241349.33,234034.53
160,15,1821495,1619692,744127,399408,14,234034.53,34,1,229937.55,238189.57,230057.16,219575.41,232001.03
160,16,1817638,1598114,674136,402393,14,232001.03,34,1,234034.53,229937.55,238189.57,230057.16,239091.29
160,17,1822704,1759587,681015,401268,14,239091.29,34,1,232001.03,234034.53,229937.55,238189.57,237261.77
160,18,1844276,1751867,741573,358016,14,237261.77,34,1,239091.29,232001.03,234034.53,229937.55,230694.46
160,19,1690514,1760754,681923,402467,13,230694.46,34,1,237261.77,239091.29,232001.03,234034.53,218798.86
160,20,1646273,1594474,752583,366559,13,218798.86,34,1,230694.46,237261.77,239091.29,232001.03,221388.71
160,21,1665031,1635093,738882,365463,13,221388.71,34,1,218798.86,230694.46,237261.77,239091.29,225911.2
160,22,1683571,1632032,746246,402361,13,225911.2,34,1,221388.71,218798.86,230694.46,237261.77,239566.86
160,23,1833964,1752729,687999,400354,14,239566.86,34,1,225911.2,221388.71,218798.86,230694.46,223382.25
160,24,1670445,1634253,675501,395620,13,223382.25,34,1,239566.86,225911.2,221388.71,218798.86,217870.55
160,25,1642288,1600316,686707,368429,14,217870.55,34,1,223382.25,239566.86,225911.2,221388.71,219872.59
160,26,1669891,1607805,735713,358384,14,219872.59,34,1,217870.55,223382.25,239566.86,225911.2,232610.8
160,27,1818163,1620840,680506,397084,12,232610.8,34,1,219872.59,217870.55,223382.25,239566.86,218014.43
160,28,1657228,1598257,687053,360179,13,218014.43,34,1,232610.8,219872.59,217870.55,223382.25,237731.72
160,29,1833003,1758089,742959,368194,13,237731.72,34,1,218014.43,232610.8,219872.59,217870.55,232647.0
160,30,1691144,1778146,753311,402588,14,232647.0,34,1,237731.72,218014.43,232610.8,219872.59,
161,1,2043743,1387189,920538,707190,2,269376.89,34,1,,,,,274018.01
161,2,2036585,1397537,840626,773568,2,274018.01,34,1,269376.89,,,,256212.18
161,3,1824580,1283659,941643,762881,2,256212.18,34,1,274018.01,269376.89,,,256006.41
161,4,1841655,1260644,923760,762255,2,256006.41,34,1,256212.18,274018.01,269376.89,,248764.01
161,5,1834448,1257515,924796,688390,2,248764.01,34,1,256006.41,256212.18,274018.01,269376.89,273220.13
161,6,2010545,1395618,920216,769818,2,273220.13,34,1,248764.01,256006.41,256212.18,274018.01,271806.25
161,7,2024533,1372946,919672,754695,2,271806.25,34,1,273220.13,248764.01,256006.41,256212.18,261177.74
161,8,1841375,1368088,926823,769435,2,261177.74,34,1,271806.25,273220.13,248764.01,256006.41,261000.06
161,9,1850729,1393133,850112,763116,2,261000.06,34,1,261177.74,271806.25,273220.13,248764.01,258396.02
161,10,1866727,1390724,935768,708245,2,258396.02,34,1,261000.06,261177.74,271806.25,273220.13,254914.15
161,11,1854803,1378794,861311,697310,2,254914.15,34,1,258396.02,261000.06,261177.74,271806.25,268477.65
161,12,2042423,1382268,933609,698066,2,268477.65,34,1,254914.15,258396.02,261000.06,261177.74,253422.6
161,13,1825544,1385834,927851,686408,2,253422.6,34,1,268477.65,254914.15,258396.02,261000.06,268597.04
161,14,2022710,1402962,918408,706737,2,268597.04,34,1,253422.6,268477.65,254914.15,258396.02,258068.59
161,15,1861228,1402979,925872,704690,2,258068.59,34,1,268597.04,253422.6,268477.65,254914.15,258221.45
161,16,1875497,1264924,919582,761270,2,258221.45,34,1,258068.59,268597.04,253422.6,268477.65,258557.79
161,17,1823074,1391796,848822,756767,2,258557.79,34,1,258221.45,258068.59,268597.04,253422.6,257573.05
161,18,1874430,1272000,846250,764935,2,257573.05,34,1,258557.79,258221.45,258068.59,268597.04,261299.85
161,19,2026029,1265363,837330,702000,2,261299.85,34,1,257573.05,258557.79,258221.45,258068.59,255713.22
161,20,1842539,1286065,861952,757852,2,255713.22,34,1,261299.85,257573.05,258557.79,258221.45,266667.11
161,21,2017753,1392696,840246,707907,2,266667.11,34,1,255713.22,261299.85,257573.05,258557.79,273298.47
161,22,2013830,1392705,935855,766825,2,273298.47,34,1,266667.11,255713.22,261299.85,257573.05,260092.72
161,23,2025572,1251922,862031,690671,2,260092.72,34,1,273298.47,266667.11,255713.22,261299.85,265817.27
161,24,2025209,1383398,862911,693303,2,265817.27,34,1,260092.72,273298.47,266667.11,255713.22,267164.82
161,25,2031572,1254053,921063,753028,2,267164.82,34,1,265817.27,260092.72,273298.47,266667.11,256871.21
161,26,1842332,1264285,920847,770201,2,256871.21,34,1,267164.82,265817.27,260092.72,273298.47,255535.92
161,27,1856962,1369297,861519,707017,2,255535.92,34,1,256871.21,267164.82,265817.27,260092.72,251778.11
161,28,1855706,1282349,925124,694961,2,251778.11,34,1,255535.92,256871.21,267164.82,265817.27,268376.38
161,29,2046718,1387110,920238,694049,2,268376.38,34,1,251778.11,255535.92,256871.21,267164.82,250289.31
161,30,1829835,1286069,859893,707214,2,250289.31,34,1,268376.38,251778.11,255535.92,256871.21,
162,1,1357096,1387940,929985,416447,13,198836.0,34,1,,,,,207069.09
162,2,1500300,1379870,856696,421913,12,207069.09,34,1,198836.0,,,,202556.59
162,3,1489560,1262774,928962,420700,13,202556.59,34,1,207069.09,198836.0,,,209538.83
162,4,1476843,1401665,839544,459182,12,209538.83,34,1,202556.59,207069.09,198836.0,,197367.97
162,5,1353364,1272119,922192,457961,12,197367.97,34,1,209538.83,202556.59,207069.09,198836.0,205156.68
162,6,1468147,1409912,844697,412079,12,205156.68,34,1,197367.97,209538.83,202556.59,207069.09,208411.01
162,7,1492890,1407221,930545,415977,13,208411.01,34,1,205156.68,197367.97,209538.83,202556.59,212118.06
162,8,1488177,1412580,916887,460478,11,212118.06,34,1,208411.01,205156.68,197367.97,209538.83,201624.03
162,9,1364750,1393317,848509,454223,11,201624.03,34,1,212118.06,208411.01,205156.68,197367.97,199978.83
162,10,1367056,1401605,934619,414784,11,199978.83,34,1,201624.03,212118.06,208411.01,205156.68,195097.25
162,11,1364239,1289195,918964,417639,12,195097.25,34,1,199978.83,201624.03,212118.06,208411.01,198739.66
162,12,1334883,1409002,934671,420727,13,198739.66,34,1,195097.25,199978.83,201624.03,212118.06,195973.97
162,13,1346980,1289374,834173,455139,12,195973.97,34,1,198739.66,195097.25,199978.83,201624.03,205280.35
162,14,1464374,1283483,927083,459749,12,205280.35,34,1,195973.97,198739.66,195097.25,199978.83,197739.92
162,15,1373661,1266791,854145,462371,12,197739.92,34,1,205280.35,195973.97,198739.66,195097.25,195902.31
162,16,1367184,1284622,932531,424097,11,195902.31,34,1,197739.92,205280.35,195973.97,198739.66,197961.22
162,17,1368181,1271011,916297,455479,11,197961.22,34,1,195902.31,197739.92,205280.35,195973.97,206167.38
162,18,1469655,1289930,921803,463763,12,206167.38,34,1,197961.22,195902.31,197739.92,205280.35,203975.63
162,19,1373759,1412739,919006,451968,12,203975.63,34,1,206167.38,197961.22,195902.31,197739.92,200916.38
162,20,1366566,1412180,926856,422044,12,200916.38,34,1,203975.63,206167.38,197961.22,195902.31,201202.04
162,21,1479492,1265129,925606,412438,12,201202.04,34,1,200916.38,203975.63,206167.38,197961.22,208937.14
162,22,1484806,1393587,836808,451030,12,208937.14,34,1,201202.04,200916.38,203975.63,206167.38,193436.83
162,23,1358024,1260489,921581,416524,12,193436.83,34,1,208937.14,201202.04,200916.38,203975.63,197552.13
162,24,1338333,1394754,916879,414930,11,197552.13,34,1,193436.83,208937.14,201202.04,200916.38,192326.23
162,25,1339940,1280773,847320,421343,11,192326.23,34,1,197552.13,193436.83,208937.14,201202.04,206749.3
162,26,1490622,1401711,857756,415007,11,206749.3,34,1,192326.23,197552.13,193436.83,208937.14,203495.71
162,27,1359873,1402788,929018,459416,11,203495.71,34,1,206749.3,192326.23,197552.13,193436.83,203948.34
162,28,1470912,1271030,841868,461585,13,203948.34,34,1,203495.71,206749.3,192326.23,197552.13,209186.75
162,29,1472526,1391176,853700,460661,13,209186.75,34,1,203948.34,203495.71,206749.3,192326.23,211680.48
162,30,1475249,1411948,937692,461417,12,211680.48,34,1,209186.75,203948.34,203495.71,206749.3,
163,1,1362478,1782413,842725,347456,41,208022.39,34,1,,,,,200324.19
163,2,1263368,1803095,846352,323085,39,200324.19,34,1,208022.39,,,,190091.5
163,3,1258690,1609535,779856,314824,42,190091.5,34,1,200324.19,208022.39,,,194434.05
163,4,1247905,1617799,846273,354795,38,194434.05,34,1,190091.5,200324.19,208022.39,,201721.41
163,5,1365537,1620254,862155,347019,38,201721.41,34,1,194434.05,190091.5,200324.19,208022.39,198391.58
163,6,1229556,1775000,766471,353544,38,198391.58,34,1,201721.41,194434.05,190091.5,200324.19,201125.39
163,7,1382426,1615537,780008,345427,42,201125.39,34,1,198391.58,201721.41,194434.05,190091.5,204269.54
163,8,1357237,1777544,787640,321907,42,204269.54,34,1,201125.39,198391.58,201721.41,194434.05,205147.14
163,9,1360187,1805524,773148,319195,38,205147.14,34,1,204269.54,201125.39,198391.58,201721.41,196982.67
163,10,1246889,1780638,780624,320266,41,196982.67,34,1,205147.14,204269.54,201125.39,198391.58,191212.09
163,11,1264578,1621183,765700,320204,38,191212.09,34,1,196982.67,205147.14,204269.54,201125.39,198739.27
163,12,1245301,1803656,849801,317609,38,198739.27,34,1,191212.09,196982.67,205147.14,204269.54,208919.44
163,13,1360273,1803588,842861,349146,42,208919.44,34,1,198739.27,191212.09,196982.67,205147.14,199662.81
163,14,1226673,1795726,844416,345896,38,199662.81,34,1,208919.44,198739.27,191212.09,196982.67,198820.13
163,15,1240379,1765222,777213,353086,42,198820.13,34,1,199662.81,208919.44,198739.27,191212.09,196155.58
163,16,1226731,1803833,769211,316916,38,196155.58,34,1,198820.13,199662.81,208919.44,198739.27,202120.17
163,17,1374692,1628719,786031,354808,42,202120.17,34,1,196155.58,198820.13,199662.81,208919.44,194502.19
163,18,1242866,1636581,858203,348286,42,194502.19,34,1,202120.17,196155.58,198820.13,199662.81,200574.06
163,19,1240273,1791859,838851,349027,42,200574.06,34,1,194502.19,202120.17,196155.58,198820.13,198037.44
163,20,1359648,1640587,780966,315772,42,198037.44,34,1,200574.06,194502.19,202120.17,196155.58,199241.72
163,21,1239609,1777224,780653,352129,38,199241.72,34,1,198037.44,200574.06,194502.19,202120.17,201646.97
163,22,1253076,1787003,857561,350562,42,201646.97,34,1,199241.72,198037.44,200574.06,194502.19,191154.53
163,23,1242935,1625569,851511,317446,38,191154.53,34,1,201646.97,199241.72,198037.44,200574.06,200724.64
163,24,1240450,1788302,841696,351705,38,200724.64,34,1,191154.53,201646.97,199241.72,198037.44,205103.67
163,25,1349340,1784626,857795,320766,38,205103.67,34,1,200724.64,191154.53,201646.97,199241.72,204860.42
163,26,1366968,1762647,838795,319045,42,204860.42,34,1,205103.67,200724.64,191154.53,201646.97,201516.13
163,27,1257697,1783561,842539,350129,38,201516.13,34,1,204860.42,205103.67,200724.64,191154.53,200265.9
163,28,1371681,1630534,856687,322690,42,200265.9,34,1,201516.13,204860.42,205103.67,200724.64,199561.64
163,29,1239140,1801380,777141,345451,42,199561.64,34,1,200265.9,201516.13,204860.42,205103.67,205632.62
163,30,1380832,1788485,780305,316328,42,205632.62,34,1,199561.64,200265.9,201516.13,204860.42,
164,1,1241809,1498740,1046803,610296,34,215400.13,34,1,,,,,208501.21
164,2,1130755,1512937,1035141,609163,34,208501.21,34,1,215400.13,,,,203685.44
164,3,1245018,1350737,1045762,546889,33,203685.44,34,1,208501.21,215400.13,,,213503.57
164,4,1250306,1501253,931433,603025,34,213503.57,34,1,203685.44,208501.21,215400.13,,200791.75
164,5,1137653,1374173,949895,598586,31,200791.75,34,1,213503.57,203685.44,208501.21,215400.13,202408.39
164,6,1137962,1383968,938515,613820,34,202408.39,34,1,200791.75,213503.57,203685.44,208501.21,207357.68
164,7,1235234,1484276,947553,550641,34,207357.68,34,1,202408.39,200791.75,213503.57,203685.44,203355.52
164,8,1154848,1476426,1041905,550480,34,203355.52,34,1,207357.68,202408.39,200791.75,213503.57,202209.64
164,9,1127783,1363621,1032902,611162,31,202209.64,34,1,203355.52,207357.68,202408.39,200791.75,201937.6
164,10,1124304,1385754,1040184,599055,34,201937.6,34,1,202209.64,203355.52,207357.68,202408.39,198265.96
164,11,1153532,1371956,1020467,547329,31,198265.96,34,1,201937.6,202209.64,203355.52,207357.68,204741.35
164,12,1246079,1369911,1021704,553335,31,204741.35,34,1,198265.96,201937.6,202209.64,203355.52,207597.15
164,13,1145690,1501643,940612,610875,31,207597.15,34,1,204741.35,198265.96,201937.6,202209.64,215167.24
164,14,1263634,1497309,948988,610525,31,215167.24,34,1,207597.15,204741.35,198265.96,201937.6,209559.07
164,15,1265126,1372892,941722,606260,34,209559.07,34,1,215167.24,207597.15,204741.35,198265.96,202796.4
164,16,1145473,1516880,941508,550568,34,202796.4,34,1,209559.07,215167.24,207597.15,204741.35,207856.15
164,17,1153372,1477898,1021237,604535,31,207856.15,34,1,202796.4,209559.07,215167.24,207597.15,202205.42
164,18,1152486,1349273,1025062,601436,34,202205.42,34,1,207856.15,202796.4,209559.07,215167.24,204890.4
164,19,1254002,1376976,1019752,546370,34,204890.4,34,1,202205.42,207856.15,202796.4,209559.07,212534.46
164,20,1259626,1517317,1033067,559611,31,212534.46,34,1,204890.4,202205.42,207856.15,202796.4,199010.27
164,21,1143213,1364429,1044950,562025,31,199010.27,34,1,212534.46,204890.4,202205.42,207856.15,197666.2
164,22,1144483,1367088,1027292,548195,31,197666.2,34,1,199010.27,212534.46,204890.4,202205.42,209562.65
164,23,1259724,1503785,932947,551109,33,209562.65,34,1,197666.2,199010.27,212534.46,204890.4,206352.37
164,24,1149918,1478119,951568,602938,33,206352.37,34,1,209562.65,197666.2,199010.27,212534.46,207738.38
164,25,1248546,1350857,957688,605292,34,207738.38,34,1,206352.37,209562.65,197666.2,199010.27,208838.97
164,26,1156475,1507427,1020248,599695,31,208838.97,34,1,207738.38,206352.37,209562.65,197666.2,202596.18
164,27,1129019,1498157,1022033,554178,31,202596.18,34,1,208838.97,207738.38,206352.37,209562.65,202581.94
164,28,1144442,1358653,1028719,606378,34,202581.94,34,1,202596.18,208838.97,207738.38,206352.37,195656.46
164,29,1128036,1363132,942561,555011,31,195656.46,34,1,202581.94,202596.18,208838.97,207738.38,205999.28
164,30,1259428,1384891,1034782,548361,31,205999.28,34,1,195656.46,202581.94,202596.18,208838.97,
165,1,1361903,1876700,1050725,333071,39,214048.66,34,1,,,,,203200.47
165,2,1350533,1679195,966257,327905,38,203200.47,34,1,214048.66,,,,210529.6
165,3,1342500,1855768,958082,334587,39,210529.6,34,1,203200.47,214048.66,,,217988.29
165,4,1463032,1843487,954392,337029,36,217988.29,34,1,210529.6,203200.47,214048.66,,213898.53
165,5,1453883,1692939,976188,364068,36,213898.53,34,1,217988.29,210529.6,203200.47,214048.66,203524.4
165,6,1322644,1695780,1038553,330674,39,203524.4,34,1,213898.53,217988.29,210529.6,203200.47,221951.82
165,7,1462136,1851293,1042936,361859,39,221951.82,34,1,203524.4,213898.53,217988.29,210529.6,204244.67
165,8,1358814,1687799,954146,331755,35,204244.67,34,1,221951.82,203524.4,213898.53,217988.29,219963.49
165,9,1467590,1837405,949638,359342,35,219963.49,34,1,204244.67,221951.82,203524.4,213898.53,210388.46
165,10,1323557,1844002,1045939,336081,35,210388.46,34,1,219963.49,204244.67,221951.82,203524.4,219164.2
165,11,1475824,1866627,947866,331333,39,219164.2,34,1,210388.46,219963.49,204244.67,221951.82,220442.53
165,12,1456596,1846655,963449,365745,39,220442.53,34,1,219164.2,210388.46,219963.49,204244.67,214464.85
165,13,1482843,1669867,957023,363717,39,214464.85,34,1,220442.53,219164.2,210388.46,219963.49,201705.99
165,14,1332783,1669125,971322,327840,35,201705.99,34,1,214464.85,220442.53,219164.2,210388.46,213259.02
165,15,1360868,1825742,970521,363306,35,213259.02,34,1,201705.99,214464.85,220442.53,219164.2,211614.13
165,16,1341198,1874151,972138,336469,36,211614.13,34,1,213259.02,201705.99,214464.85,220442.53,206215.98
165,17,1355129,1698512,1049352,333941,35,206215.98,34,1,211614.13,213259.02,201705.99,214464.85,218110.56
165,18,1451404,1839883,1059948,329171,36,218110.56,34,1,206215.98,211614.13,213259.02,201705.99,210294.02
165,19,1463617,1682092,948301,327211,39,210294.02,34,1,218110.56,206215.98,211614.13,213259.02,221396.88
165,20,1470905,1856311,949870,364046,36,221396.88,34,1,210294.02,218110.56,206215.98,211614.13,214205.1
165,21,1356587,1860308,971178,360731,35,214205.1,34,1,221396.88,210294.02,218110.56,206215.98,214092.7
165,22,1458469,1688987,958294,368016,38,214092.7,34,1,214205.1,221396.88,210294.02,218110.56,202908.38
165,23,1326734,1672276,1046050,330432,39,202908.38,34,1,214092.7,214205.1,221396.88,210294.02,209191.21
165,24,1332027,1857678,952096,327485,35,209191.21,34,1,202908.38,214092.7,214205.1,221396.88,214616.29
165,25,1485913,1671763,952315,363169,39,214616.29,34,1,209191.21,202908.38,214092.7,214205.1,213629.49
165,26,1451698,1712034,1065341,337552,36,213629.49,34,1,214616.29,209191.21,202908.38,214092.7,205859.74
165,27,1327512,1709757,954850,361855,35,205859.74,34,1,213629.49,214616.29,209191.21,202908.38,212055.58
165,28,1482488,1674258,971477,332591,36,212055.58,34,1,205859.74,213629.49,214616.29,209191.21,211588.69
165,29,1344150,1833391,1063004,336391,39,211588.69,34,1,212055.58,205859.74,213629.49,214616.29,214652.31
165,30,1461445,1668891,1047520,365135,36,214652.31,34,1,211588.69,212055.58,205859.74,213629.49,
166,1,1759611,1673853,995276,439234,8,240007.18,34,1,,,,,226445.07
166,2,1603572,1658376,1005864,406249,8,226445.07,34,1,240007.18,,,,236830.32
166,3,1784167,1681479,902670,399703,9,236830.32,34,1,226445.07,240007.18,,,240624.12
166,4,1756348,1687537,1005869,440146,8,240624.12,34,1,236830.32,226445.07,240007.18,,236593.43
166,5,1634671,1813751,922934,439519,9,236593.43,34,1,240624.12,236830.32,226445.07,240007.18,236149.98
166,6,1636276,1842656,1014450,403367,9,236149.98,34,1,236593.43,240624.12,236830.32,226445.07,237608.11
166,7,1766591,1642651,919714,435853,8,237608.11,34,1,236149.98,236593.43,240624.12,236830.32,235298.56
166,8,1607936,1828705,905451,440632,9,235298.56,34,1,237608.11,236149.98,236593.43,240624.12,226673.57
166,9,1605043,1672678,1002484,401712,8,226673.57,34,1,235298.56,237608.11,236149.98,236593.43,238692.53
166,10,1758921,1651418,1004551,433860,9,238692.53,34,1,226673.57,235298.56,237608.11,236149.98,227404.61
166,11,1613538,1681229,1015596,397357,9,227404.61,34,1,238692.53,226673.57,235298.56,237608.11,227328.32
166,12,1636459,1673536,923637,400366,9,227328.32,34,1,227404.61,238692.53,226673.57,235298.56,225755.7
166,13,1624869,1647387,921062,403849,9,225755.7,34,1,227328.32,227404.61,238692.53,226673.57,231903.7
166,14,1630680,1806658,905309,396888,8,231903.7,34,1,225755.7,227328.32,227404.61,238692.53,247314.68
166,15,1782695,1833605,927883,441903,9,247314.68,34,1,231903.7,225755.7,227328.32,227404.61,239125.12
166,16,1777987,1660398,920128,436180,9,239125.12,34,1,247314.68,231903.7,225755.7,227328.32,238639.95
166,17,1799333,1655032,995925,404128,9,238639.95,34,1,239125.12,247314.68,231903.7,225755.7,245933.3
166,18,1759375,1841437,910891,442814,9,245933.3,34,1,238639.95,239125.12,247314.68,231903.7,235748.0
166,19,1780753,1646145,917930,403754,8,235748.0,34,1,245933.3,238639.95,239125.12,247314.68,225646.7
166,20,1611328,1680611,920423,397090,8,225646.7,34,1,235748.0,245933.3,238639.95,239125.12,236861.33
166,21,1762744,1670667,989517,404625,9,236861.33,34,1,225646.7,235748.0,245933.3,238639.95,233341.88
166,22,1612398,1836272,993075,396249,8,233341.88,34,1,236861.33,225646.7,235748.0,245933.3,236911.71
166,23,1789106,1669973,922997,398685,8,236911.71,34,1,233341.88,236861.33,225646.7,235748.0,244625.28
166,24,1775995,1834964,994144,404190,8,244625.28,34,1,236911.71,233341.88,236861.33,225646.7,230633.68
166,25,1646751,1663194,907321,437388,9,230633.68,34,1,244625.28,236911.71,233341.88,236861.33,241702.59
166,26,1764479,1826393,915736,398324,9,241702.59,34,1,230633.68,244625.28,236911.71,233341.88,230353.9
166,27,1642784,1692539,1002211,406238,8,230353.9,34,1,241702.59,230633.68,244625.28,236911.71,233039.57
166,28,1609463,1843699,926360,403724,9,233039.57,34,1,230353.9,241702.59,230633.68,244625.28,225602.42
166,29,1614436,1657144,929387,403609,8,225602.42,34,1,233039.57,230353.9,241702.59,230633.68,236969.08
166,30,1801160,1645999,905625,404937,8,236969.08,34,1,225602.42,233039.57,230353.9,241702.59,
167,1,1701996,1916929,764279,792214,8,274469.88,34,1,,,,,280629.55
167,2,1809623,1895574,833223,780489,8,280629.55,34,1,274469.88,,,,280686.24
167,3,1819918,2055343,762776,712499,9,280686.24,34,1,280629.55,274469.88,,,284488.87
167,4,1855660,1921036,832919,778445,9,284488.87,34,1,280686.24,280629.55,274469.88,,273401.18
167,5,1676796,1925106,829674,782765,8,273401.18,34,1,284488.87,280686.24,280629.55,274469.88,280314.4
167,6,1690332,2074860,836659,779002,8,280314.4,34,1,273401.18,284488.87,280686.24,280629.55,282717.81
167,7,1861928,1876078,825280,776534,9,282717.81,34,1,280314.4,273401.18,284488.87,280686.24,281574.64
167,8,1682107,2105867,825300,786584,9,281574.64,34,1,282717.81,280314.4,273401.18,284488.87,281244.13
167,9,1840373,1875682,833078,774448,9,281244.13,34,1,281574.64,282717.81,280314.4,273401.18,269020.46
167,10,1698257,1930205,829053,716513,9,269020.46,34,1,281244.13,281574.64,282717.81,280314.4,284711.77
167,11,1853086,2068557,834745,714053,8,284711.77,34,1,269020.46,281244.13,281574.64,282717.81,266294.17
167,12,1685621,1875754,823910,721544,8,266294.17,34,1,284711.77,269020.46,281244.13,281574.64,277198.14
167,13,1822043,1921988,826470,722499,9,277198.14,34,1,266294.17,284711.77,269020.46,281244.13,281308.34
167,14,1837038,1879984,747063,791244,8,281308.34,34,1,277198.14,266294.17,284711.77,269020.46,278465.21
167,15,1675371,2080848,757833,780843,9,278465.21,34,1,281308.34,277198.14,266294.17,284711.77,275658.49
167,16,1652877,2064230,749884,775042,8,275658.49,34,1,278465.21,281308.34,277198.14,266294.17,270706.97
167,17,1659635,1902031,826784,776448,8,270706.97,34,1,275658.49,278465.21,281308.34,277198.14,272640.61
167,18,1809979,1872748,761327,715334,9,272640.61,34,1,270706.97,275658.49,278465.21,281308.34,279929.53
167,19,1671161,2079206,826344,788378,9,279929.53,34,1,272640.61,270706.97,275658.49,278465.21,275211.28
167,20,1823252,1894696,764455,723556,8,275211.28,34,1,279929.53,272640.61,270706.97,275658.49,273451.02
167,21,1684230,1894408,828132,792484,9,273451.02,34,1,275211.28,279929.53,272640.61,270706.97,273165.07
167,22,1683545,2060511,765421,724243,8,273165.07,34,1,273451.02,275211.28,279929.53,272640.61,282975.5
167,23,1838986,2091946,753760,708856,8,282975.5,34,1,273165.07,273451.02,275211.28,279929.53,280475.08
167,24,1680630,2068848,833875,791050,9,280475.08,34,1,282975.5,273165.07,273451.02,275211.28,279891.64
167,25,1664066,2108280,760651,791557,8,279891.64,34,1,280475.08,282975.5,273165.07,273451.02,283465.2
167,26,1849325,2062419,750877,721066,9,283465.2,34,1,279891.64,280475.08,282975.5,273165.07,283864.79
167,27,1861954,1906973,752818,788123,8,283864.79,34,1,283465.2,279891.64,280475.08,282975.5,270947.78
167,28,1673751,2061611,765949,706090,8,270947.78,34,1,283864.79,283465.2,279891.64,280475.08,282215.74
167,29,1694681,2108590,821954,784003,9,282215.74,34,1,270947.78,283864.79,283465.2,279891.64,273332.97
167,30,1696257,2052679,753541,722764,8,273332.97,34,1,282215.74,270947.78,283864.79,283465.2,
168,1,1750286,1918744,1095816,605095,23,266252.93,34,1,,,,,267167.37
168,2,1770022,1789668,1092983,661394,26,267167.37,34,1,266252.93,,,,263987.94
168,3,1728779,1957415,1022994,590786,24,263987.94,34,1,267167.37,266252.93,,,267531.49
168,4,1783111,1930339,1099044,589712,26,267531.49,34,1,263987.94,267167.37,266252.93,,273919.57
168,5,1780057,1935152,1095378,661182,23,273919.57,34,1,267531.49,263987.94,267167.37,266252.93,268125.4
168,6,1779143,1922210,1112771,600418,24,268125.4,34,1,273919.57,267531.49,263987.94,267167.37,277776.6
168,7,1937315,1950523,1028483,595989,24,277776.6,34,1,268125.4,273919.57,267531.49,263987.94,277698.19
168,8,1945722,1924384,1023951,602021,23,277698.19,34,1,277776.6,268125.4,273919.57,267531.49,279838.38
168,9,1923877,1908105,1016531,650352,23,279838.38,34,1,277698.19,277776.6,268125.4,273919.57,276771.82
168,10,1916240,1944938,1004025,607040,26,276771.82,34,1,279838.38,277698.19,277776.6,268125.4,261919.18
168,11,1746333,1740713,1005874,658801,24,261919.18,34,1,276771.82,279838.38,277698.19,277776.6,275448.08
168,12,1932136,1760213,1112770,646745,23,275448.08,34,1,261919.18,276771.82,279838.38,277698.19,273514.26
168,13,1906869,1791993,1006316,648137,23,273514.26,34,1,275448.08,261919.18,276771.82,279838.38,265866.04
168,14,1774887,1753962,1098435,659025,26,265866.04,34,1,273514.26,275448.08,261919.18,276771.82,262602.45
168,15,1764380,1795228,1119409,607441,23,262602.45,34,1,265866.04,273514.26,275448.08,261919.18,270545.68
168,16,1936404,1753615,1112913,592346,26,270545.68,34,1,262602.45,265866.04,273514.26,275448.08,264532.24
168,17,1757038,1908112,1025202,598963,23,264532.24,34,1,270545.68,262602.45,265866.04,273514.26,265214.83
168,18,1754901,1930795,1001202,601927,24,265214.83,34,1,264532.24,270545.68,262602.45,265866.04,268752.15
168,19,1733279,1921781,1005858,660022,23,268752.15,34,1,265214.83,264532.24,270545.68,262602.45,278815.43
168,20,1923468,1962071,1096721,599667,25,278815.43,34,1,268752.15,265214.83,264532.24,270545.68,273743.55
168,21,1922885,1766775,1004114,651255,26,273743.55,34,1,278815.43,268752.15,265214.83,264532.24,272652.33
168,22,1905103,1762608,1014426,651989,25,272652.33,34,1,273743.55,278815.43,268752.15,265214.83,271532.74
168,23,1733902,1959344,1119219,652327,25,271532.74,34,1,272652.33,273743.55,278815.43,268752.15,270165.84
168,24,1926524,1778582,1023431,599974,26,270165.84,34,1,271532.74,272652.33,273743.55,278815.43,282811.49
168,25,1923467,1939158,1115951,651096,23,282811.49,34,1,270165.84,271532.74,272652.33,273743.55,280046.92
168,26,1896884,1961026,1023186,646320,24,280046.92,34,1,282811.49,270165.84,271532.74,272652.33,268273.3
168,27,1924728,1745225,1022542,595908,23,268273.3,34,1,280046.92,282811.49,270165.84,271532.74,266795.66
168,28,1760405,1956745,1011928,601517,23,266795.66,34,1,268273.3,280046.92,282811.49,270165.84,272590.03
168,29,1893934,1762675,1024592,657443,24,272590.03,34,1,266795.66,268273.3,280046.92,282811.49,263857.54
168,30,1769194,1751610,998875,660085,26,263857.54,34,1,272590.03,266795.66,268273.3,280046.92,
169,1,1721019,2115470,867380,733335,2,280387.08,34,1,,,,,280423.77
169,2,1701561,2135237,963271,721083,3,280423.77,34,1,280387.08,,,,273836.2
169,3,1696320,2130313,880750,669131,2,273836.2,34,1,280423.77,280387.08,,,280863.09
169,4,1721187,2092699,972139,729951,2,280863.09,34,1,273836.2,280423.77,280387.08,,261876.6
169,5,1545909,1951563,874453,728632,2,261876.6,34,1,280863.09,273836.2,280423.77,280387.08,270151.57
169,6,1549020,2129045,883683,734198,3,270151.57,34,1,261876.6,280863.09,273836.2,280423.77,256537.75
169,7,1548223,1911030,953306,672184,2,256537.75,34,1,270151.57,261876.6,280863.09,273836.2,268951.82
169,8,1733270,1953476,956659,656547,2,268951.82,34,1,256537.75,270151.57,261876.6,280863.09,279985.07
169,9,1720237,2116008,881314,726650,2,279985.07,34,1,268951.82,256537.75,270151.57,261876.6,256643.32
169,10,1565392,1952436,870795,656862,2,256643.32,34,1,279985.07,268951.82,256537.75,270151.57,269844.57
169,11,1700296,1915690,868331,723763,2,269844.57,34,1,256643.32,279985.07,268951.82,256537.75,272708.5
169,12,1690958,1930458,977308,735520,2,272708.5,34,1,269844.57,256643.32,279985.07,268951.82,262199.15
169,13,1565382,1929496,872365,728822,2,262199.15,34,1,272708.5,269844.57,256643.32,279985.07,265716.26
169,14,1577892,2125331,882178,666263,2,265716.26,34,1,262199.15,272708.5,269844.57,256643.32,261736.67
169,15,1557328,2079543,889083,656882,2,261736.67,34,1,265716.26,262199.15,272708.5,269844.57,263512.43
169,16,1574695,1921693,958345,724634,2,263512.43,34,1,261736.67,265716.26,262199.15,272708.5,267888.25
169,17,1711776,1922543,972371,671677,2,267888.25,34,1,263512.43,261736.67,265716.26,262199.15,263073.38
169,18,1548253,1949700,950481,727222,2,263073.38,34,1,267888.25,263512.43,261736.67,265716.26,255115.88
169,19,1557262,1901225,879545,667912,2,255115.88,34,1,263073.38,267888.25,263512.43,261736.67,276101.32
169,20,1730187,2119250,975021,657849,2,276101.32,34,1,255115.88,263073.38,267888.25,263512.43,274425.0
169,21,1589936,2132252,951442,738338,2,274425.0,34,1,276101.32,255115.88,263073.38,267888.25,262444.98
169,22,1548301,1940850,874980,738085,2,262444.98,34,1,274425.0,276101.32,255115.88,263073.38,265855.58
169,23,1712645,1896260,959198,663098,2,265855.58,34,1,262444.98,274425.0,276101.32,255115.88,261480.58
169,24,1570153,1916010,894101,719714,2,261480.58,34,1,265855.58,262444.98,274425.0,276101.32,259285.8
169,25,1586189,1914968,953361,673532,2,259285.8,34,1,261480.58,265855.58,262444.98,274425.0,269356.67
169,26,1732545,1943804,963265,664835,3,269356.67,34,1,259285.8,261480.58,265855.58,262444.98,272238.12
169,27,1721339,1937424,886253,721836,3,272238.12,34,1,269356.67,259285.8,261480.58,265855.58,264591.73
169,28,1558369,1953821,968682,731559,2,264591.73,34,1,272238.12,269356.67,259285.8,261480.58,265026.57
169,29,1693196,1927710,867527,670017,2,265026.57,34,1,264591.73,272238.12,269356.67,259285.8,255520.2
169,30,1545898,1913338,872640,676207,2,255520.2,34,1,265026.57,264591.73,272238.12,269356.67,
170,1,1313140,1407686,1046550,488395,45,205220.97,34,1,,,,,219343.64
170,2,1415007,1545508,1135953,491587,49,219343.64,34,1,205220.97,,,,205293.86
170,3,1315740,1423349,1049573,479523,45,205293.86,34,1,219343.64,205220.97,,,209812.6
170,4,1312543,1413380,1060765,534506,46,209812.6,34,1,205293.86,219343.64,205220.97,,217408.86
170,5,1412149,1416043,1147983,530011,46,217408.86,34,1,209812.6,205293.86,219343.64,205220.97,217832.39
170,6,1423162,1420051,1136087,527097,50,217832.39,34,1,217408.86,209812.6,205293.86,219343.64,205228.81
170,7,1281415,1423068,1151386,485042,46,205228.81,34,1,217832.39,217408.86,209812.6,205293.86,215769.46
170,8,1426440,1389932,1045147,532412,45,215769.46,34,1,205228.81,217832.39,217408.86,209812.6,220925.9
170,9,1405908,1543796,1062102,529933,45,220925.9,34,1,215769.46,205228.81,217832.39,217408.86,213181.18
170,10,1298539,1518782,1037544,537293,50,213181.18,34,1,220925.9,215769.46,205228.81,217832.39,210637.59
170,11,1294663,1425549,1134739,537374,50,210637.59,34,1,213181.18,220925.9,215769.46,205228.81,209321.78
170,12,1286439,1559074,1062220,480020,50,209321.78,34,1,210637.59,213181.18,220925.9,215769.46,206488.44
170,13,1315446,1406246,1147699,483014,50,206488.44,34,1,209321.78,210637.59,213181.18,220925.9,213546.26
170,14,1280178,1521414,1136097,535354,49,213546.26,34,1,206488.44,209321.78,210637.59,213181.18,213697.48
170,15,1418865,1423100,1154299,479608,46,213697.48,34,1,213546.26,206488.44,209321.78,210637.59,215893.65
170,16,1424817,1409840,1062115,522633,46,215893.65,34,1,213697.48,213546.26,206488.44,209321.78,215839.19
170,17,1430863,1401224,1048010,524250,45,215839.19,34,1,215893.65,213697.48,213546.26,206488.44,212416.51
170,18,1428412,1406123,1030511,488972,50,212416.51,34,1,215839.19,215893.65,213697.48,213546.26,212503.1
170,19,1311417,1556974,1160500,480402,49,212503.1,34,1,212416.51,215839.19,215893.65,213697.48,203604.93
170,20,1302292,1405857,1042894,479787,45,203604.93,34,1,212503.1,212416.51,215839.19,215893.65,215124.95
170,21,1313082,1535096,1133642,523320,45,215124.95,34,1,203604.93,212503.1,212416.51,215839.19,209503.46
170,22,1314066,1411788,1030969,536149,49,209503.46,34,1,215124.95,203604.93,212503.1,212416.51,209934.41
170,23,1276227,1539226,1152800,486848,45,209934.41,34,1,209503.46,215124.95,203604.93,212503.1,209876.88
170,24,1290569,1537276,1149699,477371,45,209876.88,34,1,209934.41,209503.46,215124.95,203604.93,215307.23
170,25,1422731,1387870,1035545,532652,50,215307.23,34,1,209876.88,209934.41,209503.46,215124.95,210619.02
170,26,1282767,1550014,1146590,485870,45,210619.02,34,1,215307.23,209876.88,209934.41,209503.46,221757.13
170,27,1428692,1553314,1032552,523742,50,221757.13,34,1,210619.02,215307.23,209876.88,209934.41,206960.52
170,28,1300342,1424106,1154712,489554,45,206960.52,34,1,221757.13,210619.02,215307.23,209876.88,213674.9
170,29,1432527,1402165,1134673,482816,49,213674.9,34,1,206960.52,221757.13,210619.02,215307.23,210979.05
170,30,1290002,1541655,1134377,490763,45,210979.05,34,1,213674.9,206960.52,221757.13,210619.02,
171,1,1681428,2043433,828224,301969,6,235263.66,34,1,,,,,249016.61
171,2,1720853,2241374,827882,334439,6,249016.61,34,1,235263.66,,,,234822.11
171,3,1693675,2034484,753320,306073,6,234822.11,34,1,249016.61,235263.66,,,236447.69
171,4,1580396,2224802,835118,302386,6,236447.69,34,1,234822.11,249016.61,235263.66,,236739.21
171,5,1580508,2230004,822905,305353,6,236739.21,34,1,236447.69,234822.11,249016.61,235263.66,239256.89
171,6,1579899,2234503,822780,331645,6,239256.89,34,1,236739.21,236447.69,234822.11,249016.61,237958.78
171,7,1549749,2249093,830067,330830,6,237958.78,34,1,239256.89,236739.21,236447.69,234822.11,235373.4
171,8,1709703,2033982,742933,302792,6,235373.4,34,1,237958.78,239256.89,236739.21,236447.69,225382.33
171,9,1549604,2024606,748311,310444,6,225382.33,34,1,235373.4,237958.78,239256.89,236739.21,238575.48
171,10,1702622,2024874,833828,331040,6,238575.48,34,1,225382.33,235373.4,237958.78,239256.89,228479.23
171,11,1562813,2049963,825164,309526,6,228479.23,34,1,238575.48,225382.33,235373.4,237958.78,246013.72
171,12,1706107,2218544,753233,335931,6,246013.72,34,1,228479.23,238575.48,225382.33,235373.4,237359.13
171,13,1702961,2012089,744111,339590,6,237359.13,34,1,246013.72,228479.23,238575.48,225382.33,228024.21
171,14,1547222,2030426,753086,337882,6,228024.21,34,1,237359.13,246013.72,228479.23,238575.48,237025.34
171,15,1717468,2056463,751899,303473,6,237025.34,34,1,228024.21,237359.13,246013.72,228479.23,235286.35
171,16,1546651,2249416,816166,305808,6,235286.35,34,1,237025.34,228024.21,237359.13,246013.72,227057.49
171,17,1547393,2055626,825840,302096,6,227057.49,34,1,235286.35,237025.34,228024.21,237359.13,239105.95
171,18,1714312,2021345,831478,330584,6,239105.95,34,1,227057.49,235286.35,237025.34,228024.21,241050.9
171,19,1721334,2061730,816218,331165,6,241050.9,34,1,239105.95,227057.49,235286.35,237025.34,235142.22
171,20,1689774,2045830,755564,306758,6,235142.22,34,1,241050.9,239105.95,227057.49,235286.35,233879.54
171,21,1550130,2211591,825901,303467,6,233879.54,34,1,235142.22,241050.9,239105.95,227057.49,237522.89
171,22,1563258,2211432,818182,335911,6,237522.89,34,1,233879.54,235142.22,241050.9,239105.95,247544.88
171,23,1694222,2248330,822898,334945,6,247544.88,34,1,237522.89,233879.54,235142.22,241050.9,243713.93
171,24,1704183,2226035,759747,307153,6,243713.93,34,1,247544.88,237522.89,233879.54,235142.22,229995.92
171,25,1539197,2057921,834176,337986,6,229995.92,34,1,243713.93,247544.88,237522.89,233879.54,239678.41
171,26,1695497,2061395,832302,331740,6,239678.41,34,1,229995.92,243713.93,247544.88,237522.89,245053.24
171,27,1691118,2220520,764403,333102,6,245053.24,34,1,239678.41,229995.92,243713.93,247544.88,231075.92
171,28,1553534,2072679,814580,336388,6,231075.92,34,1,245053.24,239678.41,229995.92,243713.93,227673.67
171,29,1563469,2066133,760754,304368,6,227673.67,34,1,231075.92,245053.24,239678.41,229995.92,238765.21
171,30,1566904,2235736,830014,333643,6,238765.21,34,1,227673.67,231075.92,245053.24,239678.41,
172,1,1416383,2153034,854985,530789,24,243743.3,34,1,,,,,225749.41
172,2,1298260,1969457,937049,486305,22,225749.41,34,1,243743.3,,,,239116.2
172,3,1414379,2103606,935536,489153,22,239116.2,34,1,225749.41,243743.3,,,237083.05
172,4,1431739,1951794,850597,539986,22,237083.05,34,1,239116.2,225749.41,243743.3,,237347.03
172,5,1302437,2155005,917414,529468,25,237347.03,34,1,237083.05,239116.2,225749.41,243743.3,243259.06
172,6,1436481,2097532,840937,539265,22,243259.06,34,1,237347.03,237083.05,239116.2,225749.41,236730.12
172,7,1308617,2131356,917276,529177,22,236730.12,34,1,243259.06,237347.03,237083.05,239116.2,237583.82
172,8,1409037,2113643,858771,485338,25,237583.82,34,1,236730.12,243259.06,237347.03,237083.05,231469.08
172,9,1296356,2138392,858522,487098,25,231469.08,34,1,237583.82,236730.12,243259.06,237347.03,236339.72
172,10,1433198,1924863,913999,531621,22,236339.72,34,1,231469.08,237583.82,236730.12,243259.06,236066.18
172,11,1316568,2117393,836085,537373,22,236066.18,34,1,236339.72,231469.08,237583.82,236730.12,240122.76
172,12,1400091,2147096,933897,490723,22,240122.76,34,1,236066.18,236339.72,231469.08,237583.82,231146.26
172,13,1281570,2112239,929393,493351,24,231146.26,34,1,240122.76,236066.18,236339.72,231469.08,234023.28
172,14,1313492,2134065,918277,494219,23,234023.28,34,1,231146.26,240122.76,236066.18,236339.72,224402.16
172,15,1289358,1970968,859377,491223,22,224402.16,34,1,234023.28,231146.26,240122.76,236066.18,231385.55
172,16,1399372,1966658,851406,493036,22,231385.55,34,1,224402.16,234023.28,231146.26,240122.76,238855.46
172,17,1400075,2135151,924172,483988,25,238855.46,34,1,231385.55,224402.16,234023.28,231146.26,232194.61
172,18,1305582,2106620,934898,489318,24,232194.61,34,1,238855.46,231385.55,224402.16,234023.28,245581.25
172,19,1421277,2140469,931520,539524,24,245581.25,34,1,232194.61,238855.46,231385.55,224402.16,234662.83
172,20,1280595,2144544,854611,531705,22,234662.83,34,1,245581.25,232194.61,238855.46,231385.55,240352.33
172,21,1429467,2137883,844905,492645,24,240352.33,34,1,234662.83,245581.25,232194.61,238855.46,225712.05
172,22,1282521,1933085,850002,529931,22,225712.05,34,1,240352.33,234662.83,245581.25,232194.61,243106.15
172,23,1406864,2120428,928245,532328,22,243106.15,34,1,225712.05,240352.33,234662.83,245581.25,236169.88
172,24,1300639,2150286,852337,531762,22,236169.88,34,1,243106.15,225712.05,240352.33,234662.83,235634.37
172,25,1287534,2133890,933605,528029,22,235634.37,34,1,236169.88,243106.15,225712.05,240352.33,235813.55
172,26,1423587,1940728,846973,537556,24,235813.55,34,1,235634.37,236169.88,243106.15,225712.05,224670.42
172,27,1312599,1972499,838457,480597,22,224670.42,34,1,235813.55,235634.37,236169.88,243106.15,230808.62
172,28,1424302,1946439,841510,479894,24,230808.62,34,1,224670.42,235813.55,235634.37,236169.88,227915.25
172,29,1308776,1929482,849011,537337,25,227915.25,34,1,230808.62,224670.42,235813.55,235634.37,232208.8
172,30,1288313,2142203,924776,487241,22,232208.8,34,1,227915.25,230808.62,224670.42,235813.55,
173,1,1481045,1677390,968723,762416,47,250812.5,34,1,,,,,241461.0
173,2,1358565,1825914,957473,679963,44,241461.0,34,1,250812.5,,,,232730.05
173,3,1348162,1661230,884951,680186,44,232730.05,34,1,241461.0,250812.5,,,237804.33
173,4,1327892,1642927,888017,758942,47,237804.33,34,1,232730.05,241461.0,250812.5,,242879.14
173,5,1472797,1640843,967811,697482,48,242879.14,34,1,237804.33,232730.05,241461.0,250812.5,248065.44
173,6,1493704,1651937,874047,751914,47,248065.44,34,1,242879.14,237804.33,232730.05,241461.0,247259.68
173,7,1484169,1660055,875976,745722,44,247259.68,34,1,248065.44,242879.14,237804.33,232730.05,248437.77
173,8,1469520,1826627,873285,692593,43,248437.77,34,1,247259.68,248065.44,242879.14,237804.33,231926.39
173,9,1329288,1674470,882942,679064,48,231926.39,34,1,248437.77,247259.68,248065.44,242879.14,245449.29
173,10,1357172,1817738,871365,744676,43,245449.29,34,1,231926.39,248437.77,247259.68,248065.44,249890.21
173,11,1479436,1836965,865305,698227,48,249890.21,34,1,245449.29,231926.39,248437.77,247259.68,244127.68
173,12,1491777,1666152,963660,686716,43,244127.68,34,1,249890.21,245449.29,231926.39,248437.77,240605.08
173,13,1345507,1836219,871588,690737,44,240605.08,34,1,244127.68,249890.21,245449.29,231926.39,254515.78
173,14,1465374,1838142,947318,744135,43,254515.78,34,1,240605.08,244127.68,249890.21,245449.29,237046.08
173,15,1365291,1669281,951855,699799,48,237046.08,34,1,254515.78,240605.08,244127.68,249890.21,251920.34
173,16,1467130,1797800,867403,747355,48,251920.34,34,1,237046.08,254515.78,240605.08,244127.68,233578.12
173,17,1351481,1649860,885066,692455,43,233578.12,34,1,251920.34,237046.08,254515.78,240605.08,254414.97
173,18,1470120,1818274,867152,763424,47,254414.97,34,1,233578.12,251920.34,237046.08,254515.78,254765.54
173,19,1473896,1828860,953021,744041,44,254765.54,34,1,254414.97,233578.12,251920.34,237046.08,232596.7
173,20,1331859,1650996,962241,681081,43,232596.7,34,1,254765.54,254414.97,233578.12,251920.34,244550.95
173,21,1491847,1663117,951973,694891,47,244550.95,34,1,232596.7,254765.54,254414.97,233578.12,241315.81
173,22,1338642,1671788,963560,763007,44,241315.81,34,1,244550.95,232596.7,254765.54,254414.97,243792.03
173,23,1486203,1683449,960198,679607,48,243792.03,34,1,241315.81,244550.95,232596.7,254765.54,247123.6
173,24,1351545,1802705,948847,760130,43,247123.6,34,1,243792.03,241315.81,244550.95,232596.7,249673.92
173,25,1483018,1682943,958592,747651,43,249673.92,34,1,247123.6,243792.03,241315.81,244550.95,241216.84
173,26,1361110,1813354,879010,695553,43,241216.84,34,1,249673.92,247123.6,243792.03,241315.81,247566.48
173,27,1485431,1648501,887487,751469,48,247566.48,34,1,241216.84,249673.92,247123.6,243792.03,238418.19
173,28,1342381,1805265,885980,680461,43,238418.19,34,1,247566.48,241216.84,249673.92,247123.6,233094.64
173,29,1339333,1638830,955321,688126,47,233094.64,34,1,238418.19,247566.48,241216.84,249673.92,244796.63
173,30,1494183,1660209,960817,695672,47,244796.63,34,1,233094.64,238418.19,247566.48,241216.84,
174,1,1703638,1969545,977719,693157,51,271356.57,34,1,,,,,283887.27
174,2,1886560,1818941,977749,770433,51,283887.27,34,1,271356.57,,,,284332.96
174,3,1871473,1813989,1056368,774184,50,284332.96,34,1,283887.27,271356.57,,,271736.26
174,4,1680441,1970788,1065853,697403,47,271736.26,34,1,284332.96,283887.27,271356.57,,277493.51
174,5,1690052,1962334,984061,773164,46,277493.51,34,1,271736.26,284332.96,283887.27,271356.57,289189.29
174,6,1841394,1986696,1061762,768616,47,289189.29,34,1,277493.51,271736.26,284332.96,283887.27,280361.34
174,7,1856263,1775854,1066868,756839,51,280361.34,34,1,289189.29,277493.51,271736.26,284332.96,282168.82
174,8,1863992,1823561,977345,765531,51,282168.82,34,1,280361.34,289189.29,277493.51,271736.26,272613.4
174,9,1712159,1948726,985649,709179,47,272613.4,34,1,282168.82,280361.34,289189.29,277493.51,269055.18
174,10,1686873,1939544,984937,692279,51,269055.18,34,1,272613.4,282168.82,280361.34,289189.29,276547.01
174,11,1680613,1976022,966209,766361,47,276547.01,34,1,269055.18,272613.4,282168.82,280361.34,290061.21
174,12,1882945,1973935,989702,767472,46,290061.21,34,1,276547.01,269055.18,272613.4,282168.82,281681.88
174,13,1866158,1962258,987762,692384,51,281681.88,34,1,290061.21,276547.01,269055.18,272613.4,277109.71
174,14,1854067,1819197,1063959,702801,51,277109.71,34,1,281681.88,290061.21,276547.01,269055.18,275942.94
174,15,1679051,1984401,982276,753974,46,275942.94,34,1,277109.71,281681.88,290061.21,276547.01,283122.66
174,16,1846728,1973314,1055922,704782,46,283122.66,34,1,275942.94,277109.71,281681.88,290061.21,270349.16
174,17,1696009,1784553,976667,773413,51,270349.16,34,1,283122.66,275942.94,277109.71,281681.88,275172.32
174,18,1695606,1943290,974346,754031,47,275172.32,34,1,270349.16,283122.66,275942.94,277109.71,287913.27
174,19,1871039,1946442,979879,766747,46,287913.27,34,1,275172.32,270349.16,283122.66,275942.94,266738.63
174,20,1718511,1825140,982467,697339,47,266738.63,34,1,287913.27,275172.32,270349.16,283122.66,272250.92
174,21,1699468,1821644,1051449,761189,51,272250.92,34,1,266738.63,287913.27,275172.32,270349.16,264647.29
174,22,1696349,1803319,988000,699186,46,264647.29,34,1,272250.92,266738.63,287913.27,275172.32,279907.64
174,23,1846649,1779821,972156,774146,50,279907.64,34,1,264647.29,272250.92,266738.63,287913.27,278832.66
174,24,1720987,1967049,959669,768034,50,278832.66,34,1,279907.64,264647.29,272250.92,266738.63,288303.22
174,25,1881684,1966403,965472,756788,50,288303.22,34,1,278832.66,279907.64,264647.29,272250.92,263923.79
174,26,1711673,1783142,977888,691339,51,263923.79,34,1,288303.22,278832.66,279907.64,264647.29,278116.92
174,27,1695787,1955303,1061300,765127,51,278116.92,34,1,263923.79,288303.22,278832.66,279907.64,273130.97
174,28,1716149,1985910,984606,695004,47,273130.97,34,1,278116.92,263923.79,288303.22,278832.66,268148.34
174,29,1707420,1824394,1076689,704108,50,268148.34,34,1,273130.97,278116.92,263923.79,288303.22,287281.22
174,30,1838175,1975535,1058166,755596,51,287281.22,34,1,268148.34,273130.97,278116.92,263923.79,
175,1,1617785,2109405,845611,556502,4,257136.71,34,1,,,,,268988.23
175,2,1726808,2061980,907065,620337,4,268988.23,34,1,257136.71,,,,269652.25
175,3,1742590,2114324,827643,606571,4,269652.25,34,1,268988.23,257136.71,,,274643.59
175,4,1736552,2311304,911050,559744,4,274643.59,34,1,269652.25,268988.23,257136.71,,261572.24
175,5,1583587,2105060,922163,618324,4,261572.24,34,1,274643.59,269652.25,268988.23,257136.71,268641.05
175,6,1594767,2278843,926324,607356,4,268641.05,34,1,261572.24,274643.59,269652.25,268988.23,274446.26
175,7,1773769,2262962,906473,554049,4,274446.26,34,1,268641.05,261572.24,274643.59,269652.25,277953.43
175,8,1744081,2298015,838015,610507,4,277953.43,34,1,274446.26,268641.05,261572.24,274643.59,272237.09
175,9,1749167,2112671,925293,613471,4,272237.09,34,1,277953.43,274446.26,268641.05,261572.24,266686.03
175,10,1763433,2061092,918490,566814,4,266686.03,34,1,272237.09,277953.43,274446.26,268641.05,274157.19
175,11,1759966,2262301,912195,560028,4,274157.19,34,1,266686.03,272237.09,277953.43,274446.26,264536.19
175,12,1767800,2052239,846000,557155,4,264536.19,34,1,274157.19,266686.03,272237.09,277953.43,267143.17
175,13,1742893,2099891,918787,568607,4,267143.17,34,1,264536.19,274157.19,266686.03,272237.09,271183.92
175,14,1730261,2282169,844523,551536,4,271183.92,34,1,267143.17,264536.19,274157.19,266686.03,266076.26
175,15,1729984,2099078,909598,568107,4,266076.26,34,1,271183.92,267143.17,264536.19,274157.19,263638.42
175,16,1611969,2115448,918306,616723,4,263638.42,34,1,266076.26,271183.92,267143.17,264536.19,256863.85
175,17,1610758,2091535,926951,551983,4,256863.85,34,1,263638.42,266076.26,271183.92,267143.17,264177.21
175,18,1731449,2075290,916111,555836,4,264177.21,34,1,256863.85,263638.42,266076.26,271183.92,256244.26
175,19,1607907,2085233,921082,551153,4,256244.26,34,1,264177.21,256863.85,263638.42,266076.26,260131.4
175,20,1596942,2106957,829960,608677,4,260131.4,34,1,256244.26,264177.21,256863.85,263638.42,265969.0
175,21,1588648,2266237,831979,605167,4,265969.0,34,1,260131.4,256244.26,264177.21,256863.85,261228.4
175,22,1616009,2106943,834448,606325,4,261228.4,34,1,265969.0,260131.4,256244.26,264177.21,254309.25
175,23,1593968,2075964,846334,557638,4,254309.25,34,1,261228.4,265969.0,260131.4,256244.26,262662.19
175,24,1599085,2255350,848956,562950,4,262662.19,34,1,254309.25,261228.4,265969.0,260131.4,259584.24
175,25,1585642,2067127,907345,615088,4,259584.24,34,1,262662.19,254309.25,261228.4,265969.0,269776.16
175,26,1763613,2073232,830888,611291,4,269776.16,34,1,259584.24,262662.19,254309.25,261228.4,271268.95
175,27,1617649,2302547,925348,609239,4,271268.95,34,1,269776.16,259584.24,262662.19,254309.25,264560.15
175,28,1758560,2067585,834027,559131,4,264560.15,34,1,271268.95,269776.16,259584.24,262662.19,262464.01
175,29,1608705,2096565,910048,616305,4,262464.01,34,1,264560.15,271268.95,269776.16,259584.24,253609.75
175,30,1575599,2089423,847774,556583,4,253609.75,34,1,262464.01,264560.15,271268.95,269776.16,
176,1,1442705,1711072,737431,413099,27,214427.63,34,1,,,,,213155.5
176,2,1310623,1898006,738475,407085,27,213155.5,34,1,214427.63,,,,220728.91
176,3,1438800,1868695,738702,412483,25,220728.91,34,1,213155.5,214427.63,,,219357.8
176,4,1423928,1865641,718682,413030,28,219357.8,34,1,220728.91,213155.5,214427.63,,225066.36
176,5,1448637,1887629,721830,447803,28,225066.36,34,1,219357.8,220728.91,213155.5,214427.63,221524.31
176,6,1445801,1875015,805272,401206,25,221524.31,34,1,225066.36,219357.8,220728.91,213155.5,214849.68
176,7,1418842,1734054,801482,412604,25,214849.68,34,1,221524.31,225066.36,219357.8,220728.91,213793.51
176,8,1448381,1716857,722035,402113,27,213793.51,34,1,214849.68,221524.31,225066.36,219357.8,215431.68
176,9,1319389,1867861,728627,441795,25,215431.68,34,1,213793.51,214849.68,221524.31,225066.36,222247.48
176,10,1419133,1879886,733445,439228,25,222247.48,34,1,215431.68,213793.51,214849.68,221524.31,210885.82
176,11,1328588,1743345,723993,443336,28,210885.82,34,1,222247.48,215431.68,213793.51,214849.68,217827.32
176,12,1329867,1876967,805541,442582,28,217827.32,34,1,210885.82,222247.48,215431.68,213793.51,224869.52
176,13,1447157,1869761,789615,442614,25,224869.52,34,1,217827.32,210885.82,222247.48,215431.68,222774.13
176,14,1447770,1914623,734826,408131,25,222774.13,34,1,224869.52,217827.32,210885.82,222247.48,217108.65
176,15,1292378,1904605,797548,450208,25,217108.65,34,1,222774.13,224869.52,217827.32,210885.82,208007.99
176,16,1298998,1717577,722253,444959,25,208007.99,34,1,217108.65,222774.13,224869.52,217827.32,212262.92
176,17,1311230,1879613,737506,405454,27,212262.92,34,1,208007.99,217108.65,222774.13,224869.52,215057.17
176,18,1292974,1875745,803927,439247,25,215057.17,34,1,212262.92,208007.99,217108.65,222774.13,217214.71
176,19,1307404,1887148,787369,450529,27,217214.71,34,1,215057.17,212262.92,208007.99,217108.65,205383.38
176,20,1296428,1720704,800616,401969,25,205383.38,34,1,217214.71,215057.17,212262.92,208007.99,222404.7
176,21,1442100,1903727,799243,401414,28,222404.7,34,1,205383.38,217214.71,215057.17,212262.92,204943.21
176,22,1299569,1729050,717836,406052,25,204943.21,34,1,222404.7,205383.38,217214.71,215057.17,215530.28
176,23,1439726,1722730,803273,410059,28,215530.28,34,1,204943.21,222404.7,205383.38,217214.71,218443.23
176,24,1449144,1729252,720409,447676,25,218443.23,34,1,215530.28,204943.21,222404.7,205383.38,210695.24
176,25,1324381,1733037,737494,446565,27,210695.24,34,1,218443.23,215530.28,204943.21,222404.7,223331.8
176,26,1442423,1918056,797333,405172,25,223331.8,34,1,210695.24,218443.23,215530.28,204943.21,218633.03
176,27,1443334,1721178,796619,443804,27,218633.03,34,1,223331.8,210695.24,218443.23,215530.28,225643.8
176,28,1425205,1916019,794834,444581,27,225643.8,34,1,218633.03,223331.8,210695.24,218443.23,220248.95
176,29,1445117,1744405,789830,450914,25,220248.95,34,1,225643.8,218633.03,223331.8,210695.24,207477.52
176,30,1297947,1746327,796231,413016,28,207477.52,34,1,220248.95,225643.8,218633.03,223331.8,
177,1,1250057,1607445,1016975,648310,26,223416.03,34,1,,,,,220008.61
177,2,1372068,1476466,927124,599925,26,220008.61,34,1,223416.03,,,,225865.5
177,3,1353490,1600983,1009430,605499,26,225865.5,34,1,220008.61,223416.03,,,219506.85
177,4,1363640,1481812,920928,599073,24,219506.85,34,1,225865.5,220008.61,223416.03,,210780.66
177,5,1240264,1487006,910781,590432,24,210780.66,34,1,219506.85,225865.5,220008.61,223416.03,218203.98
177,6,1253927,1606851,1011331,589042,24,218203.98,34,1,210780.66,219506.85,225865.5,220008.61,227445.59
177,7,1373589,1615523,991660,605073,26,227445.59,34,1,218203.98,210780.66,219506.85,225865.5,224707.37
177,8,1362104,1616027,929379,594085,26,224707.37,34,1,227445.59,218203.98,210780.66,219506.85,221250.28
177,9,1377031,1470235,1016691,596687,26,221250.28,34,1,224707.37,227445.59,218203.98,210780.66,225199.09
177,10,1271541,1605676,1003937,655839,24,225199.09,34,1,221250.28,224707.37,227445.59,218203.98,218676.97
177,11,1264394,1490768,996606,643257,24,218676.97,34,1,225199.09,221250.28,224707.37,227445.59,224588.22
177,12,1379857,1592639,911873,594039,24,224588.22,34,1,218676.97,225199.09,221250.28,224707.37,225544.8
177,13,1350472,1495527,994105,655789,26,225544.8,34,1,224588.22,218676.97,225199.09,221250.28,213682.55
177,14,1263387,1470082,996874,598138,26,213682.55,34,1,225544.8,224588.22,218676.97,225199.09,227237.89
177,15,1384216,1602231,994530,600770,26,227237.89,34,1,213682.55,225544.8,224588.22,218676.97,217515.68
177,16,1260213,1611215,914273,592559,26,217515.68,34,1,227237.89,213682.55,225544.8,224588.22,224059.45
177,17,1235446,1630402,1006067,657293,26,224059.45,34,1,217515.68,227237.89,213682.55,225544.8,222839.42
177,18,1263797,1612096,925920,646486,24,222839.42,34,1,224059.45,217515.68,227237.89,213682.55,229677.37
177,19,1351088,1606930,1018686,645053,23,229677.37,34,1,222839.42,224059.45,217515.68,227237.89,221323.2
177,20,1376269,1492567,927644,603924,26,221323.2,34,1,229677.37,222839.42,224059.45,217515.68,220445.1
177,21,1386999,1460369,1003030,587658,26,220445.1,34,1,221323.2,229677.37,222839.42,224059.45,227023.95
177,22,1374703,1633314,995127,590722,23,227023.95,34,1,220445.1,221323.2,229677.37,222839.42,232220.17
177,23,1387164,1601325,993063,654588,23,232220.17,34,1,227023.95,220445.1,221323.2,229677.37,225035.27
177,24,1370355,1490869,915808,652283,24,225035.27,34,1,232220.17,227023.95,220445.1,221323.2,216384.48
177,25,1262168,1462934,905502,648944,26,216384.48,34,1,225035.27,232220.17,227023.95,220445.1,224977.3
177,26,1361632,1485931,915851,660191,24,224977.3,34,1,216384.48,225035.27,232220.17,227023.95,217675.99
177,27,1245671,1494895,919295,657795,24,217675.99,34,1,224977.3,216384.48,225035.27,232220.17,230132.9
177,28,1372607,1598455,908735,658609,23,230132.9,34,1,217675.99,224977.3,216384.48,225035.27,220318.75
177,29,1352127,1478386,1004227,602754,24,220318.75,34,1,230132.9,217675.99,224977.3,216384.48,224881.81
177,30,1359813,1460942,999197,656827,26,224881.81,34,1,220318.75,230132.9,217675.99,224977.3,
178,1,1423774,2281880,705143,513341,34,245572.97,34,1,,,,,234330.16
178,2,1303514,2097775,703324,560785,34,234330.16,34,1,245572.97,,,,248692.05
178,3,1397218,2286274,707260,564587,37,248692.05,34,1,234330.16,245572.97,,,244837.36
178,4,1429705,2268212,647746,517720,34,244837.36,34,1,248692.05,234330.16,245572.97,,227862.39
178,5,1276973,2093830,638679,521753,37,227862.39,34,1,244837.36,248692.05,234330.16,245572.97,243129.24
178,6,1418906,2259385,636962,512595,37,243129.24,34,1,227862.39,244837.36,248692.05,234330.16,251520.56
178,7,1416239,2311617,713545,569390,34,251520.56,34,1,243129.24,227862.39,244837.36,248692.05,226752.97
178,8,1278640,2061597,648260,521448,37,226752.97,34,1,251520.56,243129.24,227862.39,244837.36,230453.24
178,9,1295270,2099030,711979,521558,37,230453.24,34,1,226752.97,251520.56,243129.24,227862.39,246952.04
178,10,1398174,2267865,645152,564461,37,246952.04,34,1,230453.24,226752.97,251520.56,243129.24,247556.7
178,11,1406404,2253695,637314,573253,33,247556.7,34,1,246952.04,230453.24,226752.97,251520.56,234722.03
178,12,1275779,2275803,648617,512510,37,234722.03,34,1,247556.7,246952.04,230453.24,226752.97,233604.6
178,13,1403071,2055548,643541,511651,37,233604.6,34,1,234722.03,247556.7,246952.04,230453.24,244302.13
178,14,1419686,2252050,708561,515392,34,244302.13,34,1,233604.6,234722.03,247556.7,246952.04,230272.64
178,15,1299427,2107606,706089,513670,34,230272.64,34,1,244302.13,233604.6,234722.03,247556.7,241822.34
178,16,1424137,2111558,649638,560557,37,241822.34,34,1,230272.64,244302.13,233604.6,234722.03,232116.27
178,17,1301102,2059425,636014,568017,34,232116.27,34,1,241822.34,230272.64,244302.13,233604.6,242621.75
178,18,1302410,2277617,694461,571765,38,242621.75,34,1,232116.27,241822.34,230272.64,244302.13,229786.25
178,19,1307936,2072564,698482,519791,34,229786.25,34,1,242621.75,232116.27,241822.34,230272.64,243568.55
178,20,1396839,2270068,651910,525654,34,243568.55,34,1,229786.25,242621.75,232116.27,241822.34,236924.35
178,21,1411827,2096000,648583,522502,34,236924.35,34,1,243568.55,229786.25,242621.75,232116.27,242183.7
178,22,1402791,2118294,712261,565367,38,242183.7,34,1,236924.35,243568.55,229786.25,242621.75,235445.67
178,23,1417214,2061177,641407,519684,34,235445.67,34,1,242183.7,236924.35,243568.55,229786.25,242079.97
178,24,1416122,2102926,701696,563690,34,242079.97,34,1,235445.67,242183.7,236924.35,243568.55,240396.31
178,25,1291443,2273915,644905,565726,34,240396.31,34,1,242079.97,235445.67,242183.7,236924.35,238277.96
178,26,1400112,2119331,713302,523315,37,238277.96,34,1,240396.31,242079.97,235445.67,242183.7,237432.87
178,27,1400228,2117056,705416,516357,34,237432.87,34,1,238277.96,240396.31,242079.97,235445.67,238717.67
178,28,1312105,2286550,712938,514003,34,238717.67,34,1,237432.87,238277.96,240396.31,242079.97,242703.83
178,29,1295496,2281613,698584,575042,37,242703.83,34,1,238717.67,237432.87,238277.96,240396.31,233857.86
178,30,1300169,2101108,648537,566389,38,233857.86,34,1,242703.83,238717.67,237432.87,238277.96,
179,1,1223080,1926881,975072,398560,20,211808.02,34,1,,,,,226892.99
179,2,1313606,2159218,981334,391926,18,226892.99,34,1,211808.02,,,,220027.59
179,3,1317627,1967510,993535,399550,18,220027.59,34,1,226892.99,211808.02,,,227465.05
179,4,1317424,2157203,993286,394279,19,227465.05,34,1,220027.59,226892.99,211808.02,,216156.43
179,5,1222985,2116306,988833,356533,18,216156.43,34,1,227465.05,220027.59,226892.99,211808.02,218418.94
179,6,1324311,1940083,989756,390311,18,218418.94,34,1,216156.43,227465.05,220027.59,226892.99,210570.44
179,7,1221015,1972554,973674,365405,20,210570.44,34,1,218418.94,216156.43,227465.05,220027.59,214054.34
179,8,1337993,1924465,894516,356679,20,214054.34,34,1,210570.44,218418.94,216156.43,227465.05,210666.25
179,9,1229669,1963705,984524,362374,18,210666.25,34,1,214054.34,210570.44,218418.94,216156.43,222998.56
179,10,1321279,2110700,994396,363337,18,222998.56,34,1,210666.25,214054.34,210570.44,218418.94,227999.04
179,11,1347975,2159622,906044,393025,18,227999.04,34,1,222998.56,210666.25,214054.34,210570.44,217019.52
179,12,1347888,1921489,994873,365534,18,217019.52,34,1,227999.04,222998.56,210666.25,214054.34,217031.87
179,13,1337592,1918129,897694,392341,20,217031.87,34,1,217019.52,227999.04,222998.56,210666.25,222105.86
179,14,1330521,2123554,912496,355767,18,222105.86,34,1,217031.87,217019.52,227999.04,222998.56,217304.2
179,15,1344554,1977628,893893,363472,18,217304.2,34,1,222105.86,217031.87,217019.52,227999.04,208117.68
179,16,1226771,1918953,977194,358278,18,208117.68,34,1,217304.2,222105.86,217031.87,217019.52,221167.16
179,17,1349984,1962562,994673,391013,20,221167.16,34,1,208117.68,217304.2,222105.86,217031.87,225007.96
179,18,1331903,2150887,996561,358959,18,225007.96,34,1,221167.16,208117.68,217304.2,222105.86,217484.26
179,19,1314424,1947198,899180,400265,19,217484.26,34,1,225007.96,221167.16,208117.68,217304.2,210354.57
179,20,1233802,1954395,996713,358041,18,210354.57,34,1,217484.26,225007.96,221167.16,208117.68,219856.76
179,21,1316072,1963646,993820,400510,20,219856.76,34,1,210354.57,217484.26,225007.96,221167.16,229188.2
179,22,1349282,2158030,976763,393118,18,229188.2,34,1,219856.76,210354.57,217484.26,225007.96,214473.21
179,23,1204505,2107466,981762,356538,18,214473.21,34,1,229188.2,219856.76,210354.57,217484.26,218440.39
179,24,1205931,2117143,985127,394401,20,218440.39,34,1,214473.21,229188.2,219856.76,210354.57,226620.49
179,25,1317494,2132801,998118,395293,20,226620.49,34,1,218440.39,214473.21,229188.2,219856.76,206392.72
179,26,1201438,1948042,895556,358757,18,206392.72,34,1,226620.49,218440.39,214473.21,229188.2,222735.2
179,27,1326265,2143288,896091,359646,19,222735.2,34,1,206392.72,226620.49,218440.39,214473.21,212844.41
179,28,1198976,2110606,888722,357956,18,212844.41,34,1,222735.2,206392.72,226620.49,218440.39,216357.68
179,29,1338232,1938076,975825,360919,18,216357.68,34,1,212844.41,222735.2,206392.72,226620.49,226625.33
179,30,1345510,2121513,902860,397810,18,226625.33,34,1,216357.68,212844.41,222735.2,206392.72,
180,1,1881261,1806871,1005190,469861,51,256383.46,34,1,,,,,249364.64
180,2,1880025,1625132,988814,480156,47,249364.64,34,1,256383.46,,,,249713.56
180,3,1901942,1614829,994971,471927,46,249713.56,34,1,249364.64,256383.46,,,257272.06
180,4,1881661,1788019,1092415,472265,51,257272.06,34,1,249713.56,249364.64,256383.46,,252796.91
180,5,1907373,1649559,1073816,471736,50,252796.91,34,1,257272.06,249713.56,249364.64,256383.46,237499.77
180,6,1728554,1642452,1099813,429202,46,237499.77,34,1,252796.91,257272.06,249713.56,249364.64,252826.39
180,7,1905522,1640840,1080230,476271,46,252826.39,34,1,237499.77,252796.91,257272.06,249713.56,247331.07
180,8,1875834,1650447,1085429,431266,52,247331.07,34,1,252826.39,237499.77,252796.91,257272.06,243004.37
180,9,1717475,1807075,1073626,426665,47,243004.37,34,1,247331.07,252826.39,237499.77,252796.91,248957.03
180,10,1899911,1653812,1101552,427499,46,248957.03,34,1,243004.37,247331.07,252826.39,237499.77,236414.75
180,11,1732455,1613052,1102659,427475,47,236414.75,34,1,248957.03,243004.37,247331.07,252826.39,246415.88
180,12,1734707,1798506,980572,473044,46,246415.88,34,1,236414.75,248957.03,243004.37,247331.07,242258.08
180,13,1743922,1623477,1102863,479158,46,242258.08,34,1,246415.88,236414.75,248957.03,243004.37,238283.23
180,14,1739209,1627492,1089476,439042,52,238283.23,34,1,242258.08,246415.88,236414.75,248957.03,238452.66
180,15,1760564,1647433,1008611,431076,47,238452.66,34,1,238283.23,242258.08,246415.88,236414.75,252240.38
180,16,1874789,1803868,1003164,430334,51,252240.38,34,1,238452.66,238283.23,242258.08,246415.88,236774.03
180,17,1737753,1640740,1010221,431667,47,236774.03,34,1,252240.38,238452.66,238283.23,242258.08,237764.67
180,18,1736540,1618324,1100095,437527,50,237764.67,34,1,236774.03,252240.38,238452.66,238283.23,257523.15
180,19,1922448,1814975,1090502,433587,51,257523.15,34,1,237764.67,236774.03,252240.38,238452.66,237859.67
180,20,1741295,1652253,999252,437818,50,237859.67,34,1,257523.15,237764.67,236774.03,252240.38,236810.0
180,21,1722804,1629337,1090403,433481,46,236810.0,34,1,237859.67,257523.15,237764.67,236774.03,256675.33
180,22,1919854,1783988,1101541,438402,51,256675.33,34,1,236810.0,237859.67,257523.15,237764.67,240569.6
180,23,1741862,1641262,996257,473104,47,240569.6,34,1,256675.33,236810.0,237859.67,257523.15,246293.54
180,24,1739004,1769547,990439,480224,46,246293.54,34,1,240569.6,256675.33,236810.0,237859.67,253203.37
180,25,1898022,1796497,996733,428909,46,253203.37,34,1,246293.54,240569.6,256675.33,236810.0,246637.65
180,26,1895757,1633595,1002889,432122,47,246637.65,34,1,253203.37,246293.54,240569.6,256675.33,235317.12
180,27,1718805,1643768,996089,430305,46,235317.12,34,1,246637.65,253203.37,246293.54,240569.6,235363.48
180,28,1732220,1614213,1005464,433168,46,235363.48,34,1,235317.12,246637.65,253203.37,246293.54,241780.31
180,29,1709925,1794817,1008215,436126,46,241780.31,34,1,235363.48,235317.12,246637.65,253203.37,245115.83
180,30,1728860,1816465,1072970,437663,46,245115.83,34,1,241780.31,235363.48,235317.12,246637.65,
181,1,1807327,1615054,1000725,486711,10,245013.59,34,1,,,,,238399.68
181,2,1658491,1585670,1004250,533326,11,238399.68,34,1,245013.59,,,,251672.45
181,3,1844420,1620639,1005759,530380,10,251672.45,34,1,238399.68,245013.59,,,231076.74
181,4,1648603,1488161,1109099,485321,10,231076.74,34,1,251672.45,238399.68,245013.59,,246825.78
181,5,1844836,1597704,994951,488942,9,246825.78,34,1,231076.74,251672.45,238399.68,245013.59,240940.51
181,6,1666348,1621067,1013736,537718,9,240940.51,34,1,246825.78,231076.74,251672.45,238399.68,245083.96
181,7,1843929,1472095,986128,530112,10,245083.96,34,1,240940.51,246825.78,231076.74,251672.45,229520.45
181,8,1659053,1465574,989238,492873,10,229520.45,34,1,245083.96,240940.51,246825.78,231076.74,248921.6
181,9,1833137,1583931,989575,527953,10,248921.6,34,1,229520.45,245083.96,240940.51,246825.78,250615.91
181,10,1834347,1617301,997294,528995,10,250615.91,34,1,248921.6,229520.45,245083.96,240940.51,240533.2
181,11,1831782,1446362,1085964,482111,10,240533.2,34,1,250615.91,248921.6,229520.45,245083.96,239950.98
181,12,1690077,1585237,1009125,527137,11,239950.98,34,1,240533.2,250615.91,248921.6,229520.45,241699.53
181,13,1811685,1446934,985462,527544,10,241699.53,34,1,239950.98,240533.2,250615.91,248921.6,239839.49
181,14,1823215,1455025,995205,493104,11,239839.49,34,1,241699.53,239950.98,240533.2,250615.91,241366.85
181,15,1666439,1614306,1109094,528131,9,241366.85,34,1,239839.49,241699.53,239950.98,240533.2,228832.04
181,16,1661946,1463405,993416,483404,10,228832.04,34,1,241366.85,239839.49,241699.53,239950.98,241934.25
181,17,1824733,1469144,1106441,488421,9,241934.25,34,1,228832.04,241366.85,239839.49,241699.53,230785.76
181,18,1691227,1460050,989425,486306,9,230785.76,34,1,241934.25,228832.04,241366.85,239839.49,233148.93
181,19,1689577,1477069,1080336,489233,10,233148.93,34,1,230785.76,241934.25,228832.04,241366.85,233895.1
181,20,1648535,1454737,1083093,536855,10,233895.1,34,1,233148.93,230785.76,241934.25,228832.04,234829.31
181,21,1650620,1591508,1013876,494934,10,234829.31,34,1,233895.1,233148.93,230785.76,241934.25,241528.12
181,22,1695113,1607287,993543,533626,10,241528.12,34,1,234829.31,233895.1,233148.93,230785.76,234495.46
181,23,1649428,1485178,1083206,528739,10,234495.46,34,1,241528.12,234829.31,233895.1,233148.93,240062.14
181,24,1669787,1591314,1079235,527357,10,240062.14,34,1,234495.46,241528.12,234829.31,233895.1,237082.59
181,25,1658294,1627203,1091238,483755,10,237082.59,34,1,240062.14,234495.46,241528.12,234829.31,235290.05
181,26,1668664,1587122,1007830,490209,10,235290.05,34,1,237082.59,240062.14,234495.46,241528.12,234477.6
181,27,1662875,1591655,998300,484997,10,234477.6,34,1,235290.05,237082.59,240062.14,234495.46,229425.6
181,28,1680463,1451609,998583,481204,9,229425.6,34,1,234477.6,235290.05,237082.59,240062.14,251023.42
181,29,1848995,1594283,1009029,531516,10,251023.42,34,1,229425.6,234477.6,235290.05,237082.59,235157.18
181,30,1659202,1588265,1012235,494205,9,235157.18,34,1,251023.42,229425.6,234477.6,235290.05,
182,1,1849083,2081356,1138071,686806,1,287515.89,34,1,,,,,287123.53
182,2,2000972,1882354,1048324,681891,1,287123.53,34,1,287515.89,,,,283301.79
182,3,1976616,1919729,1143940,622265,1,283301.79,34,1,287123.53,287515.89,,,273803.68
182,4,1845153,1906994,1047234,634967,1,273803.68,34,1,283301.79,287123.53,287515.89,,286405.86
182,5,1999017,1861612,1034813,687416,1,286405.86,34,1,273803.68,283301.79,287123.53,287515.89,297065.24
182,6,2024190,2071349,1045530,688343,1,297065.24,34,1,286405.86,273803.68,283301.79,287123.53,282956.07
182,7,1979791,1890405,1158973,627002,1,282956.07,34,1,297065.24,286405.86,273803.68,283301.79,271580.87
182,8,1830817,1889941,1033319,631065,1,271580.87,34,1,282956.07,297065.24,286405.86,273803.68,275816.03
182,9,1849767,1891813,1161312,640206,1,275816.03,34,1,271580.87,282956.07,297065.24,286405.86,282564.57
182,10,1983786,1878618,1132226,630129,1,282564.57,34,1,275816.03,271580.87,282956.07,297065.24,289066.63
182,11,1976188,2090827,1033745,627272,1,289066.63,34,1,282564.57,275816.03,271580.87,282956.07,273847.65
182,12,1822623,1898458,1164024,634315,1,273847.65,34,1,289066.63,282564.57,275816.03,271580.87,290504.86
182,13,2010091,1917379,1055004,695377,1,290504.86,34,1,273847.65,289066.63,282564.57,275816.03,284027.14
182,14,2015517,1908398,1035867,627301,1,284027.14,34,1,290504.86,273847.65,289066.63,282564.57,275902.19
182,15,1837463,1919832,1143220,640315,1,275902.19,34,1,284027.14,290504.86,273847.65,289066.63,287559.76
182,16,1988341,1864688,1143756,686599,1,287559.76,34,1,275902.19,284027.14,290504.86,273847.65,278756.6
182,17,1848370,1896416,1039906,693814,1,278756.6,34,1,287559.76,275902.19,284027.14,290504.86,271729.75
182,18,1810198,1886188,1153014,627456,1,271729.75,34,1,278756.6,287559.76,275902.19,284027.14,271259.71
182,19,1819245,1885095,1034940,637772,1,271259.71,34,1,271729.75,278756.6,287559.76,275902.19,292253.74
182,20,2011693,2058236,1158984,629370,1,292253.74,34,1,271259.71,271729.75,278756.6,287559.76,278845.52
182,21,1811541,1914935,1163880,690087,1,278845.52,34,1,292253.74,271259.71,271729.75,278756.6,290202.98
182,22,2021589,2045225,1044737,626375,1,290202.98,34,1,278845.52,292253.74,271259.71,271729.75,296552.35
182,23,2008712,2079650,1061114,687092,1,296552.35,34,1,290202.98,278845.52,292253.74,271259.71,297078.07
182,24,2024586,2041426,1133291,686073,1,297078.07,34,1,296552.35,290202.98,278845.52,292253.74,285244.77
182,25,1825165,2090997,1049158,690553,1,285244.77,34,1,297078.07,296552.35,290202.98,278845.52,289007.11
182,26,1994859,1863495,1132741,700524,1,289007.11,34,1,285244.77,297078.07,296552.35,290202.98,293281.65
182,27,2027603,2080809,1036554,641187,1,293281.65,34,1,289007.11,285244.77,297078.07,296552.35,270612.32
182,28,1820435,1895527,1034422,624997,1,270612.32,34,1,293281.65,289007.11,285244.77,297078.07,294670.74
182,29,1989400,2047978,1131412,681975,1,294670.74,34,1,270612.32,293281.65,289007.11,285244.77,298727.61
182,30,2009894,2072698,1160000,695559,1,298727.61,34,1,294670.74,270612.32,293281.65,289007.11,
183,1,1099516,1632350,924306,446835,5,195003.24,34,1,,,,,206683.27
183,2,1212403,1624180,937524,496588,5,206683.27,34,1,195003.24,,,,202041.93
183,3,1106073,1779973,945819,447819,5,202041.93,34,1,206683.27,195003.24,,,212685.77
183,4,1204739,1778120,930689,498543,5,212685.77,34,1,202041.93,206683.27,195003.24,,211964.71
183,5,1224699,1796720,1024689,450444,5,211964.71,34,1,212685.77,202041.93,206683.27,195003.24,211061.74
183,6,1231418,1805334,928696,449108,5,211061.74,34,1,211964.71,212685.77,202041.93,206683.27,207158.62
183,7,1100838,1811134,935364,495779,5,207158.62,34,1,211061.74,211964.71,212685.77,202041.93,203309.37
183,8,1097897,1786289,1023994,450571,5,203309.37,34,1,207158.62,211061.74,211964.71,212685.77,195758.81
183,9,1116360,1607698,949961,449857,5,195758.81,34,1,203309.37,207158.62,211061.74,211964.71,211530.68
183,10,1220485,1792211,1038328,448264,5,211530.68,34,1,195758.81,203309.37,207158.62,211061.74,203098.96
183,11,1108142,1761645,1016631,453640,5,203098.96,34,1,211530.68,195758.81,203309.37,207158.62,208983.18
183,12,1128132,1792120,1032366,487524,5,208983.18,34,1,203098.96,211530.68,195758.81,203309.37,201026.56
183,13,1097402,1632235,1025330,496781,5,201026.56,34,1,208983.18,203098.96,211530.68,195758.81,206567.27
183,14,1103350,1780684,941405,500430,5,206567.27,34,1,201026.56,208983.18,203098.96,211530.68,209326.67
183,15,1215546,1778732,929991,453372,5,209326.67,34,1,206567.27,201026.56,208983.18,203098.96,202836.15
183,16,1210647,1625519,945791,453064,5,202836.15,34,1,209326.67,206567.27,201026.56,208983.18,205725.16
183,17,1119134,1811107,1024208,450551,5,205725.16,34,1,202836.15,209326.67,206567.27,201026.56,208356.29
183,18,1213191,1778414,927808,444850,5,208356.29,34,1,205725.16,202836.15,209326.67,206567.27,208777.03
183,19,1109736,1792904,1024740,499487,5,208777.03,34,1,208356.29,205725.16,202836.15,209326.67,198834.48
183,20,1117188,1638186,1021844,456130,5,198834.48,34,1,208777.03,208356.29,205725.16,202836.15,208971.37
183,21,1214974,1638698,1035618,495500,5,208971.37,34,1,198834.48,208777.03,208356.29,205725.16,213456.62
183,22,1209791,1769209,1038028,488023,5,213456.62,34,1,208971.37,198834.48,208777.03,208356.29,200657.45
183,23,1107115,1616074,1031020,492161,5,200657.45,34,1,213456.62,208971.37,198834.48,208777.03,203339.93
183,24,1210433,1643547,952874,449156,5,203339.93,34,1,200657.45,213456.62,208971.37,198834.48,207310.24
183,25,1118161,1787461,927748,497371,5,207310.24,34,1,203339.93,200657.45,213456.62,208971.37,201833.96
183,26,1204470,1630208,933566,446446,5,201833.96,34,1,207310.24,203339.93,200657.45,213456.62,208240.28
183,27,1119517,1762230,1040763,497803,5,208240.28,34,1,201833.96,207310.24,203339.93,200657.45,213880.47
183,28,1198366,1809268,1012599,487001,5,213880.47,34,1,208240.28,201833.96,207310.24,203339.93,195501.29
183,29,1104614,1608361,934835,457894,5,195501.29,34,1,213880.47,208240.28,201833.96,207310.24,209562.26
183,30,1203657,1762800,1032232,453277,5,209562.26,34,1,195501.29,213880.47,208240.28,201833.96,
184,1,1621160,1911301,1056708,790220,44,273626.79,34,1,,,,,260860.92
184,2,1630028,1776051,968695,721031,44,260860.92,34,1,273626.79,,,,264945.15
184,3,1615434,1743127,1051595,776963,40,264945.15,34,1,260860.92,273626.79,,,269438.26
184,4,1635510,1792831,1042706,790930,44,269438.26,34,1,264945.15,260860.92,273626.79,,257040.85
184,5,1486144,1746736,976570,794241,45,257040.85,34,1,269438.26,264945.15,260860.92,273626.79,269054.98
184,6,1656809,1958276,965802,708705,40,269054.98,34,1,257040.85,269438.26,264945.15,260860.92,260326.8
184,7,1502638,1926999,1065269,719100,40,260326.8,34,1,269054.98,257040.85,269438.26,264945.15,275019.63
184,8,1648655,1920510,1049415,782963,44,275019.63,34,1,260326.8,269054.98,257040.85,269438.26,269081.49
184,9,1647470,1770580,1040819,789040,41,269081.49,34,1,275019.63,260326.8,269054.98,257040.85,258207.99
184,10,1509359,1765742,959946,784724,40,258207.99,34,1,269081.49,275019.63,260326.8,269054.98,258961.52
184,11,1475942,1947167,973537,730517,44,258961.52,34,1,258207.99,269081.49,275019.63,260326.8,260318.13
184,12,1509282,1908575,1045128,726435,44,260318.13,34,1,258961.52,258207.99,269081.49,275019.63,276398.51
184,13,1644417,1955602,976027,798410,44,276398.51,34,1,260318.13,258961.52,258207.99,269081.49,269665.84
184,14,1648237,1787831,1049962,785301,44,269665.84,34,1,276398.51,260318.13,258961.52,258207.99,264406.81
184,15,1478087,1937878,978770,792712,40,264406.81,34,1,269665.84,276398.51,260318.13,258961.52,250502.52
184,16,1478558,1744713,972512,728878,40,250502.52,34,1,264406.81,269665.84,276398.51,260318.13,264009.01
184,17,1475509,1936073,1044915,778933,40,264009.01,34,1,250502.52,264406.81,269665.84,276398.51,256019.08
184,18,1486397,1742021,968546,786379,44,256019.08,34,1,264009.01,250502.52,264406.81,269665.84,272410.02
184,19,1616352,1936614,972504,783805,40,272410.02,34,1,256019.08,264009.01,250502.52,264406.81,258574.59
184,20,1491780,1919687,1045852,714404,40,258574.59,34,1,272410.02,256019.08,264009.01,250502.52,257619.84
184,21,1481501,1787621,966946,786806,41,257619.84,34,1,258574.59,272410.02,256019.08,264009.01,273928.74
184,22,1618981,1941873,1062897,779836,43,273928.74,34,1,257619.84,258574.59,272410.02,256019.08,256838.6
184,23,1481371,1778838,955311,784425,44,256838.6,34,1,273928.74,257619.84,258574.59,272410.02,268355.91
184,24,1646919,1781985,960454,790755,40,268355.91,34,1,256838.6,273928.74,257619.84,258574.59,252197.86
184,25,1472897,1789832,977496,729917,44,252197.86,34,1,268355.91,256838.6,273928.74,257619.84,262354.11
184,26,1639230,1747668,1042033,730766,41,262354.11,34,1,252197.86,268355.91,256838.6,273928.74,267386.93
184,27,1634790,1760294,1056222,781320,44,267386.93,34,1,262354.11,252197.86,268355.91,256838.6,268516.4
184,28,1518159,1940011,1050507,795408,44,268516.4,34,1,267386.93,262354.11,252197.86,268355.91,252385.47
184,29,1505290,1751463,954634,730668,44,252385.47,34,1,268516.4,267386.93,262354.11,252197.86,261335.25
184,30,1615162,1757790,1056605,729415,44,261335.25,34,1,252385.47,268516.4,267386.93,262354.11,
185,1,2062049,2145099,865891,772237,23,307217.64,34,1,,,,,297221.79
185,2,1897720,2181837,791802,775984,25,297221.79,34,1,307217.64,,,,301706.09
185,3,1894698,2137887,864993,834913,23,301706.09,34,1,297221.79,307217.64,,,303170.03
185,4,1888549,2184750,784503,848515,23,303170.03,34,1,301706.09,297221.79,307217.64,,297881.25
185,5,1891730,2189767,785529,785072,23,297881.25,34,1,303170.03,301706.09,297221.79,307217.64,305600.13
185,6,2037846,2159326,869975,764358,23,305600.13,34,1,297881.25,303170.03,301706.09,297221.79,293583.02
185,7,1874654,1972163,868848,835365,23,293583.02,34,1,305600.13,297881.25,303170.03,301706.09,311850.18
185,8,2027231,2172455,794887,848890,25,311850.18,34,1,293583.02,305600.13,297881.25,303170.03,299334.34
185,9,1905148,2176961,869327,782198,25,299334.34,34,1,311850.18,293583.02,305600.13,297881.25,294866.66
185,10,2028909,1946500,804950,762269,25,294866.66,34,1,299334.34,311850.18,293583.02,305600.13,304355.85
185,11,2031995,1955468,875567,848241,25,304355.85,34,1,294866.66,299334.34,311850.18,293583.02,308366.69
185,12,2070847,2179182,801635,774569,23,308366.69,34,1,304355.85,294866.66,299334.34,311850.18,297880.43
185,13,2051133,1951494,781905,781602,23,297880.43,34,1,308366.69,304355.85,294866.66,299334.34,288385.26
185,14,1904290,1971871,802070,768735,25,288385.26,34,1,297880.43,308366.69,304355.85,294866.66,312423.96
185,15,2068191,2147576,797486,836871,25,312423.96,34,1,288385.26,297880.43,308366.69,304355.85,296421.72
185,16,1892341,2152521,864333,771346,25,296421.72,34,1,312423.96,288385.26,297880.43,308366.69,293338.14
185,17,1874811,2140373,794872,768047,25,293338.14,34,1,296421.72,312423.96,288385.26,297880.43,285893.47
185,18,1852651,1966429,871734,768044,25,285893.47,34,1,293338.14,296421.72,312423.96,288385.26,312929.9
185,19,2055433,2136135,802748,855995,25,312929.9,34,1,285893.47,293338.14,296421.72,312423.96,305902.32
185,20,2046336,2177721,798047,766189,25,305902.32,34,1,312929.9,285893.47,293338.14,296421.72,294722.27
185,21,1861548,2166250,799064,780171,23,294722.27,34,1,305902.32,312929.9,285893.47,293338.14,299511.04
185,22,2058798,1975390,804381,778997,25,299511.04,34,1,294722.27,305902.32,312929.9,285893.47,287414.83
185,23,1879377,1991024,788830,769416,25,287414.83,34,1,299511.04,294722.27,305902.32,312929.9,304497.36
185,24,1903721,2166007,867948,845805,23,304497.36,34,1,287414.83,299511.04,294722.27,305902.32,310904.64
185,25,2025903,2154682,787570,848935,23,310904.64,34,1,304497.36,287414.83,299511.04,294722.27,314108.22
185,26,2056381,2147329,862976,852214,23,314108.22,34,1,310904.64,304497.36,287414.83,299511.04,304845.14
185,27,2055980,1959879,863395,836604,23,304845.14,34,1,314108.22,310904.64,304497.36,287414.83,306379.3
185,28,2036932,2159580,804130,785536,26,306379.3,34,1,304845.14,314108.22,310904.64,304497.36,289931.18
185,29,1905120,1960969,861428,779516,23,289931.18,34,1,306379.3,304845.14,314108.22,310904.64,296505.85
185,30,1891281,2141049,863826,778451,25,296505.85,34,1,289931.18,306379.3,304845.14,314108.22,
186,1,1144997,1403962,1034740,436984,41,189335.16,34,1,,,,,186413.4
186,2,1056727,1393819,1056859,468700,41,186413.4,34,1,189335.16,,,,189480.45
186,3,1072101,1426542,1035356,480406,44,189480.45,34,1,186413.4,189335.16,,,189174.58
186,4,1172855,1401328,947503,432300,44,189174.58,34,1,189480.45,186413.4,189335.16,,191337.49
186,5,1161217,1429274,1042932,434302,41,191337.49,34,1,189174.58,189480.45,186413.4,189335.16,192887.82
186,6,1152599,1393982,1046729,473354,41,192887.82,34,1,191337.49,189174.58,189480.45,186413.4,184882.45
186,7,1066104,1421141,1043230,434804,41,184882.45,34,1,192887.82,191337.49,189174.58,189480.45,187165.44
186,8,1069242,1396405,1034397,470941,40,187165.44,34,1,184882.45,192887.82,191337.49,189174.58,193677.09
186,9,1149755,1548049,954555,429532,44,193677.09,34,1,187165.44,184882.45,192887.82,191337.49,188083.68
186,10,1054736,1420154,1051238,477469,41,188083.68,34,1,193677.09,187165.44,184882.45,192887.82,186717.42
186,11,1059344,1427905,947319,474358,41,186717.42,34,1,188083.68,193677.09,187165.44,184882.45,188782.18
186,12,1155930,1411853,954726,433917,45,188782.18,34,1,186717.42,188083.68,193677.09,187165.44,188542.06
186,13,1064056,1527605,1040365,428027,41,188542.06,34,1,188782.18,186717.42,188083.68,193677.09,196448.64
186,14,1151033,1520758,962544,470545,40,196448.64,34,1,188542.06,188782.18,186717.42,188083.68,188091.82
186,15,1054976,1431229,1040033,474297,40,188091.82,34,1,196448.64,188542.06,188782.18,186717.42,189071.4
186,16,1159022,1424143,959965,428255,41,189071.4,34,1,188091.82,196448.64,188542.06,188782.18,200083.16
186,17,1155375,1547404,1039026,481425,45,200083.16,34,1,189071.4,188091.82,196448.64,188542.06,192381.64
186,18,1051822,1532577,1045247,476195,45,192381.64,34,1,200083.16,189071.4,188091.82,196448.64,197817.22
186,19,1148842,1521175,1057208,469844,41,197817.22,34,1,192381.64,200083.16,189071.4,188091.82,195017.63
186,20,1147382,1561777,966105,437637,41,195017.63,34,1,197817.22,192381.64,200083.16,189071.4,188027.0
186,21,1052560,1428288,1036641,477295,41,188027.0,34,1,195017.63,197817.22,192381.64,200083.16,195548.14
186,22,1156337,1545103,1037042,431881,41,195548.14,34,1,188027.0,195017.63,197817.22,192381.64,185523.42
186,23,1063416,1399530,951569,470570,41,185523.42,34,1,195548.14,188027.0,195017.63,197817.22,187774.41
186,24,1054602,1418950,1050030,474909,45,187774.41,34,1,185523.42,195548.14,188027.0,195017.63,191808.35
186,25,1143935,1429850,950285,468561,45,191808.35,34,1,187774.41,185523.42,195548.14,188027.0,191663.93
186,26,1042829,1556370,957840,479605,45,191663.93,34,1,191808.35,187774.41,185523.42,195548.14,193728.29
186,27,1156072,1534140,970623,429083,40,193728.29,34,1,191663.93,191808.35,187774.41,185523.42,199487.59
186,28,1162460,1522599,1036957,481604,45,199487.59,34,1,193728.29,191663.93,191808.35,187774.41,199897.02
186,29,1173162,1550125,959536,479811,41,199897.02,34,1,199487.59,193728.29,191663.93,191808.35,186962.86
186,30,1054706,1408908,1041502,472045,45,186962.86,34,1,199897.02,199487.59,193728.29,191663.93,
187,1,1807380,1614810,704224,845887,34,272527.31,34,1,,,,,277680.5
187,2,1810519,1750195,704075,838042,34,277680.5,34,1,272527.31,,,,269760.88
187,3,1650590,1786213,642759,859658,33,269760.88,34,1,277680.5,272527.31,,,265135.01
187,4,1814304,1605637,648092,773426,34,265135.01,34,1,269760.88,277680.5,272527.31,,269419.72
187,5,1671904,1750684,637919,857907,33,269419.72,34,1,265135.01,269760.88,277680.5,272527.31,272497.34
187,6,1836511,1590020,699402,836987,34,272497.34,34,1,269419.72,265135.01,269760.88,277680.5,273241.81
187,7,1817658,1770263,711012,773122,37,273241.81,34,1,272497.34,269419.72,265135.01,269760.88,259733.96
187,8,1644465,1764107,642976,763080,37,259733.96,34,1,273241.81,272497.34,269419.72,265135.01,273350.32
187,9,1831149,1634194,638355,840947,37,273350.32,34,1,259733.96,273241.81,272497.34,269419.72,254252.66
187,10,1644936,1596468,650279,778339,37,254252.66,34,1,273350.32,259733.96,273241.81,272497.34,270507.38
187,11,1686328,1749340,716145,845958,37,270507.38,34,1,254252.66,273350.32,259733.96,273241.81,273322.96
187,12,1826532,1620501,645077,849088,34,273322.96,34,1,270507.38,254252.66,273350.32,259733.96,263252.27
187,13,1653221,1633029,656351,854125,34,263252.27,34,1,273322.96,270507.38,254252.66,273350.32,280839.8
187,14,1851373,1741271,717430,845408,37,280839.8,34,1,263252.27,273322.96,270507.38,254252.66,266829.26
187,15,1646073,1744135,717448,836282,37,266829.26,34,1,280839.8,263252.27,273322.96,270507.38,255464.94
187,16,1656571,1634477,652869,765333,33,255464.94,34,1,266829.26,280839.8,263252.27,273322.96,273267.11
187,17,1830436,1624315,641817,844489,34,273267.11,34,1,255464.94,266829.26,280839.8,263252.27,271858.51
187,18,1810159,1590528,647010,858159,34,271858.51,34,1,273267.11,255464.94,266829.26,280839.8,273875.11
187,19,1832170,1608262,657049,854645,37,273875.11,34,1,271858.51,273267.11,255464.94,266829.26,281400.62
187,20,1846685,1772537,646741,853389,37,281400.62,34,1,273875.11,271858.51,273267.11,255464.94,273218.0
187,21,1819821,1753590,718260,777716,33,273218.0,34,1,281400.62,273875.11,271858.51,273267.11,261936.14
187,22,1652755,1594978,645782,859431,34,261936.14,34,1,273218.0,281400.62,273875.11,271858.51,262974.21
187,23,1659231,1618129,709106,844008,37,262974.21,34,1,261936.14,273218.0,281400.62,273875.11,273334.77
187,24,1835870,1761196,714198,764685,37,273334.77,34,1,262974.21,261936.14,273218.0,281400.62,273504.91
187,25,1824926,1623209,651882,849764,34,273504.91,34,1,273334.77,262974.21,261936.14,273218.0,279914.6
187,26,1815160,1763704,702621,853478,37,279914.6,34,1,273504.91,273334.77,262974.21,261936.14,271483.71
187,27,1806922,1763814,709379,764635,34,271483.71,34,1,279914.6,273504.91,273334.77,262974.21,272015.9
187,28,1806445,1624042,657090,845197,37,272015.9,34,1,271483.71,279914.6,273504.91,273334.77,264922.88
187,29,1684420,1624163,718525,842997,37,264922.88,34,1,272015.9,271483.71,279914.6,273504.91,262465.8
187,30,1677419,1616778,637513,838975,37,262465.8,34,1,264922.88,272015.9,271483.71,279914.6,
188,1,1384217,1737438,733589,720969,21,239439.81,34,1,,,,,239388.27
188,2,1392400,1582697,741268,784845,21,239388.27,34,1,239439.81,,,,237820.49
188,3,1382255,1720584,739757,711109,23,237820.49,34,1,239388.27,239439.81,,,235983.79
188,4,1393908,1695259,677616,705433,24,235983.79,34,1,237820.49,239388.27,239439.81,,238079.52
188,5,1412389,1696567,723157,706484,21,238079.52,34,1,235983.79,237820.49,239388.27,239439.81,248173.8
188,6,1547095,1546415,736082,788839,21,248173.8,34,1,238079.52,235983.79,237820.49,239388.27,246579.84
188,7,1549380,1696539,665513,712795,23,246579.84,34,1,248173.8,238079.52,235983.79,237820.49,237905.69
188,8,1381004,1572068,722295,784982,21,237905.69,34,1,246579.84,248173.8,238079.52,235983.79,240184.72
188,9,1527776,1563268,740979,705431,23,240184.72,34,1,237905.69,246579.84,248173.8,238079.52,232507.25
188,10,1410264,1561323,676885,717350,21,232507.25,34,1,240184.72,237905.69,246579.84,248173.8,232281.73
188,11,1408013,1571421,728608,702355,23,232281.73,34,1,232507.25,240184.72,237905.69,246579.84,230584.18
188,12,1392994,1549632,741508,702078,21,230584.18,34,1,232281.73,232507.25,240184.72,237905.69,231594.58
188,13,1390992,1584065,728369,701152,23,231594.58,34,1,230584.18,232281.73,232507.25,240184.72,239894.57
188,14,1402567,1576956,724694,788834,21,239894.57,34,1,231594.58,230584.18,232281.73,232507.25,242465.35
188,15,1552356,1569435,737710,710790,23,242465.35,34,1,239894.57,231594.58,230584.18,232281.73,236996.0
188,16,1413908,1694967,671758,703489,21,236996.0,34,1,242465.35,239894.57,231594.58,230584.18,237881.49
188,17,1388190,1570510,736055,777760,23,237881.49,34,1,236996.0,242465.35,239894.57,231594.58,252630.44
188,18,1532471,1721261,669990,779764,23,252630.44,34,1,237881.49,236996.0,242465.35,239894.57,240190.96
188,19,1530627,1580067,672373,708173,21,240190.96,34,1,252630.44,237881.49,236996.0,242465.35,232326.08
188,20,1411700,1553990,666291,719638,22,232326.08,34,1,240190.96,252630.44,237881.49,236996.0,247085.33
188,21,1527596,1712496,724526,715903,23,247085.33,34,1,232326.08,240190.96,252630.44,237881.49,237114.43
188,22,1395986,1700872,662010,716722,22,237114.43,34,1,247085.33,232326.08,240190.96,252630.44,232784.94
188,23,1404476,1559103,730268,715887,21,232784.94,34,1,237114.43,247085.33,232326.08,240190.96,243622.84
188,24,1403008,1709370,661478,780002,21,243622.84,34,1,232784.94,237114.43,247085.33,232326.08,247372.61
188,25,1530835,1735715,663626,717099,23,247372.61,34,1,243622.84,232784.94,237114.43,247085.33,244640.24
188,26,1515509,1711827,667245,708233,21,244640.24,34,1,247372.61,243622.84,232784.94,237114.43,246104.3
188,27,1534239,1700098,660674,717637,23,246104.3,34,1,244640.24,247372.61,243622.84,232784.94,232234.36
188,28,1394622,1546939,738316,721036,21,232234.36,34,1,246104.3,244640.24,247372.61,243622.84,235910.69
188,29,1394297,1556609,667562,770447,23,235910.69,34,1,232234.36,246104.3,244640.24,247372.61,245682.62
188,30,1416625,1734855,665717,780467,22,245682.62,34,1,235910.69,232234.36,246104.3,244640.24,
189,1,1163311,2076537,1116795,268901,39,204829.01,34,1,,,,,205421.74
189,2,1173206,2090479,1089932,266789,44,205421.74,34,1,204829.01,,,,204725.93
189,3,1175391,2056246,1094698,272508,40,204725.93,34,1,205421.74,204829.01,,,214858.54
189,4,1161386,2267806,1115524,293060,44,214858.54,34,1,204725.93,205421.74,204829.01,,202091.76
189,5,1156051,2061641,1004892,271070,40,202091.76,34,1,214858.54,204725.93,205421.74,204829.01,206822.58
189,6,1046817,2245016,1110202,297840,40,206822.58,34,1,202091.76,214858.54,204725.93,205421.74,205637.2
189,7,1163966,2086349,1012613,291835,39,205637.2,34,1,206822.58,202091.76,214858.54,204725.93,195924.68
189,8,1062345,2072721,996501,266433,39,195924.68,34,1,205637.2,206822.58,202091.76,214858.54,215697.45
189,9,1171440,2301336,1012648,298352,40,215697.45,34,1,195924.68,205637.2,206822.58,202091.76,205976.43
189,10,1075252,2271019,1015863,273165,39,205976.43,34,1,215697.45,195924.68,205637.2,206822.58,198412.52
189,11,1046163,2057171,1109770,292210,39,198412.52,34,1,205976.43,215697.45,195924.68,205637.2,203827.85
189,12,1162525,2059688,1110100,267394,40,203827.85,34,1,198412.52,205976.43,215697.45,195924.68,206863.2
189,13,1064908,2269198,1000615,294055,40,206863.2,34,1,203827.85,198412.52,205976.43,215697.45,214891.01
189,14,1177041,2298045,1111170,268946,43,214891.01,34,1,206863.2,203827.85,198412.52,205976.43,210935.61
189,15,1152416,2275198,1013917,271109,40,210935.61,34,1,214891.01,206863.2,203827.85,198412.52,196074.19
189,16,1050598,2050627,1104214,267139,40,196074.19,34,1,210935.61,214891.01,206863.2,203827.85,205132.47
189,17,1166405,2051755,1024011,298442,40,205132.47,34,1,196074.19,210935.61,214891.01,206863.2,207143.65
189,18,1050169,2302857,1113151,271643,39,207143.65,34,1,205132.47,196074.19,210935.61,214891.01,209601.79
189,19,1153223,2243306,1006601,271856,40,209601.79,34,1,207143.65,205132.47,196074.19,210935.61,210778.81
189,20,1173575,2251708,1012399,265329,39,210778.81,34,1,209601.79,207143.65,205132.47,196074.19,213256.85
189,21,1164094,2282380,1092693,270761,43,213256.85,34,1,210778.81,209601.79,207143.65,205132.47,199659.25
189,22,1060521,2062189,1108238,293661,44,199659.25,34,1,213256.85,210778.81,209601.79,207143.65,205474.75
189,23,1045608,2263953,1010649,293128,44,205474.75,34,1,199659.25,213256.85,210778.81,209601.79,207391.38
189,24,1174741,2056035,1120903,297853,39,207391.38,34,1,205474.75,199659.25,213256.85,210778.81,207066.65
189,25,1048032,2296909,1017169,292579,39,207066.65,34,1,207391.38,205474.75,199659.25,213256.85,207003.14
189,26,1064140,2266264,1006304,296483,39,207003.14,34,1,207066.65,207391.38,205474.75,199659.25,198164.91
189,27,1050975,2101020,1105237,266505,40,198164.91,34,1,207003.14,207066.65,207391.38,205474.75,202725.78
189,28,1046647,2253657,1019429,265077,40,202725.78,34,1,198164.91,207003.14,207066.65,207391.38,211370.22
189,29,1154994,2288241,1025828,265858,40,211370.22,34,1,202725.78,198164.91,207003.14,207066.65,204096.43
189,30,1170334,2091168,999569,270316,40,204096.43,34,1,211370.22,202725.78,198164.91,207003.14,
190,1,1761029,1468890,785718,674323,41,249290.98,34,1,,,,,248749.5
190,2,1760840,1591532,780878,612490,39,248749.5,34,1,249290.98,,,,241871.97
190,3,1742615,1439657,779308,620011,42,241871.97,34,1,248749.5,249290.98,,,265583.97
190,4,1939454,1577013,854643,664058,42,265583.97,34,1,241871.97,248749.5,249290.98,,261619.72
190,5,1934712,1604553,794301,621743,42,261619.72,34,1,265583.97,241871.97,248749.5,249290.98,248871.29
190,6,1742902,1598516,864729,608212,38,248871.29,34,1,261619.72,265583.97,241871.97,248749.5,253484.33
190,7,1909247,1453910,795194,619504,42,253484.33,34,1,248871.29,261619.72,265583.97,241871.97,264615.14
190,8,1911661,1598251,855146,663359,39,264615.14,34,1,253484.33,248871.29,261619.72,265583.97,259509.35
190,9,1909143,1467281,851572,669910,43,259509.35,34,1,264615.14,253484.33,248871.29,261619.72,260257.72
190,10,1913907,1449221,864833,680745,38,260257.72,34,1,259509.35,264615.14,253484.33,248871.29,248388.85
190,11,1742806,1444019,857943,675779,42,248388.85,34,1,260257.72,259509.35,264615.14,253484.33,259421.02
190,12,1921870,1452471,871696,662985,39,259421.02,34,1,248388.85,260257.72,259509.35,264615.14,253628.47
190,13,1751076,1587689,792189,673322,43,253628.47,34,1,259421.02,248388.85,260257.72,259509.35,259031.47
190,14,1916134,1461959,790519,673184,42,259031.47,34,1,253628.47,259421.02,248388.85,260257.72,254902.95
190,15,1951233,1453194,796752,605110,38,254902.95,34,1,259031.47,253628.47,259421.02,248388.85,264845.94
190,16,1940485,1565191,788520,672671,39,264845.94,34,1,254902.95,259031.47,253628.47,259421.02,254776.78
190,17,1939314,1441195,862830,605789,42,254776.78,34,1,264845.94,254902.95,259031.47,253628.47,257514.04
190,18,1914214,1456371,779440,662352,39,257514.04,34,1,254776.78,264845.94,254902.95,259031.47,251303.54
190,19,1771639,1467532,859656,676163,42,251303.54,34,1,257514.04,254776.78,264845.94,254902.95,266034.29
190,20,1933908,1587618,849607,669045,38,266034.29,34,1,251303.54,257514.04,254776.78,264845.94,265678.71
190,21,1925882,1565818,857077,679609,42,265678.71,34,1,266034.29,251303.54,257514.04,254776.78,252087.69
190,22,1781231,1588113,866384,620843,42,252087.69,34,1,265678.71,266034.29,251303.54,257514.04,256462.28
190,23,1930162,1468544,855189,619776,39,256462.28,34,1,252087.69,265678.71,266034.29,251303.54,259070.73
190,24,1922035,1602286,779070,606423,38,259070.73,34,1,256462.28,252087.69,265678.71,266034.29,248886.27
190,25,1741640,1457954,860804,675157,38,248886.27,34,1,259070.73,256462.28,252087.69,265678.71,254780.45
190,26,1934255,1448817,865050,605528,42,254780.45,34,1,248886.27,259070.73,256462.28,252087.69,243367.16
190,27,1754278,1428222,854653,619772,43,243367.16,34,1,254780.45,248886.27,259070.73,256462.28,241905.13
190,28,1741043,1467520,798672,605063,42,241905.13,34,1,243367.16,254780.45,248886.27,259070.73,246161.85
190,29,1791807,1440503,860394,617054,38,246161.85,34,1,241905.13,243367.16,254780.45,248886.27,256182.46
190,30,1764085,1595881,873144,673742,39,256182.46,34,1,246161.85,241905.13,243367.16,254780.45,
191,1,1641086,1677902,1024003,553476,1,243267.93,34,1,,,,,258293.17
191,2,1762992,1711807,1040809,613682,1,258293.17,34,1,243267.93,,,,247299.53
191,3,1608745,1702956,1022717,610046,1,247299.53,34,1,258293.17,243267.93,,,247625.72
191,4,1636476,1710507,1147199,567539,1,247625.72,34,1,247299.53,258293.17,243267.93,,254173.84
191,5,1781299,1718123,1037130,552590,1,254173.84,34,1,247625.72,247299.53,258293.17,243267.93,250640.69
191,6,1602804,1850039,1122777,564945,1,250640.69,34,1,254173.84,247625.72,247299.53,258293.17,261543.97
191,7,1798152,1838323,1048179,564468,1,261543.97,34,1,250640.69,254173.84,247625.72,247299.53,256670.68
191,8,1644782,1844966,1035180,619956,1,256670.68,34,1,261543.97,250640.69,254173.84,247625.72,252221.0
191,9,1762220,1687702,1024686,561019,1,252221.0,34,1,256670.68,261543.97,250640.69,254173.84,263684.75
191,10,1757135,1839127,1044027,618071,1,263684.75,34,1,252221.0,256670.68,261543.97,250640.69,249752.98
191,11,1608223,1709857,1136793,613632,1,249752.98,34,1,263684.75,252221.0,256670.68,261543.97,251729.17
191,12,1618351,1883150,1039113,565743,1,251729.17,34,1,249752.98,263684.75,252221.0,256670.68,261721.96
191,13,1766298,1863309,1139876,561039,1,261721.96,34,1,251729.17,249752.98,263684.75,252221.0,259510.41
191,14,1760336,1686530,1147705,621319,1,259510.41,34,1,261721.96,251729.17,249752.98,263684.75,266625.33
191,15,1770785,1877101,1118868,609621,1,266625.33,34,1,259510.41,261721.96,251729.17,249752.98,255322.43
191,16,1776268,1691209,1136656,563275,1,255322.43,34,1,266625.33,259510.41,261721.96,251729.17,263518.9
191,17,1756648,1849348,1042481,612126,1,263518.9,34,1,255322.43,266625.33,259510.41,261721.96,265212.65
191,18,1784449,1847348,1038696,612542,1,265212.65,34,1,263518.9,255322.43,266625.33,259510.41,261367.19
191,19,1771207,1857947,1138386,556334,1,261367.19,34,1,265212.65,263518.9,255322.43,266625.33,242951.64
191,20,1609375,1689559,1047480,563078,1,242951.64,34,1,261367.19,265212.65,263518.9,255322.43,259847.25
191,21,1787727,1687452,1139149,606499,1,259847.25,34,1,242951.64,261367.19,265212.65,263518.9,257908.79
191,22,1749660,1711230,1050934,617424,1,257908.79,34,1,259847.25,242951.64,261367.19,265212.65,251099.68
191,23,1637033,1707588,1136257,609007,1,251099.68,34,1,257908.79,259847.25,242951.64,261367.19,252421.23
191,24,1620208,1872871,1137049,558994,1,252421.23,34,1,251099.68,257908.79,259847.25,242951.64,260167.5
191,25,1779753,1721648,1050215,616142,1,260167.5,34,1,252421.23,251099.68,257908.79,259847.25,267791.69
191,26,1776171,1876133,1129952,617111,1,267791.69,34,1,260167.5,252421.23,251099.68,257908.79,259722.49
191,27,1769232,1693570,1132533,616779,1,259722.49,34,1,267791.69,260167.5,252421.23,251099.68,250230.24
191,28,1640211,1673327,1143106,611715,1,250230.24,34,1,259722.49,267791.69,260167.5,252421.23,257935.4
191,29,1749990,1689308,1117408,615526,1,257935.4,34,1,250230.24,259722.49,267791.69,260167.5,266707.31
191,30,1781815,1863115,1117723,609294,1,266707.31,34,1,257935.4,250230.24,259722.49,267791.69,
192,1,1834320,1995398,1137090,724234,37,286329.15,34,1,,,,,282957.31
192,2,1703866,1986027,1140908,784252,41,282957.31,34,1,286329.15,,,,292475.04
192,3,1833043,1978692,1121899,803813,37,292475.04,34,1,282957.31,286329.15,,,290027.45
192,4,1878800,1998819,1116181,735498,37,290027.45,34,1,292475.04,282957.31,286329.15,,286424.0
192,5,1862583,1954750,1118876,727134,37,286424.0,34,1,290027.45,292475.04,282957.31,286329.15,292244.66
192,6,1860230,1976463,1029355,799621,37,292244.66,34,1,286424.0,290027.45,292475.04,282957.31,285288.57
192,7,1840485,2006031,1022596,724207,37,285288.57,34,1,292244.66,286424.0,290027.45,292475.04,279805.9
192,8,1855998,1793221,1128854,731534,41,279805.9,34,1,285288.57,292244.66,286424.0,290027.45,285078.79
192,9,1877038,1793260,1031025,792700,37,285078.79,34,1,279805.9,285288.57,292244.66,286424.0,278435.01
192,10,1845392,1807727,1027715,735674,37,278435.01,34,1,285078.79,279805.9,285288.57,292244.66,267488.6
192,11,1709401,1789834,1029133,720075,37,267488.6,34,1,278435.01,285078.79,279805.9,285288.57,274117.86
192,12,1685444,1950194,1144325,715466,40,274117.86,34,1,267488.6,278435.01,285078.79,279805.9,281384.93
192,13,1702480,1959760,1022297,801616,37,281384.93,34,1,274117.86,267488.6,278435.01,285078.79,280903.67
192,14,1681692,1965595,1121348,790456,40,280903.67,34,1,281384.93,274117.86,267488.6,278435.01,277985.41
192,15,1718563,1824538,1118440,797516,37,277985.41,34,1,280903.67,281384.93,274117.86,267488.6,268996.36
192,16,1671273,1820612,1118711,733602,37,268996.36,34,1,277985.41,280903.67,281384.93,274117.86,280464.23
192,17,1685947,1950389,1136097,786885,40,280464.23,34,1,268996.36,277985.41,280903.67,281384.93,274211.32
192,18,1680695,1810129,1117750,789690,37,274211.32,34,1,280464.23,268996.36,277985.41,280903.67,281746.86
192,19,1713331,1971875,1016383,793287,41,281746.86,34,1,274211.32,280464.23,268996.36,277985.41,275890.24
192,20,1681898,2000071,1031951,735031,41,275890.24,34,1,281746.86,274211.32,280464.23,268996.36,274571.25
192,21,1698506,1953686,1016855,732723,40,274571.25,34,1,275890.24,281746.86,274211.32,280464.23,285931.85
192,22,1850976,1800172,1116433,802118,37,285931.85,34,1,274571.25,275890.24,281746.86,274211.32,280951.86
192,23,1702926,1970397,1017912,792362,37,280951.86,34,1,285931.85,274571.25,275890.24,281746.86,294651.71
192,24,1864122,1979092,1137722,802541,37,294651.71,34,1,280951.86,285931.85,274571.25,275890.24,272561.66
192,25,1679623,1782187,1029812,801151,37,272561.66,34,1,294651.71,280951.86,285931.85,274571.25,269433.85
192,26,1696391,1825895,1020443,735864,37,269433.85,34,1,272561.66,294651.71,280951.86,285931.85,277185.67
192,27,1717429,1953548,1140277,725677,40,277185.67,34,1,269433.85,272561.66,294651.71,280951.86,289782.28
192,28,1869832,2006110,1118963,735333,41,289782.28,34,1,277185.67,269433.85,272561.66,294651.71,276919.4
192,29,1839844,1792806,1031673,729051,37,276919.4,34,1,289782.28,277185.67,269433.85,272561.66,291241.59
192,30,1853810,1958213,1037196,800138,41,291241.59,34,1,276919.4,289782.28,277185.67,269433.85,
193,1,1191966,1785330,978030,715346,22,232491.78,34,1,,,,,226089.06
193,2,1080953,1780911,980667,725711,20,226089.06,34,1,232491.78,,,,236041.48
193,3,1209676,1783831,1049642,729618,22,236041.48,34,1,226089.06,232491.78,,,232446.69
193,4,1194426,1752785,978413,728094,22,232446.69,34,1,236041.48,226089.06,232491.78,,240571.61
193,5,1210291,1768245,976225,800016,22,240571.61,34,1,232446.69,236041.48,226089.06,232491.78,227597.04
193,6,1086906,1613709,1048555,803283,20,227597.04,34,1,240571.61,232446.69,236041.48,226089.06,226999.82
193,7,1102293,1751082,1063304,719232,22,226999.82,34,1,227597.04,240571.61,232446.69,236041.48,234651.77
193,8,1112101,1789051,955438,799096,20,234651.77,34,1,226999.82,227597.04,240571.61,232446.69,231035.56
193,9,1092386,1758563,979141,782977,22,231035.56,34,1,234651.77,226999.82,227597.04,240571.61,241162.92
193,10,1207671,1757331,1073462,795792,20,241162.92,34,1,231035.56,234651.77,226999.82,227597.04,218861.68
193,11,1097263,1598421,976005,719287,22,218861.68,34,1,241162.92,231035.56,234651.77,226999.82,222531.33
193,12,1096608,1642968,1050742,726175,22,222531.33,34,1,218861.68,241162.92,231035.56,234651.77,234311.02
193,13,1203704,1791348,981617,723641,20,234311.02,34,1,222531.33,218861.68,241162.92,231035.56,235954.93
193,14,1208723,1631562,1054224,799091,22,235954.93,34,1,234311.02,222531.33,218861.68,241162.92,227461.94
193,15,1093319,1792603,964339,729600,22,227461.94,34,1,235954.93,234311.02,222531.33,218861.68,220893.88
193,16,1101791,1632881,975299,722724,20,220893.88,34,1,227461.94,235954.93,234311.02,222531.33,228137.55
193,17,1100155,1596864,1073477,803019,20,228137.55,34,1,220893.88,227461.94,235954.93,234311.02,239174.45
193,18,1188342,1774588,982089,796293,20,239174.45,34,1,228137.55,220893.88,227461.94,235954.93,233408.3
193,19,1211677,1754776,981344,724903,20,233408.3,34,1,239174.45,228137.55,220893.88,227461.94,220409.02
193,20,1088771,1616023,1076243,716119,20,220409.02,34,1,233408.3,239174.45,228137.55,220893.88,235081.86
193,21,1210272,1789130,984519,727964,22,235081.86,34,1,220409.02,233408.3,239174.45,228137.55,225309.37
193,22,1091391,1620295,970089,785941,22,225309.37,34,1,235081.86,220409.02,233408.3,239174.45,238965.69
193,23,1203708,1783915,959770,782679,20,238965.69,34,1,225309.37,235081.86,220409.02,233408.3,224736.01
193,24,1194286,1602129,976759,712835,20,224736.01,34,1,238965.69,225309.37,235081.86,220409.02,233563.12
193,25,1188989,1748499,1052635,732838,22,233563.12,34,1,224736.01,238965.69,225309.37,235081.86,241434.59
193,26,1194581,1781707,1062971,798826,20,241434.59,34,1,233563.12,224736.01,238965.69,225309.37,225784.38
193,27,1084416,1775464,969188,724461,20,225784.38,34,1,241434.59,233563.12,224736.01,238965.69,233738.39
193,28,1216124,1600644,1047430,784764,22,233738.39,34,1,225784.38,241434.59,233563.12,224736.01,234153.0
193,29,1216369,1752688,1048782,718460,22,234153.0,34,1,233738.39,225784.38,241434.59,233563.12,233864.39
193,30,1199273,1638878,963804,795794,22,233864.39,34,1,234153.0,233738.39,225784.38,241434.59,
194,1,1643850,1722616,847820,493577,37,237022.26,34,1,,,,,250551.51
194,2,1795961,1705968,854511,540757,41,250551.51,34,1,237022.26,,,,252197.05
194,3,1784453,1726118,939355,542468,41,252197.05,34,1,250551.51,237022.26,,,242509.16
194,4,1628829,1740328,930490,541930,40,242509.16,34,1,252197.05,250551.51,237022.26,,242266.24
194,5,1623515,1867655,926757,484715,40,242266.24,34,1,242509.16,252197.05,250551.51,237022.26,247381.81
194,6,1767413,1742101,938251,494120,37,247381.81,34,1,242266.24,242509.16,252197.05,250551.51,250660.57
194,7,1651347,1902070,942459,538974,41,250660.57,34,1,247381.81,242266.24,242509.16,252197.05,249191.75
194,8,1775786,1699196,859945,542334,37,249191.75,34,1,250660.57,247381.81,242266.24,242509.16,251587.84
194,9,1765931,1871276,866604,495006,37,251587.84,34,1,249191.75,250660.57,247381.81,242266.24,259939.23
194,10,1801852,1896762,928023,538776,41,259939.23,34,1,251587.84,249191.75,250660.57,247381.81,244792.41
194,11,1783613,1698861,868876,486450,40,244792.41,34,1,259939.23,251587.84,249191.75,250660.57,252563.28
194,12,1765936,1897653,862625,494317,37,252563.28,34,1,244792.41,259939.23,251587.84,249191.75,254227.52
194,13,1814940,1860809,859497,495198,37,254227.52,34,1,252563.28,244792.41,259939.23,251587.84,246446.89
194,14,1766230,1731045,935174,490284,41,246446.89,34,1,254227.52,252563.28,244792.41,259939.23,246861.18
194,15,1658931,1892409,927924,498527,37,246861.18,34,1,246446.89,254227.52,252563.28,244792.41,247985.66
194,16,1630733,1902744,860060,538838,41,247985.66,34,1,246861.18,246446.89,254227.52,252563.28,241384.24
194,17,1610490,1879725,846794,493277,41,241384.24,34,1,247985.66,246861.18,246446.89,254227.52,257240.35
194,18,1793626,1859913,856688,544847,41,257240.35,34,1,241384.24,247985.66,246861.18,246446.89,242830.09
194,19,1646720,1728742,947951,534821,37,242830.09,34,1,257240.35,241384.24,247985.66,246861.18,247017.09
194,20,1810730,1712532,852779,488229,37,247017.09,34,1,242830.09,257240.35,241384.24,247985.66,247030.01
194,21,1613179,1862009,947239,543854,37,247030.01,34,1,247017.09,242830.09,257240.35,241384.24,249483.71
194,22,1643117,1900811,931113,534493,40,249483.71,34,1,247030.01,247017.09,242830.09,257240.35,235355.0
194,23,1633131,1696606,855612,493425,41,235355.0,34,1,249483.71,247030.01,247017.09,242830.09,253003.06
194,24,1776308,1870848,949856,488257,41,253003.06,34,1,235355.0,249483.71,247030.01,247017.09,255667.16
194,25,1797697,1904241,946050,487639,41,255667.16,34,1,253003.06,235355.0,249483.71,247030.01,243709.78
194,26,1626415,1870101,943148,494514,41,243709.78,34,1,255667.16,253003.06,235355.0,249483.71,237019.79
194,27,1646101,1698190,934691,487413,41,237019.79,34,1,243709.78,255667.16,253003.06,235355.0,235804.72
194,28,1610985,1710425,935411,493382,37,235804.72,34,1,237019.79,243709.78,255667.16,253003.06,255917.66
194,29,1814414,1880549,950350,488605,37,255917.66,34,1,235804.72,237019.79,243709.78,255667.16,243992.53
194,30,1619876,1889298,934694,494997,37,243992.53,34,1,255917.66,235804.72,237019.79,243709.78,
195,1,1239634,1534210,781564,754520,31,225387.84,34,1,,,,,215914.94
195,2,1144496,1379904,866379,773922,35,215914.94,34,1,225387.84,,,,230235.45
195,3,1265747,1385320,862672,843731,34,230235.45,34,1,215914.94,225387.84,,,227462.05
195,4,1144074,1535200,869009,829800,34,227462.05,34,1,230235.45,215914.94,225387.84,,220037.4
195,5,1141609,1524725,866077,754637,32,220037.4,34,1,227462.05,230235.45,215914.94,225387.84,224939.2
195,6,1128117,1537470,781277,828234,35,224939.2,34,1,220037.4,227462.05,230235.45,215914.94,232686.65
195,7,1236703,1546614,783713,831416,32,232686.65,34,1,224939.2,220037.4,227462.05,230235.45,226539.23
195,8,1263594,1519271,770907,758932,32,226539.23,34,1,232686.65,224939.2,220037.4,227462.05,233090.39
195,9,1242917,1517871,846790,833249,34,233090.39,34,1,226539.23,232686.65,224939.2,220037.4,227940.71
195,10,1162645,1521706,845412,832319,32,227940.71,34,1,233090.39,226539.23,232686.65,224939.2,220296.08
195,11,1138552,1530587,775751,773447,35,220296.08,34,1,227940.71,233090.39,226539.23,232686.65,227924.32
195,12,1254575,1537534,782622,770169,34,227924.32,34,1,220296.08,227940.71,233090.39,226539.23,226013.08
195,13,1133292,1516709,781025,846093,34,226013.08,34,1,227924.32,220296.08,227940.71,233090.39,223407.23
195,14,1266975,1386458,858533,767360,35,223407.23,34,1,226013.08,227924.32,220296.08,227940.71,228598.64
195,15,1264454,1537733,782194,770534,32,228598.64,34,1,223407.23,226013.08,227924.32,220296.08,233219.61
195,16,1253298,1540911,790968,826719,32,233219.61,34,1,228598.64,223407.23,226013.08,227924.32,219908.34
195,17,1241468,1377260,792801,763146,32,219908.34,34,1,233219.61,228598.64,223407.23,226013.08,227504.06
195,18,1146655,1534447,771602,846519,32,227504.06,34,1,219908.34,233219.61,228598.64,223407.23,220046.66
195,19,1251156,1377511,776411,760584,35,220046.66,34,1,227504.06,219908.34,233219.61,228598.64,213840.09
195,20,1149942,1376478,794392,761717,31,213840.09,34,1,220046.66,227504.06,219908.34,233219.61,223523.4
195,21,1142312,1413915,849987,847084,32,223523.4,34,1,213840.09,220046.66,227504.06,219908.34,222645.13
195,22,1153609,1526753,858292,775408,31,222645.13,34,1,223523.4,213840.09,220046.66,227504.06,219479.88
195,23,1128187,1509713,849487,768085,32,219479.88,34,1,222645.13,223523.4,213840.09,220046.66,214605.34
195,24,1140710,1391020,865617,757108,35,214605.34,34,1,219479.88,222645.13,223523.4,213840.09,216468.87
195,25,1157053,1386744,846511,771494,32,216468.87,34,1,214605.34,219479.88,222645.13,223523.4,230136.94
195,26,1267925,1404567,865944,831559,31,230136.94,34,1,216468.87,214605.34,219479.88,222645.13,229031.11
195,27,1267195,1380666,854427,832999,32,229031.11,34,1,230136.94,216468.87,214605.34,219479.88,221227.23
195,28,1130915,1545600,856491,767585,34,221227.23,34,1,229031.11,230136.94,216468.87,214605.34,228151.4
195,29,1265045,1519275,860538,759426,31,228151.4,34,1,221227.23,229031.11,230136.94,216468.87,222276.67
195,30,1153848,1545656,790307,774776,35,222276.67,34,1,228151.4,221227.23,229031.11,230136.94,
196,1,1262149,1814131,937161,374684,35,206852.35,34,1,,,,,199860.75
196,2,1269489,1673052,853793,372472,38,199860.75,34,1,206852.35,,,,204634.96
196,3,1276188,1654622,944568,412591,38,204634.96,34,1,199860.75,206852.35,,,205203.87
196,4,1270877,1811631,840418,368926,35,205203.87,34,1,204634.96,199860.75,206852.35,,191362.22
196,5,1164074,1624256,840983,378958,38,191362.22,34,1,205203.87,204634.96,199860.75,206852.35,199063.59
196,6,1160998,1822150,856369,372028,38,199063.59,34,1,191362.22,205203.87,204634.96,199860.75,197267.78
196,7,1242697,1625489,921331,372718,34,197267.78,34,1,199063.59,191362.22,205203.87,204634.96,193328.9
196,8,1164089,1631818,935297,380062,34,193328.9,34,1,197267.78,199063.59,191362.22,205203.87,199587.42
196,9,1255902,1637282,942534,379615,35,199587.42,34,1,193328.9,197267.78,199063.59,191362.22,191697.6
196,10,1152019,1637501,929137,369136,35,191697.6,34,1,199587.42,193328.9,197267.78,199063.59,194345.79
196,11,1158724,1631371,841736,412451,38,194345.79,34,1,191697.6,199587.42,193328.9,197267.78,205252.79
196,12,1275791,1788869,839972,376569,35,205252.79,34,1,194345.79,191697.6,199587.42,193328.9,196053.49
196,13,1162657,1640957,943975,405479,38,196053.49,34,1,205252.79,194345.79,191697.6,199587.42,199574.62
196,14,1272448,1664830,850310,371624,34,199574.62,34,1,196053.49,205252.79,194345.79,191697.6,195874.13
196,15,1147177,1663507,938926,405084,38,195874.13,34,1,199574.62,196053.49,205252.79,194345.79,198359.49
196,16,1242256,1634124,945212,376783,35,198359.49,34,1,195874.13,199574.62,196053.49,205252.79,194149.19
196,17,1143810,1649546,842392,412446,38,194149.19,34,1,198359.49,195874.13,199574.62,196053.49,198153.68
196,18,1244776,1665096,839688,377565,38,198153.68,34,1,194149.19,198359.49,195874.13,199574.62,207265.48
196,19,1241387,1821877,844080,407561,38,207265.48,34,1,198153.68,194149.19,198359.49,195874.13,208750.44
196,20,1273874,1802902,865499,405568,38,208750.44,34,1,207265.48,198153.68,194149.19,198359.49,200021.47
196,21,1151646,1785148,860357,405800,35,200021.47,34,1,208750.44,207265.48,198153.68,194149.19,198278.39
196,22,1267470,1643553,859758,368968,35,198278.39,34,1,200021.47,208750.44,207265.48,198153.68,200346.07
196,23,1151243,1819571,932272,380623,35,200346.07,34,1,198278.39,200021.47,208750.44,207265.48,206158.97
196,24,1255892,1819500,927166,370822,38,206158.97,34,1,200346.07,198278.39,200021.47,208750.44,200685.95
196,25,1243495,1646281,838964,415422,35,200685.95,34,1,206158.97,200346.07,198278.39,200021.47,199048.96
196,26,1140115,1780380,838867,409432,35,199048.96,34,1,200685.95,206158.97,200346.07,198278.39,191895.91
196,27,1148582,1673544,849407,371628,38,191895.91,34,1,199048.96,200685.95,206158.97,200346.07,210157.75
196,28,1270935,1816567,919489,407109,38,210157.75,34,1,191895.91,199048.96,200685.95,206158.97,194428.69
196,29,1162992,1668984,934145,376026,35,194428.69,34,1,210157.75,191895.91,199048.96,200685.95,210700.56
196,30,1269862,1818053,927900,411677,38,210700.56,34,1,194428.69,210157.75,191895.91,199048.96,
197,1,1592300,2200350,899822,712304,15,274230.09,34,1,,,,,279546.04
197,2,1597685,2188617,902126,772395,17,279546.04,34,1,274230.09,,,,274449.92
197,3,1612448,2022881,969385,769841,17,274449.92,34,1,279546.04,274230.09,,,258096.98
197,4,1468392,2000633,901383,714765,15,258096.98,34,1,274449.92,279546.04,274230.09,,269914.79
197,5,1467068,2155182,886746,777783,17,269914.79,34,1,258096.98,274449.92,279546.04,274230.09,271728.89
197,6,1476730,2176765,979796,763987,17,271728.89,34,1,269914.79,258096.98,274449.92,279546.04,271163.34
197,7,1594537,1980033,993969,761652,17,271163.34,34,1,271728.89,269914.79,258096.98,274449.92,279346.38
197,8,1592042,2193426,902531,771934,17,279346.38,34,1,271163.34,271728.89,269914.79,258096.98,268510.4
197,9,1621426,2015212,977609,699584,17,268510.4,34,1,279346.38,271163.34,271728.89,269914.79,270431.48
197,10,1586655,1979965,981485,761512,15,270431.48,34,1,268510.4,279346.38,271163.34,271728.89,265838.87
197,11,1589077,2000129,976646,700379,17,265838.87,34,1,270431.48,268510.4,279346.38,271163.34,256099.02
197,12,1447194,1978718,973499,704858,16,256099.02,34,1,265838.87,270431.48,268510.4,279346.38,264580.19
197,13,1439512,2194508,991174,701171,17,264580.19,34,1,256099.02,265838.87,270431.48,268510.4,264046.94
197,14,1474180,2013532,903575,770199,17,264046.94,34,1,264580.19,256099.02,265838.87,270431.48,262199.74
197,15,1439640,1999582,986156,765956,16,262199.74,34,1,264046.94,264580.19,256099.02,265838.87,264888.72
197,16,1465429,2170265,977498,699695,17,264888.72,34,1,262199.74,264046.94,264580.19,256099.02,279530.2
197,17,1605052,2171769,971775,762039,16,279530.2,34,1,264888.72,262199.74,264046.94,264580.19,264222.71
197,18,1579606,2015053,899552,696404,15,264222.71,34,1,279530.2,264888.72,262199.74,264046.94,272396.08
197,19,1596028,2149780,899549,712778,16,272396.08,34,1,264222.71,279530.2,264888.72,262199.74,263912.36
197,20,1470662,2006143,909370,773604,17,263912.36,34,1,272396.08,264222.71,279530.2,264888.72,262161.39
197,21,1465192,1977034,891397,774891,16,262161.39,34,1,263912.36,272396.08,264222.71,279530.2,266327.5
197,22,1482350,2012798,971811,777516,17,266327.5,34,1,262161.39,263912.36,272396.08,264222.71,270612.54
197,23,1451075,2197397,892042,776481,17,270612.54,34,1,266327.5,262161.39,263912.36,272396.08,279455.62
197,24,1594190,2189416,893530,775101,17,279455.62,34,1,270612.54,266327.5,262161.39,263912.36,265933.01
197,25,1479390,2158495,970342,708003,15,265933.01,34,1,279455.62,270612.54,266327.5,262161.39,271690.6
197,26,1475581,2167141,970145,770610,16,271690.6,34,1,265933.01,279455.62,270612.54,266327.5,269967.73
197,27,1450243,2178124,886715,779834,17,269967.73,34,1,271690.6,265933.01,279455.62,270612.54,266019.71
197,28,1581291,2021544,901841,711690,17,266019.71,34,1,269967.73,271690.6,265933.01,279455.62,265479.47
197,29,1598996,1965828,978410,704843,17,265479.47,34,1,266019.71,269967.73,271690.6,265933.01,264463.45
197,30,1601758,1983295,888598,699867,17,264463.45,34,1,265479.47,266019.71,269967.73,271690.6,
198,1,1331498,2026864,1096069,747174,25,256444.66,34,1,,,,,263485.8
198,2,1452662,1884378,1000752,821586,25,263485.8,34,1,256444.66,,,,260703.54
198,3,1435158,1868022,1007793,809617,23,260703.54,34,1,263485.8,256444.66,,,248908.57
198,4,1316656,1885106,1101243,739046,25,248908.57,34,1,260703.54,263485.8,256444.66,,254860.17
198,5,1314432,1872531,1010399,829030,23,254860.17,34,1,248908.57,260703.54,263485.8,256444.66,259215.89
198,6,1346791,1889061,1101385,829819,25,259215.89,34,1,254860.17,248908.57,260703.54,263485.8,261036.45
198,7,1321684,2035030,989277,820828,23,261036.45,34,1,259215.89,254860.17,248908.57,260703.54,253813.56
198,8,1308679,2026245,980147,755819,25,253813.56,34,1,261036.45,259215.89,254860.17,248908.57,264523.33
198,9,1474849,2041704,991144,745968,25,264523.33,34,1,253813.56,261036.45,259215.89,254860.17,263709.87
198,10,1433945,1897590,1087266,815631,23,263709.87,34,1,264523.33,253813.56,261036.45,259215.89,249765.79
198,11,1331755,1858303,1094891,751281,25,249765.79,34,1,263709.87,264523.33,253813.56,261036.45,263925.0
198,12,1468118,2026826,990019,751273,25,263925.0,34,1,249765.79,263709.87,264523.33,253813.56,255445.13
198,13,1454959,1855952,1008685,742510,23,255445.13,34,1,263925.0,249765.79,263709.87,264523.33,269038.6
198,14,1462407,2027232,984560,812889,23,269038.6,34,1,255445.13,263925.0,249765.79,263709.87,257379.52
198,15,1344629,2044497,1095960,739951,23,257379.52,34,1,269038.6,255445.13,263925.0,249765.79,263734.62
198,16,1464755,1854081,1100143,811579,25,263734.62,34,1,257379.52,269038.6,255445.13,263925.0,263231.22
198,17,1455787,2056093,992589,738408,25,263231.22,34,1,263734.62,257379.52,269038.6,255445.13,254786.35
198,18,1346343,1854908,994714,816301,25,254786.35,34,1,263231.22,263734.62,257379.52,269038.6,261603.19
198,19,1334764,2048224,987211,811969,25,261603.19,34,1,254786.35,263231.22,263734.62,257379.52,268887.27
198,20,1455987,2032180,1008427,809181,23,268887.27,34,1,261603.19,254786.35,263231.22,263734.62,262503.98
198,21,1453018,1856491,987585,825773,23,262503.98,34,1,268887.27,261603.19,254786.35,263231.22,255139.4
198,22,1337508,2028025,1005190,744412,23,255139.4,34,1,262503.98,268887.27,261603.19,254786.35,260523.16
198,23,1472063,1884897,1095461,757288,23,260523.16,34,1,255139.4,262503.98,268887.27,261603.19,254702.22
198,24,1329260,1878605,1008582,814134,25,254702.22,34,1,260523.16,255139.4,262503.98,268887.27,258436.52
198,25,1465174,1850967,1102879,753475,25,258436.52,34,1,254702.22,260523.16,255139.4,262503.98,262321.82
198,26,1327770,2072277,990869,813148,25,262321.82,34,1,258436.52,254702.22,260523.16,255139.4,248185.02
198,27,1318867,1875387,979866,756065,25,248185.02,34,1,262321.82,258436.52,254702.22,260523.16,255950.33
198,28,1316489,2063811,1006792,751631,23,255950.33,34,1,248185.02,262321.82,258436.52,254702.22,256043.81
198,29,1459172,1855233,1001738,747720,23,256043.81,34,1,255950.33,248185.02,262321.82,258436.52,253882.73
198,30,1324442,2024766,996055,743042,25,253882.73,34,1,256043.81,255950.33,248185.02,262321.82,
199,1,2037954,2085865,647150,608154,33,284786.99,34,1,,,,,278925.96
199,2,1910148,2118200,702719,609908,32,278925.96,34,1,284786.99,,,,271964.47
199,3,1898382,1887449,645765,658522,29,271964.47,34,1,278925.96,284786.99,,,283286.53
199,4,2055514,1891013,704604,658749,29,283286.53,34,1,271964.47,278925.96,284786.99,,293847.33
199,5,2088900,2089100,645285,670843,32,293847.33,34,1,283286.53,271964.47,278925.96,284786.99,279392.25
199,6,1886207,2072506,644851,664016,32,279392.25,34,1,293847.33,283286.53,271964.47,278925.96,267320.76
199,7,1892789,1883323,711999,600888,30,267320.76,34,1,279392.25,293847.33,283286.53,271964.47,283130.03
199,8,2054416,1919543,651122,654326,30,283130.03,34,1,267320.76,279392.25,293847.33,283286.53,294258.23
199,9,2077523,2116399,649071,670236,29,294258.23,34,1,283130.03,267320.76,279392.25,293847.33,281641.22
199,10,2089031,1927030,645059,610574,29,281641.22,34,1,294258.23,283130.03,267320.76,279392.25,266186.64
199,11,1860722,1892068,694967,610409,32,266186.64,34,1,281641.22,294258.23,283130.03,267320.76,271488.48
199,12,1874743,1885865,709804,659291,32,271488.48,34,1,266186.64,281641.22,294258.23,283130.03,284966.46
199,13,2074290,1900102,638591,671698,32,284966.46,34,1,271488.48,266186.64,281641.22,294258.23,287064.01
199,14,2066293,2078862,695772,607422,29,287064.01,34,1,284966.46,271488.48,266186.64,281641.22,278963.95
199,15,2045711,1923103,640401,614689,32,278963.95,34,1,287064.01,284966.46,271488.48,266186.64,286759.67
199,16,2059435,2083869,702594,605408,32,286759.67,34,1,278963.95,287064.01,284966.46,271488.48,282898.73
199,17,1896043,2105475,703757,669811,29,282898.73,34,1,286759.67,278963.95,287064.01,284966.46,276105.6
199,18,2032389,1904939,640102,601044,32,276105.6,34,1,282898.73,286759.67,278963.95,287064.01,286634.04
199,19,2061210,1936945,711555,669211,32,286634.04,34,1,276105.6,282898.73,286759.67,278963.95,291531.59
199,20,2037273,2106485,698279,664557,29,291531.59,34,1,286634.04,276105.6,282898.73,286759.67,282212.54
199,21,2083807,1937971,694462,606585,30,282212.54,34,1,291531.59,286634.04,276105.6,282898.73,277672.97
199,22,2052231,1883641,711376,601042,32,277672.97,34,1,282212.54,291531.59,286634.04,276105.6,286248.85
199,23,2080336,1943089,639367,661503,33,286248.85,34,1,277672.97,282212.54,291531.59,286634.04,280643.92
199,24,1876253,2103664,701771,660229,33,280643.92,34,1,286248.85,277672.97,282212.54,291531.59,271749.45
199,25,1884666,1886328,652500,665284,32,271749.45,34,1,280643.92,286248.85,277672.97,282212.54,291666.99
199,26,2066801,2079705,636635,668482,32,291666.99,34,1,271749.45,280643.92,286248.85,277672.97,269677.31
199,27,1904830,1889486,711661,615566,32,269677.31,34,1,291666.99,271749.45,280643.92,286248.85,287951.02
199,28,2045696,2114462,709906,612979,32,287951.02,34,1,269677.31,291666.99,271749.45,280643.92,272053.54
199,29,1864646,1918347,644426,669679,29,272053.54,34,1,287951.02,269677.31,291666.99,271749.45,274886.83
199,30,1885644,1937340,705405,666078,33,274886.83,34,1,272053.54,287951.02,269677.31,291666.99,
200,1,1180702,1540224,972996,774094,48,226733.7,34,1,,,,,240436.71
200,2,1187745,1679399,951872,860319,44,240436.71,34,1,226733.7,,,,233359.82
200,3,1079250,1673619,972760,858696,47,233359.82,34,1,240436.71,226733.7,,,226733.29
200,4,1090028,1531366,971194,843696,48,226733.29,34,1,233359.82,240436.71,226733.7,,223048.23
200,5,1090484,1526987,1059995,788349,48,223048.23,34,1,226733.29,233359.82,240436.71,226733.7,224718.98
200,6,1069221,1670316,951773,775448,47,224718.98,34,1,223048.23,226733.29,233359.82,240436.71,241673.43
200,7,1191340,1679589,1047153,853986,48,241673.43,34,1,224718.98,223048.23,226733.29,233359.82,224764.98
200,8,1067354,1504041,969097,851216,48,224764.98,34,1,241673.43,224718.98,223048.23,226733.29,225598.19
200,9,1079417,1511367,971786,847900,47,225598.19,34,1,224764.98,241673.43,224718.98,223048.23,225590.81
200,10,1183874,1517619,945884,774562,48,225590.81,34,1,225598.19,224764.98,241673.43,224718.98,237263.67
200,11,1162755,1647287,958405,856787,47,237263.67,34,1,225590.81,225598.19,224764.98,241673.43,234394.2
200,12,1086357,1655223,1040869,861173,44,234394.2,34,1,237263.67,225590.81,225598.19,224764.98,226634.09
200,13,1165350,1525784,965724,792043,48,226634.09,34,1,234394.2,237263.67,225590.81,225598.19,238790.78
200,14,1162637,1660293,1036676,853508,47,238790.78,34,1,226634.09,234394.2,237263.67,225590.81,226531.1
200,15,1168064,1506286,1047853,783017,48,226531.1,34,1,238790.78,226634.09,234394.2,237263.67,232164.44
200,16,1074510,1655986,961929,859000,44,232164.44,34,1,226531.1,238790.78,226634.09,234394.2,226829.0
200,17,1188447,1507810,1051072,770378,47,226829.0,34,1,232164.44,226531.1,238790.78,226634.09,225832.64
200,18,1083457,1525628,955318,843986,48,225832.64,34,1,226829.0,232164.44,226531.1,238790.78,238182.7
200,19,1158217,1666122,1041192,846421,44,238182.7,34,1,225832.64,226829.0,232164.44,226531.1,225486.42
200,20,1067414,1542107,964398,842384,48,225486.42,34,1,238182.7,225832.64,226829.0,232164.44,234321.66
200,21,1076739,1675408,1044380,857281,47,234321.66,34,1,225486.42,238182.7,225832.64,226829.0,231562.05
200,22,1076753,1664335,955812,847948,48,231562.05,34,1,234321.66,225486.42,238182.7,225832.64,222235.72
200,23,1070633,1541181,1052097,788469,47,222235.72,34,1,231562.05,234321.66,225486.42,238182.7,226723.38
200,24,1167271,1535456,969147,786545,48,226723.38,34,1,222235.72,231562.05,234321.66,225486.42,225211.05
200,25,1064768,1658110,1048930,772056,44,225211.05,34,1,226723.38,222235.72,231562.05,234321.66,224641.41
200,26,1076124,1504003,962675,844732,47,224641.41,34,1,225211.05,226723.38,222235.72,231562.05,228084.35
200,27,1183996,1542651,951388,789517,48,228084.35,34,1,224641.41,225211.05,226723.38,222235.72,241382.01
200,28,1188129,1689167,973992,861966,43,241382.01,34,1,228084.35,224641.41,225211.05,226723.38,237775.79
200,29,1161285,1647929,1047143,847047,48,237775.79,34,1,241382.01,228084.35,224641.41,225211.05,232625.04
200,30,1083508,1654795,1035877,844708,47,232625.04,34,1,237775.79,241382.01,228084.35,224641.41,
201,1,1435232,2227527,878680,344211,45,231644.86,34,1,,,,,225999.52
201,2,1336551,2198110,966238,350215,45,225999.52,34,1,231644.86,,,,225097.98
201,3,1339430,2218852,875190,345133,44,225097.98,34,1,225999.52,231644.86,,,237444.28
201,4,1458618,2256409,878985,378265,45,237444.28,34,1,225097.98,225999.52,231644.86,,220331.85
201,5,1317955,2049048,878309,385866,41,220331.85,34,1,237444.28,225097.98,225999.52,231644.86,226902.36
201,6,1460519,2040094,962234,345101,45,226902.36,34,1,220331.85,237444.28,225097.98,225999.52,224253.02
201,7,1437384,2044499,874741,346261,44,224253.02,34,1,226902.36,220331.85,237444.28,225097.98,226925.34
201,8,1328433,2237687,966394,347943,44,226925.34,34,1,224253.02,226902.36,220331.85,237444.28,219613.9
201,9,1320813,2036838,874164,382261,45,219613.9,34,1,226925.34,224253.02,226902.36,220331.85,233523.72
201,10,1450714,2201272,951112,352890,40,233523.72,34,1,219613.9,226925.34,224253.02,226902.36,224949.46
201,11,1320624,2198733,957965,351245,40,224949.46,34,1,233523.72,219613.9,226925.34,224253.02,227094.91
201,12,1328672,2207146,869854,381407,44,227094.91,34,1,224949.46,233523.72,219613.9,226925.34,226058.58
201,13,1318320,2227338,948929,353587,40,226058.58,34,1,227094.91,224949.46,233523.72,219613.9,221436.27
201,14,1336761,2016907,961420,384345,40,221436.27,34,1,226058.58,227094.91,224949.46,233523.72,228357.85
201,15,1302317,2244155,945274,383450,44,228357.85,34,1,221436.27,226058.58,227094.91,224949.46,229454.08
201,16,1444251,2043130,962458,383640,45,229454.08,34,1,228357.85,221436.27,226058.58,227094.91,223872.81
201,17,1307875,2222163,870356,353573,45,223872.81,34,1,229454.08,228357.85,221436.27,226058.58,224895.63
201,18,1455295,2009084,944289,344250,45,224895.63,34,1,223872.81,229454.08,228357.85,221436.27,220835.42
201,19,1336591,2036058,878464,384043,45,220835.42,34,1,224895.63,223872.81,229454.08,228357.85,225515.9
201,20,1308636,2194771,864354,385042,41,225515.9,34,1,220835.42,224895.63,223872.81,229454.08,232418.74
201,21,1451078,2197052,941664,344049,44,232418.74,34,1,225515.9,220835.42,224895.63,223872.81,224073.97
201,22,1322134,2229656,861946,343616,44,224073.97,34,1,232418.74,225515.9,220835.42,224895.63,217017.53
201,23,1303979,2044271,953074,347742,44,217017.53,34,1,224073.97,232418.74,225515.9,220835.42,227679.49
201,24,1335354,2217648,861268,379782,45,227679.49,34,1,217017.53,224073.97,232418.74,225515.9,228525.0
201,25,1339496,2255244,962807,350250,40,228525.0,34,1,227679.49,217017.53,224073.97,232418.74,226608.31
201,26,1436144,2001272,944966,380510,40,226608.31,34,1,228525.0,227679.49,217017.53,224073.97,227471.85
201,27,1435334,2022420,949158,380099,41,227471.85,34,1,226608.31,228525.0,227679.49,217017.53,233765.84
201,28,1432429,2198603,862029,386188,44,233765.84,34,1,227471.85,226608.31,228525.0,227679.49,229060.68
201,29,1305412,2245483,964844,384841,40,229060.68,34,1,233765.84,227471.85,226608.31,228525.0,237730.73
201,30,1450365,2252561,948967,376401,44,237730.73,34,1,229060.68,233765.84,227471.85,226608.31,
202,1,1461430,1766805,976899,419874,26,222518.95,34,1,,,,,236194.23
202,2,1611939,1785058,985213,453360,23,236194.23,34,1,222518.95,,,,236345.81
202,3,1636286,1788799,1079766,418571,23,236345.81,34,1,236194.23,222518.95,,,224842.02
202,4,1595921,1625898,984732,412860,23,224842.02,34,1,236345.81,236194.23,222518.95,,226041.48
202,5,1492098,1766331,1073906,419428,25,226041.48,34,1,224842.02,236345.81,236194.23,222518.95,223594.77
202,6,1468173,1762698,997236,425157,23,223594.77,34,1,226041.48,224842.02,236345.81,236194.23,231253.0
202,7,1595133,1772922,987394,415873,26,231253.0,34,1,223594.77,226041.48,224842.02,236345.81,219215.28
202,8,1477830,1619652,1082661,420390,23,219215.28,34,1,231253.0,223594.77,226041.48,224842.02,232303.44
202,9,1614580,1636854,1066829,462136,26,232303.44,34,1,219215.28,231253.0,223594.77,226041.48,224368.11
202,10,1460977,1778504,1076937,417046,25,224368.11,34,1,232303.44,219215.28,231253.0,223594.77,230319.67
202,11,1596907,1751245,986993,414370,26,230319.67,34,1,224368.11,232303.44,219215.28,231253.0,229706.58
202,12,1623935,1605133,1000423,453429,24,229706.58,34,1,230319.67,224368.11,232303.44,219215.28,236195.22
202,13,1606716,1753590,1068854,456462,25,236195.22,34,1,229706.58,230319.67,224368.11,232303.44,227112.89
202,14,1617015,1644239,973773,416375,23,227112.89,34,1,236195.22,229706.58,230319.67,224368.11,216310.07
202,15,1461983,1612625,997859,418278,26,216310.07,34,1,227112.89,236195.22,229706.58,230319.67,233559.49
202,16,1595114,1792791,1087441,414014,26,233559.49,34,1,216310.07,227112.89,236195.22,229706.58,219993.06
202,17,1495629,1621377,1084148,415148,25,219993.06,34,1,233559.49,216310.07,227112.89,236195.22,227529.09
202,18,1610987,1614778,1069610,421506,25,227529.09,34,1,219993.06,233559.49,216310.07,227112.89,227014.4
202,19,1470043,1782845,979361,455648,25,227014.4,34,1,227529.09,219993.06,233559.49,216310.07,221021.21
202,20,1468467,1624108,980583,463683,26,221021.21,34,1,227014.4,227529.09,219993.06,233559.49,238681.75
202,21,1637582,1795944,993324,455987,23,238681.75,34,1,221021.21,227014.4,227529.09,219993.06,237713.02
202,22,1603907,1777174,1094504,459703,25,237713.02,34,1,238681.75,221021.21,227014.4,227529.09,235870.78
202,23,1628062,1796460,1074678,416591,23,235870.78,34,1,237713.02,238681.75,221021.21,227014.4,224308.1
202,24,1461905,1771375,1072557,419818,24,224308.1,34,1,235870.78,237713.02,238681.75,221021.21,226827.94
202,25,1621886,1599407,1002956,425176,23,226827.94,34,1,224308.1,235870.78,237713.02,238681.75,228180.53
202,26,1608588,1629954,1075008,422435,25,228180.53,34,1,226827.94,224308.1,235870.78,237713.02,224247.69
202,27,1487735,1778881,985843,412912,23,224247.69,34,1,228180.53,226827.94,224308.1,235870.78,218649.57
202,28,1477242,1607788,1070775,422202,26,218649.57,34,1,224247.69,228180.53,226827.94,224308.1,219143.57
202,29,1459471,1644425,1073945,422896,23,219143.57,34,1,218649.57,224247.69,228180.53,226827.94,220220.56
202,30,1488769,1631498,1084251,417891,25,220220.56,34,1,219143.57,218649.57,224247.69,228180.53,
203,1,1243726,2173077,725664,689843,32,245608.68,34,1,,,,,244714.59
203,2,1346598,2123345,657452,641481,29,244714.59,34,1,245608.68,,,,245273.41
203,3,1351625,2151489,655671,631343,29,245273.41,34,1,244714.59,245608.68,,,238966.39
203,4,1230330,2135614,724406,643418,29,238966.39,34,1,245273.41,244714.59,245608.68,,231650.63
203,5,1226705,1990718,657111,644332,32,231650.63,34,1,238966.39,245273.41,244714.59,245608.68,244298.08
203,6,1364991,1944280,654351,707212,29,244298.08,34,1,231650.63,238966.39,245273.41,244714.59,251430.33
203,7,1355450,2140053,712274,691843,32,251430.33,34,1,244298.08,231650.63,238966.39,245273.41,245734.47
203,8,1358315,1969117,728304,702945,28,245734.47,34,1,251430.33,244298.08,231650.63,238966.39,233299.2
203,9,1247615,1990581,712296,637588,31,233299.2,34,1,245734.47,251430.33,244298.08,231650.63,245920.71
203,10,1360583,2132092,717217,629854,29,245920.71,34,1,233299.2,245734.47,251430.33,244298.08,240365.03
203,11,1346711,1985165,720600,645711,29,240365.03,34,1,245920.71,233299.2,245734.47,251430.33,241310.24
203,12,1346235,1935406,666979,689374,29,241310.24,34,1,240365.03,245920.71,233299.2,245734.47,243435.33
203,13,1253609,2126505,657074,692736,29,243435.33,34,1,241310.24,240365.03,245920.71,233299.2,245504.5
203,14,1365258,2140006,653317,629856,31,245504.5,34,1,243435.33,241310.24,240365.03,245920.71,241831.39
203,15,1254995,2160183,713893,647982,32,241831.39,34,1,245504.5,243435.33,241310.24,240365.03,237330.14
203,16,1243999,1938207,723620,707097,31,237330.14,34,1,241831.39,245504.5,243435.33,241310.24,246151.25
203,17,1364092,2125759,728709,630725,32,246151.25,34,1,237330.14,241831.39,245504.5,243435.33,238545.35
203,18,1235224,2135995,718175,636191,29,238545.35,34,1,246151.25,237330.14,241831.39,245504.5,240516.19
203,19,1250431,2153384,730585,636793,28,240516.19,34,1,238545.35,246151.25,237330.14,241831.39,246997.19
203,20,1367266,2122474,731564,638830,29,246997.19,34,1,240516.19,238545.35,246151.25,237330.14,231896.53
203,21,1227086,1986208,661668,648050,28,231896.53,34,1,246997.19,240516.19,238545.35,246151.25,246921.34
203,22,1353968,2129331,723559,645829,28,246921.34,34,1,231896.53,246997.19,240516.19,238545.35,246760.07
203,23,1356837,2121182,723503,645765,29,246760.07,34,1,246921.34,231896.53,246997.19,240516.19,245074.64
203,24,1376617,1979538,659925,690107,29,245074.64,34,1,246760.07,246921.34,231896.53,246997.19,239649.79
203,25,1359555,1957010,728718,640117,31,239649.79,34,1,245074.64,246760.07,246921.34,231896.53,232560.84
203,26,1234942,1995459,716180,635539,32,232560.84,34,1,239649.79,245074.64,246760.07,246921.34,238484.44
203,27,1243442,2124551,715218,635450,31,238484.44,34,1,232560.84,239649.79,245074.64,246760.07,231014.04
203,28,1248436,1939807,656225,645419,29,231014.04,34,1,238484.44,232560.84,239649.79,245074.64,238240.82
203,29,1223142,2127484,728825,643498,32,238240.82,34,1,231014.04,238484.44,232560.84,239649.79,237837.56
203,30,1353487,1948582,655824,641581,29,237837.56,34,1,238240.82,231014.04,238484.44,232560.84,
204,1,1675758,2130570,699583,522089,32,256278.47,34,1,,,,,245838.47
204,2,1673644,1986527,708019,473083,28,245838.47,34,1,256278.47,,,,255303.46
204,3,1822981,1960057,777817,470241,31,255303.46,34,1,245838.47,256278.47,,,255961.36
204,4,1797644,1938434,717563,516754,31,255961.36,34,1,255303.46,245838.47,256278.47,,248913.77
204,5,1675061,1971359,697759,515062,31,248913.77,34,1,255961.36,255303.46,245838.47,256278.47,256621.57
204,6,1680521,2132982,707517,519911,28,256621.57,34,1,248913.77,255961.36,255303.46,245838.47,259843.85
204,7,1790225,2137537,702562,475579,31,259843.85,34,1,256621.57,248913.77,255961.36,255303.46,250684.69
204,8,1632308,2159043,707310,476687,31,250684.69,34,1,259843.85,256621.57,248913.77,255961.36,255620.54
204,9,1822118,1974998,718343,478297,28,255620.54,34,1,250684.69,259843.85,256621.57,248913.77,254686.84
204,10,1634824,2151832,710786,521969,28,254686.84,34,1,255620.54,250684.69,259843.85,256621.57,262634.82
204,11,1828283,2150056,708427,472300,31,262634.82,34,1,254686.84,255620.54,250684.69,259843.85,268847.03
204,12,1836228,2179585,708859,521709,29,268847.03,34,1,262634.82,254686.84,255620.54,250684.69,261822.73
204,13,1794214,2145913,774995,477568,31,261822.73,34,1,268847.03,262634.82,254686.84,255620.54,258996.92
204,14,1810810,1951262,780463,523542,28,258996.92,34,1,261822.73,268847.03,262634.82,254686.84,247808.1
204,15,1633567,1977010,774955,515934,31,247808.1,34,1,258996.92,261822.73,268847.03,262634.82,263868.36
204,16,1818943,2178037,704218,480488,31,263868.36,34,1,247808.1,258996.92,261822.73,268847.03,258442.63
204,17,1810591,1940051,783524,522192,28,258442.63,34,1,263868.36,247808.1,258996.92,261822.73,266508.52
204,18,1813588,2146906,717623,525599,31,266508.52,34,1,258442.63,263868.36,247808.1,258996.92,265198.85
204,19,1787498,2175180,699426,520040,31,265198.85,34,1,266508.52,258442.63,263868.36,247808.1,261466.78
204,20,1800751,2135768,783927,471997,31,261466.78,34,1,265198.85,266508.52,258442.63,263868.36,257902.92
204,21,1669360,2148457,781924,521404,28,257902.92,34,1,261466.78,265198.85,266508.52,258442.63,250296.68
204,22,1653571,1988312,772894,524290,29,250296.68,34,1,257902.92,261466.78,265198.85,266508.52,246799.89
204,23,1682061,1978546,711201,480812,29,246799.89,34,1,250296.68,257902.92,261466.78,265198.85,250356.86
204,24,1681597,1953415,770020,521511,31,250356.86,34,1,246799.89,250296.68,257902.92,261466.78,257022.75
204,25,1796354,1956035,715227,521716,32,257022.75,34,1,250356.86,246799.89,250296.68,257902.92,247941.41
204,26,1666511,1949008,712157,518164,29,247941.41,34,1,257022.75,250356.86,246799.89,250296.68,252421.73
204,27,1787590,1972481,709281,470459,31,252421.73,34,1,247941.41,257022.75,250356.86,246799.89,259996.3
204,28,1800699,2131898,703702,472150,29,259996.3,34,1,252421.73,247941.41,257022.75,250356.86,257944.77
204,29,1671913,2134456,783329,526267,28,257944.77,34,1,259996.3,252421.73,247941.41,257022.75,251178.42
204,30,1636683,2163850,697894,478504,32,251178.42,34,1,257944.77,259996.3,252421.73,247941.41,
205,1,1237903,2191062,883877,751444,42,254140.72,34,1,,,,,242324.01
205,2,1110230,2159204,796433,742883,46,242324.01,34,1,254140.72,,,,258120.61
205,3,1213945,2188987,814062,826483,42,258120.61,34,1,242324.01,254140.72,,,238114.59
205,4,1135363,1977537,882505,746663,46,238114.59,34,1,258120.61,242324.01,254140.72,,256225.71
205,5,1218109,2160725,815126,815380,46,256225.71,34,1,238114.59,258120.61,242324.01,254140.72,249794.48
205,6,1211286,2144313,888091,743284,42,249794.48,34,1,256225.71,238114.59,258120.61,242324.01,250070.95
205,7,1115634,2167690,795404,821154,46,250070.95,34,1,249794.48,256225.71,238114.59,258120.61,237701.18
205,8,1123889,1984884,796799,762549,42,237701.18,34,1,250070.95,249794.48,256225.71,238114.59,250952.46
205,9,1209088,2191619,816283,748859,47,250952.46,34,1,237701.18,250070.95,249794.48,256225.71,258602.85
205,10,1223877,2202523,816974,817881,46,258602.85,34,1,250952.46,237701.18,250070.95,249794.48,252259.71
205,11,1230668,2160605,871747,752116,42,252259.71,34,1,258602.85,250952.46,237701.18,250070.95,258692.16
205,12,1232766,2170905,876665,816256,47,258692.16,34,1,252259.71,258602.85,250952.46,237701.18,251788.77
205,13,1110318,2176559,885419,823508,42,251788.77,34,1,258692.16,252259.71,258602.85,250952.46,243271.16
205,14,1114881,1987604,892685,812039,47,243271.16,34,1,251788.77,258692.16,252259.71,258602.85,246315.74
205,15,1238333,2011468,817295,759755,42,246315.74,34,1,243271.16,251788.77,258692.16,252259.71,252722.41
205,16,1212641,2179809,878727,760024,46,252722.41,34,1,246315.74,243271.16,251788.77,258692.16,250779.44
205,17,1212210,2009194,803751,831544,46,250779.44,34,1,252722.41,246315.74,243271.16,251788.77,250479.28
205,18,1130901,2169109,797780,813623,42,250479.28,34,1,250779.44,252722.41,246315.74,243271.16,237607.81
205,19,1129411,2012807,800975,743840,42,237607.81,34,1,250479.28,250779.44,252722.41,246315.74,252133.68
205,20,1131418,2183124,803404,824073,43,252133.68,34,1,237607.81,250479.28,250779.44,252722.41,253996.84
205,21,1222994,2198878,875380,758485,46,253996.84,34,1,252133.68,237607.81,250479.28,250779.44,250794.14
205,22,1110348,2163406,801039,833931,46,250794.14,34,1,253996.84,252133.68,237607.81,250479.28,251225.76
205,23,1109698,2145511,881790,832759,46,251225.76,34,1,250794.14,253996.84,252133.68,237607.81,252392.86
205,24,1132682,2185072,799239,825896,42,252392.86,34,1,251225.76,250794.14,253996.84,252133.68,250871.82
205,25,1228950,2153289,806798,753187,46,250871.82,34,1,252392.86,251225.76,250794.14,253996.84,244531.77
205,26,1132032,1979025,886436,818807,46,244531.77,34,1,250871.82,252392.86,251225.76,250794.14,258116.24
205,27,1211943,2180009,884931,819111,46,258116.24,34,1,244531.77,250871.82,252392.86,251225.76,251526.95
205,28,1218834,2175039,894693,741623,42,251526.95,34,1,258116.24,244531.77,250871.82,252392.86,250575.51
205,29,1235595,1977485,874715,814241,43,250575.51,34,1,251526.95,258116.24,244531.77,250871.82,249982.77
205,30,1125769,2151403,808512,818052,46,249982.77,34,1,250575.51,251526.95,258116.24,244531.77,
206,1,1817655,1317757,1121430,624160,43,247638.86,34,1,,,,,245926.12
206,2,1816080,1449286,1024817,562943,43,245926.12,34,1,247638.86,,,,246589.16
206,3,1806736,1460579,1014588,573645,40,246589.16,34,1,245926.12,247638.86,,,235874.89
206,4,1651010,1304975,1120105,619663,40,235874.89,34,1,246589.16,245926.12,247638.86,,233075.25
206,5,1645102,1341596,1125882,574832,44,233075.25,34,1,235874.89,246589.16,245926.12,247638.86,238694.06
206,6,1685966,1312308,1110719,624105,44,238694.06,34,1,233075.25,235874.89,246589.16,245926.12,252589.41
206,7,1844158,1443793,1016995,620618,44,252589.41,34,1,238694.06,233075.25,235874.89,246589.16,236791.12
206,8,1661575,1325865,1094780,617162,40,236791.12,34,1,252589.41,238694.06,233075.25,235874.89,245642.48
206,9,1802824,1327745,1027834,625119,40,245642.48,34,1,236791.12,252589.41,238694.06,233075.25,232847.6
206,10,1663495,1327398,1114831,567689,40,232847.6,34,1,245642.48,236791.12,252589.41,238694.06,239597.06
206,11,1695759,1339886,1104704,615392,44,239597.06,34,1,232847.6,245642.48,236791.12,252589.41,243990.52
206,12,1830808,1328189,1107180,572014,43,243990.52,34,1,239597.06,232847.6,245642.48,236791.12,246643.11
206,13,1818536,1452365,999302,572356,40,246643.11,34,1,243990.52,239597.06,232847.6,245642.48,239013.32
206,14,1674152,1322920,1117382,630008,40,239013.32,34,1,246643.11,243990.52,239597.06,232847.6,233203.0
206,15,1690165,1314121,1021498,575629,40,233203.0,34,1,239013.32,246643.11,243990.52,239597.06,247424.42
206,16,1849234,1437960,1012921,563150,40,247424.42,34,1,233203.0,239013.32,246643.11,243990.52,245602.44
206,17,1813873,1460566,1000770,560099,40,245602.44,34,1,247424.42,233203.0,239013.32,246643.11,239423.72
206,18,1684993,1316219,1123699,628716,44,239423.72,34,1,245602.44,247424.42,233203.0,239013.32,238264.79
206,19,1676463,1452208,1027209,576549,44,238264.79,34,1,239423.72,245602.44,247424.42,233203.0,242185.61
206,20,1654123,1430660,1117242,629659,43,242185.61,34,1,238264.79,239423.72,245602.44,247424.42,247406.72
206,21,1837154,1446542,1019241,566506,40,247406.72,34,1,242185.61,238264.79,239423.72,245602.44,253101.38
206,22,1845619,1449178,1003509,625211,41,253101.38,34,1,247406.72,242185.61,238264.79,239423.72,231811.26
206,23,1688457,1308359,1029398,562650,44,231811.26,34,1,253101.38,247406.72,242185.61,238264.79,248708.04
206,24,1830884,1311327,1121560,629468,40,248708.04,34,1,231811.26,253101.38,247406.72,242185.61,240200.34
206,25,1661774,1442487,1013780,615523,44,240200.34,34,1,248708.04,231811.26,253101.38,247406.72,238921.76
206,26,1692638,1466974,1023548,566036,40,238921.76,34,1,240200.34,248708.04,231811.26,253101.38,232981.12
206,27,1653763,1336996,1094918,575340,44,232981.12,34,1,238921.76,240200.34,248708.04,231811.26,243904.14
206,28,1664951,1466211,1105940,626517,40,243904.14,34,1,232981.12,238921.76,240200.34,248708.04,246910.63
206,29,1819899,1442780,1027479,573644,44,246910.63,34,1,243904.14,232981.12,238921.76,240200.34,242170.59
206,30,1841843,1308537,1005202,571607,39,242170.59,34,1,246910.63,243904.14,232981.12,238921.76,
207,1,1276424,1530644,799797,456217,4,201017.75,34,1,,,,,203252.91
207,2,1393283,1377684,883505,452653,4,203252.91,34,1,201017.75,,,,210668.56
207,3,1407615,1530502,893411,451935,5,210668.56,34,1,203252.91,201017.75,,,203160.69
207,4,1391869,1387915,799540,463209,5,203160.69,34,1,210668.56,203252.91,201017.75,,209622.68
207,5,1413008,1523477,805433,455757,4,209622.68,34,1,203160.69,210668.56,203252.91,201017.75,190483.48
207,6,1260425,1377316,801898,421599,4,190483.48,34,1,209622.68,203160.69,210668.56,203252.91,201074.05
207,7,1401649,1386801,882242,418484,4,201074.05,34,1,190483.48,209622.68,203160.69,210668.56,204289.23
207,8,1390459,1406641,822431,463883,5,204289.23,34,1,201074.05,190483.48,209622.68,203160.69,199658.4
207,9,1378204,1405313,818571,422662,5,199658.4,34,1,204289.23,201074.05,190483.48,209622.68,199620.91
207,10,1377327,1414152,805194,421218,5,199620.91,34,1,199658.4,204289.23,201074.05,190483.48,194024.73
207,11,1268846,1408299,897667,422992,5,194024.73,34,1,199620.91,199658.4,204289.23,201074.05,194746.54
207,12,1256504,1394184,816415,461221,5,194746.54,34,1,194024.73,199620.91,199658.4,204289.23,204517.4
207,13,1392346,1408146,890131,452018,5,204517.4,34,1,194746.54,194024.73,199620.91,199658.4,203440.16
207,14,1380458,1397033,876457,456263,4,203440.16,34,1,204517.4,194746.54,194024.73,199620.91,198521.21
207,15,1283287,1533000,815465,419652,5,198521.21,34,1,203440.16,204517.4,194746.54,194024.73,205466.47
207,16,1414661,1505787,813052,415293,5,205466.47,34,1,198521.21,203440.16,204517.4,194746.54,198591.06
207,17,1289278,1526028,816218,419215,5,198591.06,34,1,205466.47,198521.21,203440.16,204517.4,208978.79
207,18,1404269,1519977,800109,457490,5,208978.79,34,1,198591.06,205466.47,198521.21,203440.16,197400.34
207,19,1262752,1545327,817148,415962,5,197400.34,34,1,208978.79,198591.06,205466.47,198521.21,197179.88
207,20,1256489,1534502,812815,423828,4,197179.88,34,1,197400.34,208978.79,198591.06,205466.47,201271.35
207,21,1395274,1403877,892248,415513,5,201271.35,34,1,197179.88,197400.34,208978.79,198591.06,202377.02
207,22,1412241,1402896,888754,416671,4,202377.02,34,1,201271.35,197179.88,197400.34,208978.79,192033.78
207,23,1265909,1402679,801738,423120,4,192033.78,34,1,202377.02,201271.35,197179.88,197400.34,206848.05
207,24,1406516,1518623,877513,418766,5,206848.05,34,1,192033.78,202377.02,201271.35,197179.88,208527.31
207,25,1386814,1526258,820046,458485,4,208527.31,34,1,206848.05,192033.78,202377.02,201271.35,200639.55
207,26,1259922,1534892,817955,458605,4,200639.55,34,1,208527.31,206848.05,192033.78,202377.02,193438.71
207,27,1281748,1406938,801946,425302,4,193438.71,34,1,200639.55,208527.31,206848.05,192033.78,203310.33
207,28,1403588,1382742,808309,457246,4,203310.33,34,1,193438.71,200639.55,208527.31,206848.05,206670.51
207,29,1403385,1543771,812412,419258,5,206670.51,34,1,203310.33,193438.71,200639.55,208527.31,205455.86
207,30,1384547,1521147,876027,418220,5,205455.86,34,1,206670.51,203310.33,193438.71,200639.55,
208,1,1082706,1347722,1095306,715528,44,209062.75,34,1,,,,,213823.51
208,2,1105820,1504226,984068,699441,40,213823.51,34,1,209062.75,,,,213030.0
208,3,1106226,1482303,1000779,697461,44,213030.0,34,1,213823.51,209062.75,,,200338.14
208,4,1086990,1340940,990971,637874,41,200338.14,34,1,213030.0,213823.51,209062.75,,203389.77
208,5,1083420,1367552,1073792,646839,45,203389.77,34,1,200338.14,213030.0,213823.51,209062.75,206331.9
208,6,1082488,1486625,1001125,638185,44,206331.9,34,1,203389.77,200338.14,213030.0,213823.51,220777.45
208,7,1206088,1501993,985254,705299,41,220777.45,34,1,206331.9,203389.77,200338.14,213030.0,208293.71
208,8,1098551,1502762,1001503,640848,41,208293.71,34,1,220777.45,206331.9,203389.77,200338.14,214063.52
208,9,1195612,1479655,983196,649113,40,214063.52,34,1,208293.71,220777.45,206331.9,203389.77,220464.65
208,10,1215044,1489906,993429,699502,44,220464.65,34,1,214063.52,208293.71,220777.45,206331.9,210408.81
208,11,1215349,1363005,1000079,645390,45,210408.81,34,1,220464.65,214063.52,208293.71,220777.45,215455.5
208,12,1194503,1485353,1090915,643062,44,215455.5,34,1,210408.81,220464.65,214063.52,208293.71,221996.96
208,13,1218775,1476687,1081735,703840,45,221996.96,34,1,215455.5,210408.81,220464.65,214063.52,208677.87
208,14,1082125,1478577,1081468,653549,40,208677.87,34,1,221996.96,215455.5,210408.81,220464.65,215749.61
208,15,1197803,1347903,1068042,711840,40,215749.61,34,1,208677.87,221996.96,215455.5,210408.81,218388.44
208,16,1188958,1484622,974449,701144,40,218388.44,34,1,215749.61,208677.87,221996.96,215455.5,203482.31
208,17,1097712,1380173,1000682,645071,44,203482.31,34,1,218388.44,215749.61,208677.87,221996.96,202388.84
208,18,1088401,1357099,977314,654594,44,202388.84,34,1,203482.31,218388.44,215749.61,208677.87,222290.53
208,19,1219770,1478710,1077992,706126,44,222290.53,34,1,202388.84,203482.31,218388.44,215749.61,216683.81
208,20,1195847,1381996,1090803,703652,40,216683.81,34,1,222290.53,202388.84,203482.31,218388.44,205746.01
208,21,1113984,1363610,1088102,650222,41,205746.01,34,1,216683.81,222290.53,202388.84,203482.31,213305.91
208,22,1084206,1469670,1081250,707534,44,213305.91,34,1,205746.01,216683.81,222290.53,202388.84,208743.37
208,23,1108665,1376635,990530,699026,44,208743.37,34,1,213305.91,205746.01,216683.81,222290.53,213439.92
208,24,1091399,1482369,1075385,699038,40,213439.92,34,1,208743.37,213305.91,205746.01,216683.81,207269.66
208,25,1084551,1479171,979148,654562,44,207269.66,34,1,213439.92,208743.37,213305.91,205746.01,213994.11
208,26,1087166,1468251,1084461,713110,44,213994.11,34,1,207269.66,213439.92,208743.37,213305.91,220569.15
208,27,1203978,1492087,978951,710248,40,220569.15,34,1,213994.11,207269.66,213439.92,208743.37,215185.42
208,28,1115441,1489098,988726,713784,45,215185.42,34,1,220569.15,213994.11,207269.66,213439.92,222547.55
208,29,1214037,1486629,1074666,710032,44,222547.55,34,1,215185.42,220569.15,213994.11,207269.66,207506.82
208,30,1092591,1485949,981253,647886,45,207506.82,34,1,222547.55,215185.42,220569.15,213994.11,
209,1,1228212,1508009,661035,335766,21,183804.43,34,1,,,,,189650.08
209,2,1231167,1615702,732107,335585,21,189650.08,34,1,183804.43,,,,191081.41
209,3,1235439,1646302,734180,333822,22,191081.41,34,1,189650.08,183804.43,,,185435.67
209,4,1216004,1472734,732271,365990,24,185435.67,34,1,191081.41,189650.08,183804.43,,182252.84
209,5,1117605,1624465,734386,330704,23,182252.84,34,1,185435.67,191081.41,189650.08,183804.43,192099.73
209,6,1237718,1606465,717445,364991,23,192099.73,34,1,182252.84,185435.67,191081.41,189650.08,180753.52
209,7,1125850,1492605,733759,369391,22,180753.52,34,1,192099.73,182252.84,185435.67,191081.41,177500.07
209,8,1126278,1507313,673265,337219,21,177500.07,34,1,180753.52,192099.73,182252.84,185435.67,180929.52
209,9,1209402,1470674,664106,334154,21,180929.52,34,1,177500.07,180753.52,192099.73,182252.84,182647.53
209,10,1217897,1492433,658105,338102,24,182647.53,34,1,180929.52,177500.07,180753.52,192099.73,184302.36
209,11,1230235,1485486,727194,338212,22,184302.36,34,1,182647.53,180929.52,177500.07,180753.52,185507.42
209,12,1226884,1495459,663429,360981,24,185507.42,34,1,184302.36,182647.53,180929.52,177500.07,188613.0
209,13,1212997,1645847,672384,334056,23,188613.0,34,1,185507.42,184302.36,182647.53,180929.52,184971.79
209,14,1239987,1510734,668920,337545,22,184971.79,34,1,188613.0,185507.42,184302.36,182647.53,189939.04
209,15,1239141,1645912,664151,331442,21,189939.04,34,1,184971.79,188613.0,185507.42,184302.36,184279.42
209,16,1109189,1613965,717362,367195,23,184279.42,34,1,189939.04,184971.79,188613.0,185507.42,177127.96
209,17,1135731,1478216,729946,329451,23,177127.96,34,1,184279.42,189939.04,184971.79,188613.0,176632.4
209,18,1119980,1492642,720052,330395,22,176632.4,34,1,177127.96,184279.42,189939.04,184971.79,181068.81
209,19,1118886,1621080,659934,331794,24,181068.81,34,1,176632.4,177127.96,184279.42,189939.04,189567.74
209,20,1217369,1642470,722541,333921,24,189567.74,34,1,181068.81,176632.4,177127.96,184279.42,176970.29
209,21,1105527,1504948,734977,336106,21,176970.29,34,1,189567.74,181068.81,176632.4,177127.96,189982.0
209,22,1214522,1615012,654447,365703,23,189982.0,34,1,176970.29,189567.74,181068.81,176632.4,184963.01
209,23,1209484,1485863,728607,360020,22,184963.01,34,1,189982.0,176970.29,189567.74,181068.81,190071.64
209,24,1228056,1635496,725691,334487,23,190071.64,34,1,184963.01,189982.0,176970.29,189567.74,182260.81
209,25,1220564,1483435,670537,333803,23,182260.81,34,1,190071.64,184963.01,189982.0,176970.29,179693.91
209,26,1119605,1503408,668254,369061,24,179693.91,34,1,182260.81,190071.64,184963.01,189982.0,185991.44
209,27,1207617,1505518,716028,365949,21,185991.44,34,1,179693.91,182260.81,190071.64,184963.01,180243.24
209,28,1115409,1509623,717500,366314,21,180243.24,34,1,185991.44,179693.91,182260.81,190071.64,184476.21
209,29,1117144,1612172,727347,362673,21,184476.21,34,1,180243.24,185991.44,179693.91,182260.81,179145.1
209,30,1125513,1496459,666983,362186,21,179145.1,34,1,184476.21,180243.24,185991.44,179693.91,
210,1,2025531,1304977,909934,606279,27,255487.66,34,1,,,,,262740.71
210,2,2051300,1302137,979892,656746,27,262740.71,34,1,255487.66,,,,250563.86
210,3,1874943,1294363,908616,665080,25,250563.86,34,1,262740.71,255487.66,,,251776.07
210,4,1862764,1418787,999848,612966,27,251776.07,34,1,250563.86,262740.71,255487.66,,257898.57
210,5,1869611,1443950,981032,667702,25,257898.57,34,1,251776.07,250563.86,262740.71,255487.66,254552.56
210,6,1853182,1417979,991444,652549,25,254552.56,34,1,257898.57,251776.07,250563.86,262740.71,266905.94
210,7,2061418,1429427,894014,652310,27,266905.94,34,1,254552.56,257898.57,251776.07,250563.86,264954.22
210,8,2012856,1439124,894527,660984,27,264954.22,34,1,266905.94,254552.56,257898.57,251776.07,262430.31
210,9,2030879,1322629,985704,657426,25,262430.31,34,1,264954.22,266905.94,254552.56,257898.57,260642.72
210,10,2037864,1285123,894798,666541,25,260642.72,34,1,262430.31,264954.22,266905.94,254552.56,247106.56
210,11,1886103,1310868,988024,596594,27,247106.56,34,1,260642.72,262430.31,264954.22,266905.94,261604.33
210,12,2052608,1290333,894078,664320,27,261604.33,34,1,247106.56,260642.72,262430.31,264954.22,259405.79
210,13,2057559,1321177,999040,602952,27,259405.79,34,1,261604.33,247106.56,260642.72,262430.31,250166.83
210,14,1879260,1290273,901967,660680,27,250166.83,34,1,259405.79,261604.33,247106.56,260642.72,265646.03
210,15,2044503,1420940,903309,652737,27,265646.03,34,1,250166.83,259405.79,261604.33,247106.56,258173.91
210,16,2067845,1307624,912079,604034,27,258173.91,34,1,265646.03,250166.83,259405.79,261604.33,258624.21
210,17,1883273,1436573,997128,666410,28,258624.21,34,1,258173.91,265646.03,250166.83,259405.79,249684.65
210,18,1851679,1442952,891231,606340,28,249684.65,34,1,258624.21,258173.91,265646.03,250166.83,247357.07
210,19,1848350,1406590,905751,597136,25,247357.07,34,1,249684.65,258624.21,258173.91,265646.03,260156.69
210,20,2036937,1283438,910954,659654,25,260156.69,34,1,247357.07,249684.65,258624.21,258173.91,252225.33
210,21,1881037,1408801,998572,609678,25,252225.33,34,1,260156.69,247357.07,249684.65,258624.21,255438.12
210,22,2039689,1287429,914660,602829,25,255438.12,34,1,252225.33,260156.69,247357.07,249684.65,265796.98
210,23,2016523,1441141,891572,667297,27,265796.98,34,1,255438.12,252225.33,260156.69,247357.07,250420.23
210,24,1863052,1286161,999368,659290,27,250420.23,34,1,265796.98,255438.12,252225.33,260156.69,248939.34
210,25,1889337,1309596,998614,613254,25,248939.34,34,1,250420.23,265796.98,255438.12,252225.33,263795.3
210,26,2066089,1301530,983625,657411,27,263795.3,34,1,248939.34,250420.23,265796.98,255438.12,254687.96
210,27,1847162,1440340,889379,666615,27,254687.96,34,1,263795.3,248939.34,250420.23,265796.98,259088.84
210,28,2012376,1421518,909959,601642,25,259088.84,34,1,254687.96,263795.3,248939.34,250420.23,255367.93
210,29,2019046,1307613,906701,608980,27,255367.93,34,1,259088.84,254687.96,263795.3,248939.34,255003.08
210,30,1848052,1419467,1000737,658848,25,255003.08,34,1,255367.93,259088.84,254687.96,263795.3,
211,1,1505259,1453824,1012430,588003,46,228025.15,34,1,,,,,224524.72
211,2,1506981,1461324,1033299,540669,47,224524.72,34,1,228025.15,,,,231969.66
211,3,1514381,1604523,1122877,535200,43,231969.66,34,1,224524.72,228025.15,,,229328.6
211,4,1492099,1458475,1102438,593350,47,229328.6,34,1,231969.66,224524.72,228025.15,,239891.54
211,5,1620601,1617160,1128130,539880,43,239891.54,34,1,229328.6,231969.66,224524.72,228025.15,234727.55
211,6,1506587,1600617,1035348,589145,46,234727.55,34,1,239891.54,229328.6,231969.66,224524.72,246248.34
211,7,1654195,1602576,1133375,592020,47,246248.34,34,1,234727.55,239891.54,229328.6,231969.66,238977.75
211,8,1622286,1621079,1013465,547617,47,238977.75,34,1,246248.34,234727.55,239891.54,229328.6,223253.13
211,9,1478369,1462934,1012276,550220,47,223253.13,34,1,238977.75,246248.34,234727.55,239891.54,229002.54
211,10,1490165,1606797,1019597,537479,42,229002.54,34,1,223253.13,238977.75,246248.34,234727.55,246910.43
211,11,1655906,1600741,1131173,599389,43,246910.43,34,1,229002.54,223253.13,238977.75,246248.34,225859.9
211,12,1506360,1474926,1021007,551856,47,225859.9,34,1,246910.43,229002.54,223253.13,238977.75,242673.69
211,13,1641970,1634667,1121012,548553,43,242673.69,34,1,225859.9,246910.43,229002.54,223253.13,224686.89
211,14,1507747,1461327,1019211,544490,42,224686.89,34,1,242673.69,225859.9,246910.43,229002.54,233989.55
211,15,1661124,1464056,1010271,537760,47,233989.55,34,1,224686.89,242673.69,225859.9,246910.43,238598.04
211,16,1511262,1626874,1109938,602934,46,238598.04,34,1,233989.55,224686.89,242673.69,225859.9,230706.37
211,17,1496791,1489592,1102863,590760,42,230706.37,34,1,238598.04,233989.55,224686.89,242673.69,225808.52
211,18,1499955,1467814,1120398,541075,42,225808.52,34,1,230706.37,238598.04,233989.55,224686.89,246660.61
211,19,1636459,1631534,1123487,597725,42,246660.61,34,1,225808.52,230706.37,238598.04,233989.55,225825.14
211,20,1484937,1489848,1122524,541447,46,225825.14,34,1,246660.61,225808.52,230706.37,238598.04,225494.88
211,21,1519038,1453068,1027165,547711,43,225494.88,34,1,225825.14,246660.61,225808.52,230706.37,240084.73
211,22,1658625,1591048,1011916,547976,47,240084.73,34,1,225494.88,225825.14,246660.61,225808.52,234857.53
211,23,1650912,1482225,1016581,545152,47,234857.53,34,1,240084.73,225494.88,225825.14,246660.61,232869.58
211,24,1510398,1621409,1116538,541371,42,232869.58,34,1,234857.53,240084.73,225494.88,225825.14,237281.99
211,25,1652458,1493789,1127201,545404,43,237281.99,34,1,232869.58,234857.53,240084.73,225494.88,241926.45
211,26,1661810,1614181,1113991,536778,47,241926.45,34,1,237281.99,232869.58,234857.53,240084.73,234645.17
211,27,1504602,1592042,1028102,594958,43,234645.17,34,1,241926.45,237281.99,232869.58,234857.53,225247.66
211,28,1487238,1462961,1114027,547406,43,225247.66,34,1,234645.17,241926.45,237281.99,232869.58,242892.51
211,29,1624407,1593199,1034233,598644,43,242892.51,34,1,225247.66,234645.17,241926.45,237281.99,244574.88
211,30,1634539,1622338,1028652,597528,42,244574.88,34,1,242892.51,225247.66,234645.17,241926.45,
212,1,1445647,2000384,959191,823478,40,267369.79,34,1,,,,,281921.74
212,2,1557203,2204617,968384,808314,36,281921.74,34,1,267369.79,,,,274062.61
212,3,1441820,1999215,1059440,882710,39,274062.61,34,1,281921.74,267369.79,,,276049.29
212,4,1550141,2020517,1060696,816780,39,276049.29,34,1,274062.61,281921.74,267369.79,,274317.7
212,5,1424154,2204372,962031,820898,36,274317.7,34,1,276049.29,274062.61,281921.74,267369.79,265203.88
212,6,1423776,1970699,1069826,808775,39,265203.88,34,1,274317.7,276049.29,274062.61,281921.74,291042.57
212,7,1580254,2171126,1062184,891303,39,291042.57,34,1,265203.88,274317.7,276049.29,274062.61,272326.27
212,8,1416857,2195158,960100,808684,36,272326.27,34,1,291042.57,265203.88,274317.7,276049.29,275213.39
212,9,1418690,2185731,1062435,825091,39,275213.39,34,1,272326.27,291042.57,265203.88,274317.7,272704.21
212,10,1420097,2204015,955955,807196,36,272704.21,34,1,275213.39,272326.27,291042.57,265203.88,283211.25
212,11,1568219,2010668,968254,904618,39,283211.25,34,1,272704.21,275213.39,272326.27,291042.57,264836.95
212,12,1425516,1972610,1053692,805511,39,264836.95,34,1,283211.25,272704.21,275213.39,272326.27,272551.4
212,13,1414000,2016076,1041227,881457,36,272551.4,34,1,264836.95,283211.25,272704.21,275213.39,287789.19
212,14,1559748,2155501,1046203,880123,39,287789.19,34,1,272551.4,264836.95,283211.25,272704.21,268239.14
212,15,1423374,2018908,1058406,822455,39,268239.14,34,1,287789.19,272551.4,264836.95,283211.25,279955.81
212,16,1548417,2183992,963707,803239,39,279955.81,34,1,268239.14,287789.19,272551.4,264836.95,279024.43
212,17,1570236,1960604,962590,880981,40,279024.43,34,1,279955.81,268239.14,287789.19,272551.4,285287.47
212,18,1560996,2208809,1066996,822989,36,285287.47,34,1,279024.43,279955.81,268239.14,287789.19,289687.74
212,19,1544568,2198674,977635,904571,40,289687.74,34,1,285287.47,279024.43,279955.81,268239.14,275452.38
212,20,1549297,2008710,1055727,817152,35,275452.38,34,1,289687.74,285287.47,279024.43,279955.81,276728.27
212,21,1577501,2016326,1044836,809483,35,276728.27,34,1,275452.38,289687.74,285287.47,279024.43,273378.09
212,22,1567968,1969517,958926,816544,36,273378.09,34,1,276728.27,275452.38,289687.74,285287.47,261879.58
212,23,1411506,1959790,962057,805439,36,261879.58,34,1,273378.09,276728.27,275452.38,289687.74,285720.93
212,24,1576340,2195019,1068752,822835,39,285720.93,34,1,261879.58,273378.09,276728.27,275452.38,263733.6
212,25,1421504,1993101,952309,805143,39,263733.6,34,1,285720.93,261879.58,273378.09,276728.27,283120.31
212,26,1580233,1990471,1046930,890000,35,283120.31,34,1,263733.6,285720.93,261879.58,273378.09,267886.63
212,27,1451784,2001715,967147,822732,39,267886.63,34,1,283120.31,263733.6,285720.93,261879.58,282049.8
212,28,1420650,2182417,1056918,902029,39,282049.8,34,1,267886.63,283120.31,263733.6,285720.93,275302.4
212,29,1432326,2203798,958691,826818,36,275302.4,34,1,282049.8,267886.63,283120.31,263733.6,282613.25
212,30,1576158,2160405,965059,823454,39,282613.25,34,1,275302.4,282049.8,267886.63,283120.31,
213,1,1843550,1602911,933452,605620,19,256472.78,34,1,,,,,258635.47
213,2,1869673,1586651,952292,614925,21,258635.47,34,1,256472.78,,,,258404.82
213,3,1883611,1578108,934900,609480,21,258404.82,34,1,258635.47,256472.78,,,251684.93
213,4,1674124,1575761,1028875,669493,21,251684.93,34,1,258404.82,258635.47,256472.78,,258417.93
213,5,1886172,1587256,946920,601353,21,258417.93,34,1,251684.93,258404.82,258635.47,256472.78,259729.68
213,6,1874262,1573093,1038253,614377,19,259729.68,34,1,258417.93,251684.93,258404.82,258635.47,258812.32
213,7,1859605,1456185,1048609,667041,21,258812.32,34,1,259729.68,258417.93,251684.93,258404.82,250979.47
213,8,1679843,1599819,961712,658654,19,250979.47,34,1,258812.32,259729.68,258417.93,251684.93,261990.31
213,9,1854032,1586684,956705,662547,21,261990.31,34,1,250979.47,258812.32,259729.68,258417.93,247641.52
213,10,1705582,1601117,949184,604821,21,247641.52,34,1,261990.31,250979.47,258812.32,259729.68,241004.48
213,11,1691389,1454290,955830,608277,21,241004.48,34,1,247641.52,261990.31,250979.47,258812.32,264333.56
213,12,1885343,1598876,950118,661577,19,264333.56,34,1,241004.48,247641.52,261990.31,250979.47,253654.72
213,13,1720005,1568112,962588,673987,21,253654.72,34,1,264333.56,241004.48,247641.52,261990.31,242969.93
213,14,1705013,1432739,1025767,617522,19,242969.93,34,1,253654.72,264333.56,241004.48,247641.52,254970.45
213,15,1837848,1575328,960903,600839,21,254970.45,34,1,242969.93,253654.72,264333.56,241004.48,254288.33
213,16,1841371,1566944,933426,599641,19,254288.33,34,1,254970.45,242969.93,253654.72,264333.56,243930.91
213,17,1726324,1450506,1037726,602442,21,243930.91,34,1,254288.33,254970.45,242969.93,253654.72,252125.11
213,18,1696967,1574109,948256,673420,19,252125.11,34,1,243930.91,254288.33,254970.45,242969.93,266007.33
213,19,1886524,1590464,1035428,667633,21,266007.33,34,1,252125.11,243930.91,254288.33,254970.45,264607.67
213,20,1859425,1580421,1043723,674735,20,264607.67,34,1,266007.33,252125.11,243930.91,254288.33,252109.27
213,21,1692806,1569752,1035200,662403,21,252109.27,34,1,264607.67,266007.33,252125.11,243930.91,258842.26
213,22,1866345,1437507,1036851,673330,21,258842.26,34,1,252109.27,264607.67,266007.33,252125.11,263720.08
213,23,1883774,1565655,961645,669199,20,263720.08,34,1,258842.26,252109.27,264607.67,266007.33,262636.11
213,24,1858726,1590347,950099,665843,19,262636.11,34,1,263720.08,258842.26,252109.27,264607.67,247707.67
213,25,1695613,1460839,1048346,659668,21,247707.67,34,1,262636.11,263720.08,258842.26,252109.27,246887.48
213,26,1705535,1439188,1022968,658107,19,246887.48,34,1,247707.67,262636.11,263720.08,258842.26,246637.12
213,27,1701786,1592739,941991,601607,21,246637.12,34,1,246887.48,247707.67,262636.11,263720.08,251885.67
213,28,1856651,1438217,1042664,601774,19,251885.67,34,1,246637.12,246887.48,247707.67,262636.11,242920.12
213,29,1722118,1443630,937562,615706,19,242920.12,34,1,251885.67,246637.12,246887.48,247707.67,248154.82
213,30,1679647,1588639,1046476,617202,21,248154.82,34,1,242920.12,251885.67,246637.12,246887.48,
214,1,1134160,2172293,962480,899193,7,261244.15,34,1,,,,,269213.17
214,2,1239259,2199886,1066880,880195,7,269213.17,34,1,261244.15,,,,251235.82
214,3,1113696,1990978,988593,882212,7,251235.82,34,1,269213.17,261244.15,,,254560.53
214,4,1216067,2001412,1072122,825434,8,254560.53,34,1,251235.82,269213.17,261244.15,,258534.07
214,5,1227624,1986699,960850,888293,7,258534.07,34,1,254560.53,251235.82,269213.17,261244.15,267481.73
214,6,1218658,2202034,960364,894223,8,267481.73,34,1,258534.07,254560.53,251235.82,269213.17,251848.55
214,7,1227106,1963558,1055336,808035,8,251848.55,34,1,267481.73,258534.07,254560.53,251235.82,252904.09
214,8,1132123,1981265,961205,896961,7,252904.09,34,1,251848.55,267481.73,258534.07,254560.53,258845.22
214,9,1216332,2147858,966703,824087,8,258845.22,34,1,252904.09,251848.55,267481.73,258534.07,258428.55
214,10,1226741,2166297,963917,803946,8,258428.55,34,1,258845.22,252904.09,251848.55,267481.73,246862.26
214,11,1119537,2008969,1057430,808630,7,246862.26,34,1,258428.55,258845.22,252904.09,251848.55,252857.28
214,12,1136825,1993008,971368,885765,8,252857.28,34,1,246862.26,258428.55,258845.22,252904.09,260192.91
214,13,1106700,2149441,1066161,898966,7,260192.91,34,1,252857.28,246862.26,258428.55,258845.22,259026.88
214,14,1231177,1983627,985938,888053,8,259026.88,34,1,260192.91,252857.28,246862.26,258428.55,253232.51
214,15,1116876,1995288,973832,902758,8,253232.51,34,1,259026.88,260192.91,252857.28,246862.26,270464.21
214,16,1238982,2198043,1060457,896290,8,270464.21,34,1,253232.51,259026.88,260192.91,252857.28,268083.99
214,17,1219610,2197454,986371,897599,8,268083.99,34,1,270464.21,253232.51,259026.88,260192.91,261688.93
214,18,1128247,2158552,1080072,893307,8,261688.93,34,1,268083.99,270464.21,253232.51,259026.88,260242.8
214,19,1235652,1965647,1064969,892247,8,260242.8,34,1,261688.93,268083.99,270464.21,253232.51,253741.56
214,20,1124520,2200124,960731,810348,7,253741.56,34,1,260242.8,261688.93,268083.99,270464.21,252919.64
214,21,1117280,1997050,1052667,883812,7,252919.64,34,1,253741.56,260242.8,261688.93,268083.99,260119.3
214,22,1209777,2194140,1058285,804779,7,260119.3,34,1,252919.64,253741.56,260242.8,261688.93,257696.79
214,23,1106457,2145432,983736,888345,8,257696.79,34,1,260119.3,252919.64,253741.56,260242.8,267846.15
214,24,1225492,2184055,969953,899938,8,267846.15,34,1,257696.79,260119.3,252919.64,253741.56,266108.55
214,25,1216855,2157318,1080576,879108,7,266108.55,34,1,267846.15,257696.79,260119.3,252919.64,252365.5
214,26,1120359,1989175,965334,895025,7,252365.5,34,1,266108.55,267846.15,257696.79,260119.3,261437.6
214,27,1215283,2199261,1063829,812055,7,261437.6,34,1,252365.5,266108.55,267846.15,257696.79,267262.07
214,28,1210258,2190876,985703,898378,8,267262.07,34,1,261437.6,252365.5,266108.55,267846.15,253846.2
214,29,1126913,2158302,1067124,809780,7,253846.2,34,1,267262.07,261437.6,252365.5,266108.55,253252.61
214,30,1129235,2165615,965349,816692,7,253252.61,34,1,253846.2,267262.07,261437.6,252365.5,
215,1,1154341,1953969,1012771,881307,25,252641.32,34,1,,,,,258803.25
215,2,1150424,2163612,927940,870738,22,258803.25,34,1,252641.32,,,,252292.13
215,3,1142027,2184862,935879,793274,25,252292.13,34,1,258803.25,252641.32,,,255119.66
215,4,1062276,2168852,929938,890456,22,255119.66,34,1,252292.13,258803.25,252641.32,,254351.62
215,5,1160880,1987771,1027911,877143,25,254351.62,34,1,255119.66,252292.13,258803.25,252641.32,251018.87
215,6,1142118,1947748,1011814,875164,22,251018.87,34,1,254351.62,255119.66,252292.13,258803.25,253164.72
215,7,1164338,1967091,1032103,870320,24,253164.72,34,1,251018.87,254351.62,255119.66,252292.13,258609.56
215,8,1161011,2134425,942517,871853,22,258609.56,34,1,253164.72,251018.87,254351.62,255119.66,245664.78
215,9,1143052,1993738,925925,809459,25,245664.78,34,1,258609.56,253164.72,251018.87,254351.62,255258.08
215,10,1146914,2005208,1034623,887930,22,255258.08,34,1,245664.78,258609.56,253164.72,251018.87,254794.79
215,11,1156281,2180456,1020451,797409,22,254794.79,34,1,255258.08,245664.78,258609.56,253164.72,252530.88
215,12,1156015,2155031,922629,802112,24,252530.88,34,1,254794.79,255258.08,245664.78,258609.56,245023.79
215,13,1150602,1967599,1011153,793505,25,245023.79,34,1,252530.88,254794.79,255258.08,245664.78,240744.65
215,14,1064278,2003798,942846,803775,24,240744.65,34,1,245023.79,252530.88,254794.79,255258.08,252869.98
215,15,1160404,2147533,943245,802435,24,252869.98,34,1,240744.65,245023.79,252530.88,254794.79,246711.93
215,16,1067329,2138603,922848,808910,22,246711.93,34,1,252869.98,240744.65,245023.79,252530.88,244109.88
215,17,1039906,1978910,940063,870650,25,244109.88,34,1,246711.93,252869.98,240744.65,245023.79,239506.09
215,18,1058196,1948557,1032535,803671,23,239506.09,34,1,244109.88,246711.93,252869.98,240744.65,259756.7
215,19,1140284,2190195,942808,873563,24,259756.7,34,1,239506.09,244109.88,246711.93,252869.98,255611.15
215,20,1170844,2146436,1019840,811875,22,255611.15,34,1,259756.7,239506.09,244109.88,246711.93,245040.26
215,21,1038916,2155813,928459,801794,23,245040.26,34,1,255611.15,259756.7,239506.09,244109.88,247529.03
215,22,1071312,1968600,948450,889240,25,247529.03,34,1,245040.26,255611.15,259756.7,239506.09,246918.84
215,23,1059471,1960829,1035508,878721,22,246918.84,34,1,247529.03,245040.26,255611.15,259756.7,254907.61
215,24,1162447,2169609,1013103,800593,24,254907.61,34,1,246918.84,247529.03,245040.26,255611.15,241618.62
215,25,1063329,1996259,1015769,804352,22,241618.62,34,1,254907.61,246918.84,247529.03,245040.26,253656.04
215,26,1167342,1950089,1036612,880668,24,253656.04,34,1,241618.62,254907.61,246918.84,247529.03,247287.31
215,27,1064518,2184692,930859,794486,22,247287.31,34,1,253656.04,241618.62,254907.61,246918.84,252409.55
215,28,1146641,1988074,940471,881642,25,252409.55,34,1,247287.31,253656.04,241618.62,254907.61,248004.51
215,29,1157868,1986058,1037410,807995,22,248004.51,34,1,252409.55,247287.31,253656.04,241618.62,240786.99
215,30,1043929,1978895,1032306,814106,24,240786.99,34,1,248004.51,252409.55,247287.31,253656.04,
216,1,1070128,1770103,743530,863070,42,233427.33,34,1,,,,,233745.82
216,2,1075368,1780058,738635,859117,39,233745.82,34,1,233427.33,,,,231635.63
216,3,1060746,1935083,733770,775249,43,231635.63,34,1,233745.82,233427.33,,,241369.0
216,4,1185451,1931579,808524,781542,43,241369.0,34,1,231635.63,233745.82,233427.33,,248199.31
216,5,1169607,1926457,802722,872099,43,248199.31,34,1,241369.0,231635.63,233745.82,233427.33,235810.02
216,6,1085638,1767946,821251,865173,43,235810.02,34,1,248199.31,241369.0,231635.63,233745.82,232917.44
216,7,1069407,1932245,738239,783738,43,232917.44,34,1,235810.02,248199.31,241369.0,231635.63,239823.92
216,8,1178658,1730172,809834,862419,39,239823.92,34,1,232917.44,235810.02,248199.31,241369.0,233018.94
216,9,1062108,1743814,809468,864476,39,233018.94,34,1,239823.92,232917.44,235810.02,248199.31,233073.43
216,10,1076894,1935921,751677,775938,39,233073.43,34,1,233018.94,239823.92,232917.44,235810.02,238593.66
216,11,1173116,1916693,742878,778506,39,238593.66,34,1,233073.43,233018.94,239823.92,232917.44,234381.62
216,12,1081614,1739037,821950,865505,39,234381.62,34,1,238593.66,233073.43,233018.94,239823.92,239156.48
216,13,1169513,1905634,819823,778431,43,239156.48,34,1,234381.62,238593.66,233073.43,233018.94,247368.52
216,14,1166624,1945324,810442,854878,43,247368.52,34,1,239156.48,234381.62,238593.66,233073.43,238684.84
216,15,1072450,1897924,729672,862973,43,238684.84,34,1,247368.52,239156.48,234381.62,238593.66,240447.39
216,16,1187716,1761455,808274,848600,43,240447.39,34,1,238684.84,247368.52,239156.48,234381.62,225012.89
216,17,1069430,1730691,803751,777559,43,225012.89,34,1,240447.39,238684.84,247368.52,239156.48,239599.69
216,18,1185868,1918143,729785,782205,43,239599.69,34,1,225012.89,240447.39,238684.84,247368.52,240146.3
216,19,1180244,1924902,740703,787185,43,240146.3,34,1,239599.69,225012.89,240447.39,238684.84,226652.07
216,20,1080171,1751352,804156,778369,39,226652.07,34,1,240146.3,239599.69,225012.89,240447.39,234434.5
216,21,1189893,1748850,803380,787097,43,234434.5,34,1,226652.07,240146.3,239599.69,225012.89,226108.07
216,22,1079178,1769432,729509,778272,43,226108.07,34,1,234434.5,226652.07,240146.3,239599.69,238878.29
216,23,1168675,1914420,734048,787516,40,238878.29,34,1,226108.07,234434.5,226652.07,240146.3,238628.81
216,24,1175209,1732241,799033,852656,39,238628.81,34,1,238878.29,226108.07,234434.5,226652.07,233536.79
216,25,1078906,1904702,808135,783804,43,233536.79,34,1,238628.81,238878.29,226108.07,234434.5,231449.35
216,26,1074765,1749170,741576,847868,39,231449.35,34,1,233536.79,238628.81,238878.29,226108.07,233197.8
216,27,1057882,1927430,809540,784370,39,233197.8,34,1,231449.35,233536.79,238628.81,238878.29,247564.75
216,28,1171781,1927829,815011,860624,43,247564.75,34,1,233197.8,231449.35,233536.79,238628.81,238888.61
216,29,1055589,1906117,808515,859181,43,238888.61,34,1,247564.75,233197.8,231449.35,233536.79,233247.38
216,30,1071994,1926021,733370,789315,39,233247.38,34,1,238888.61,247564.75,233197.8,231449.35,
217,1,1700863,1798441,944673,641538,14,258820.9,34,1,,,,,282827.36
217,2,1871606,1956470,1032662,695717,14,282827.36,34,1,258820.9,,,,264859.73
217,3,1709381,1775553,1057109,692490,14,264859.73,34,1,282827.36,258820.9,,,263044.03
217,4,1679269,1808024,949237,698611,15,263044.03,34,1,264859.73,282827.36,258820.9,,267043.48
217,5,1843986,1761923,1061046,625556,15,267043.48,34,1,263044.03,264859.73,282827.36,258820.9,274980.43
217,6,1849386,1801875,1049920,693193,14,274980.43,34,1,267043.48,263044.03,264859.73,282827.36,274713.29
217,7,1873911,1763004,1032802,693741,15,274713.29,34,1,274980.43,267043.48,263044.03,264859.73,268819.53
217,8,1858110,1800486,960232,635600,15,268819.53,34,1,274713.29,274980.43,267043.48,263044.03,263141.04
217,9,1712183,1780070,969742,685251,14,263141.04,34,1,268819.53,274713.29,274980.43,267043.48,259281.25
217,10,1709880,1760640,1042519,639846,15,259281.25,34,1,263141.04,268819.53,274713.29,274980.43,258097.91
217,11,1713776,1767068,956233,636674,15,258097.91,34,1,259281.25,263141.04,268819.53,274713.29,270236.5
217,12,1697073,1934514,1044454,689578,14,270236.5,34,1,258097.91,259281.25,263141.04,268819.53,260329.56
217,13,1697903,1804313,1040288,640241,15,260329.56,34,1,270236.5,258097.91,259281.25,263141.04,276760.26
217,14,1880297,1973147,941706,631046,14,276760.26,34,1,260329.56,270236.5,258097.91,259281.25,270844.33
217,15,1691052,1956388,1046323,690164,15,270844.33,34,1,276760.26,260329.56,270236.5,258097.91,257194.92
217,16,1698932,1767840,963532,635642,15,257194.92,34,1,270844.33,276760.26,260329.56,270236.5,269531.5
217,17,1887366,1763925,950217,641240,15,269531.5,34,1,257194.92,270844.33,276760.26,260329.56,277126.35
217,18,1849851,1975189,1049843,636328,15,277126.35,34,1,269531.5,257194.92,270844.33,276760.26,265205.13
217,19,1695998,1800109,1036082,698388,15,265205.13,34,1,277126.35,269531.5,257194.92,270844.33,278964.33
217,20,1844077,1958018,960092,685180,14,278964.33,34,1,265205.13,277126.35,269531.5,257194.92,270038.39
217,21,1882251,1781086,956139,641504,14,270038.39,34,1,278964.33,265205.13,277126.35,269531.5,258813.95
217,22,1693080,1808278,968904,638078,14,258813.95,34,1,270038.39,278964.33,265205.13,277126.35,265136.41
217,23,1835888,1767886,941465,629266,14,265136.41,34,1,258813.95,270038.39,278964.33,265205.13,278402.99
217,24,1846619,1925118,963340,691787,14,278402.99,34,1,265136.41,258813.95,270038.39,278964.33,263439.65
217,25,1692130,1780898,1058134,686477,15,263439.65,34,1,278402.99,265136.41,258813.95,270038.39,259926.12
217,26,1721074,1763366,1058912,634699,15,259926.12,34,1,263439.65,278402.99,265136.41,258813.95,263931.61
217,27,1704922,1778404,950465,703521,15,263931.61,34,1,259926.12,263439.65,278402.99,265136.41,271096.67
217,28,1886997,1794291,1031228,630017,15,271096.67,34,1,263931.61,259926.12,263439.65,278402.99,268951.09
217,29,1853295,1802556,959338,639723,15,268951.09,34,1,271096.67,263931.61,259926.12,263439.65,265401.08
217,30,1696292,1799072,1043962,699395,14,265401.08,34,1,268951.09,271096.67,263931.61,259926.12,
218,1,1170996,1427949,891454,233806,16,171341.11,34,1,,,,,166543.8
218,2,1184689,1320481,817166,234125,18,166543.8,34,1,171341.11,,,,170076.14
218,3,1193116,1453288,794485,209809,18,170076.14,34,1,166543.8,171341.11,,,170027.4
218,4,1179986,1420133,798997,233252,18,170027.4,34,1,170076.14,166543.8,171341.11,,161052.15
218,5,1095437,1327252,817266,234227,16,161052.15,34,1,170027.4,170076.14,166543.8,171341.11,163901.91
218,6,1094122,1422641,892715,208801,16,163901.91,34,1,161052.15,170027.4,170076.14,166543.8,160093.89
218,7,1099211,1310043,795257,232878,16,160093.89,34,1,163901.91,161052.15,170027.4,170076.14,160115.39
218,8,1101339,1327808,874559,208896,16,160115.39,34,1,160093.89,163901.91,161052.15,170027.4,159108.89
218,9,1098607,1303646,875458,210734,17,159108.89,34,1,160115.39,160093.89,163901.91,161052.15,170169.31
218,10,1204018,1424387,806803,214159,17,170169.31,34,1,159108.89,160115.39,160093.89,163901.91,172599.25
218,11,1195826,1459908,817025,228661,18,172599.25,34,1,170169.31,159108.89,160115.39,160093.89,164748.9
218,12,1179366,1306329,793168,228983,18,164748.9,34,1,172599.25,170169.31,159108.89,160115.39,165032.74
218,13,1084944,1440894,812271,234140,16,165032.74,34,1,164748.9,172599.25,170169.31,159108.89,158349.06
218,14,1075392,1310887,879494,214901,18,158349.06,34,1,165032.74,164748.9,172599.25,170169.31,171543.58
218,15,1185640,1459452,880086,212995,16,171543.58,34,1,158349.06,165032.74,164748.9,172599.25,164439.9
218,16,1092879,1434843,870935,213974,16,164439.9,34,1,171543.58,158349.06,165032.74,164748.9,164434.67
218,17,1190684,1312729,804448,212341,18,164434.67,34,1,164439.9,171543.58,158349.06,165032.74,163211.5
218,18,1177780,1303179,795054,214192,18,163211.5,34,1,164434.67,164439.9,171543.58,158349.06,164972.83
218,19,1098559,1431884,809291,228407,18,164972.83,34,1,163211.5,164434.67,164439.9,171543.58,165054.45
218,20,1201656,1307636,817751,211263,18,165054.45,34,1,164972.83,163211.5,164434.67,164439.9,166680.95
218,21,1203550,1313250,794027,229662,16,166680.95,34,1,165054.45,164972.83,163211.5,164434.67,165016.24
218,22,1068784,1445635,882975,230483,18,165016.24,34,1,166680.95,165054.45,164972.83,163211.5,161348.44
218,23,1073040,1419657,814889,211210,16,161348.44,34,1,165016.24,166680.95,165054.45,164972.83,171273.52
218,24,1181980,1424011,869571,230975,17,171273.52,34,1,161348.44,165016.24,166680.95,165054.45,160630.63
218,25,1090686,1329444,816886,232021,16,160630.63,34,1,171273.52,161348.44,165016.24,166680.95,161916.61
218,26,1099443,1327391,879524,229517,18,161916.61,34,1,160630.63,171273.52,161348.44,165016.24,167149.6
218,27,1091299,1459757,872715,233280,18,167149.6,34,1,161916.61,160630.63,171273.52,161348.44,169517.9
218,28,1181144,1420827,886460,210506,17,169517.9,34,1,167149.6,161916.61,160630.63,171273.52,167296.18
218,29,1189155,1308505,881991,232992,18,167296.18,34,1,169517.9,167149.6,161916.61,160630.63,169364.2
218,30,1181622,1420681,876709,210302,18,169364.2,34,1,167296.18,169517.9,167149.6,161916.61,
219,1,1437218,1542481,901045,639369,0,230116.71,34,1,,,,,243638.14
219,2,1445926,1683830,992859,700783,0,243638.14,34,1,230116.71,,,,243293.44
219,3,1430979,1683375,994203,707670,0,243293.44,34,1,243638.14,230116.71,,,230235.9
219,4,1316368,1695895,912876,654281,0,230235.9,34,1,243293.44,243638.14,230116.71,,235362.98
219,5,1319992,1700390,903176,708212,0,235362.98,34,1,230235.9,243293.44,243638.14,230116.71,228225.03
219,6,1293934,1697912,914978,646790,0,228225.03,34,1,235362.98,230235.9,243293.44,243638.14,233865.29
219,7,1299421,1706071,918273,701005,0,233865.29,34,1,228225.03,235362.98,230235.9,243293.44,230713.55
219,8,1440366,1516398,897347,656489,0,230713.55,34,1,233865.29,228225.03,235362.98,230235.9,228340.61
219,9,1296386,1553872,987937,699778,0,228340.61,34,1,230713.55,233865.29,228225.03,235362.98,229712.72
219,10,1326864,1691426,890584,647071,0,229712.72,34,1,228340.61,230713.55,233865.29,228225.03,232052.23
219,11,1323870,1704722,997249,649557,0,232052.23,34,1,229712.72,228340.61,230713.55,233865.29,239562.03
219,12,1444380,1689010,982604,656165,0,239562.03,34,1,232052.23,229712.72,228340.61,230713.55,233231.86
219,13,1305683,1678425,909488,703897,0,233231.86,34,1,239562.03,232052.23,229712.72,228340.61,243235.91
219,14,1439037,1705897,894530,708970,0,243235.91,34,1,233231.86,239562.03,232052.23,229712.72,233042.31
219,15,1455499,1555246,905607,651921,0,233042.31,34,1,243235.91,233231.86,239562.03,232052.23,229931.33
219,16,1327645,1662934,993660,643351,0,229931.33,34,1,233042.31,243235.91,233231.86,239562.03,229368.01
219,17,1324031,1663619,912256,654224,0,229368.01,34,1,229931.33,233042.31,243235.91,233231.86,227781.33
219,18,1293735,1685867,890783,652007,0,227781.33,34,1,229368.01,229931.33,233042.31,243235.91,231466.93
219,19,1430111,1542105,1003799,640892,0,231466.93,34,1,227781.33,229368.01,229931.33,233042.31,238510.83
219,20,1447670,1704056,898128,650569,0,238510.83,34,1,231466.93,227781.33,229368.01,229931.33,223627.79
219,21,1306590,1547186,985317,643763,0,223627.79,34,1,238510.83,231466.93,227781.33,229368.01,224603.85
219,22,1333095,1540864,908243,652516,0,224603.85,34,1,223627.79,238510.83,231466.93,227781.33,243645.78
219,23,1432670,1686692,988349,709891,0,243645.78,34,1,224603.85,223627.79,238510.83,231466.93,241726.75
219,24,1448064,1661625,903815,704577,0,241726.75,34,1,243645.78,224603.85,223627.79,238510.83,238216.84
219,25,1437014,1703688,901933,654445,0,238216.84,34,1,241726.75,243645.78,224603.85,223627.79,228122.46
219,26,1315642,1660104,891667,651825,0,228122.46,34,1,238216.84,241726.75,243645.78,224603.85,238363.02
219,27,1438772,1535656,1000013,714813,0,238363.02,34,1,228122.46,238216.84,241726.75,243645.78,231264.24
219,28,1451237,1538152,898871,644420,0,231264.24,34,1,238363.02,228122.46,238216.84,241726.75,238738.96
219,29,1455079,1705721,895706,647443,0,238738.96,34,1,231264.24,238363.02,228122.46,238216.84,235736.36
219,30,1416885,1514033,979261,715225,0,235736.36,34,1,238738.96,231264.24,238363.02,228122.46,
220,1,1944263,1399478,1137656,695317,26,265943.83,34,1,,,,,261310.46
220,2,1791765,1415479,1043555,763281,29,261310.46,34,1,265943.83,,,,269017.37
220,3,1972347,1285508,1138024,761971,29,269017.37,34,1,261310.46,265943.83,,,266693.85
220,4,1934822,1278598,1152841,763680,29,266693.85,34,1,269017.37,261310.46,265943.83,,255572.99
220,5,1773162,1427254,1138602,690248,29,255572.99,34,1,266693.85,269017.37,261310.46,265943.83,267661.82
220,6,1929485,1304828,1137347,768919,26,267661.82,34,1,255572.99,266693.85,269017.37,261310.46,260996.48
220,7,1800590,1418199,1036317,753519,26,260996.48,34,1,267661.82,255572.99,266693.85,269017.37,275495.49
220,8,1975452,1417205,1145563,769154,26,275495.49,34,1,260996.48,267661.82,255572.99,266693.85,260282.78
220,9,1770310,1422665,1064200,760212,29,260282.78,34,1,275495.49,260996.48,267661.82,255572.99,259234.23
220,10,1770681,1405526,1056192,757723,29,259234.23,34,1,260282.78,275495.49,260996.48,267661.82,250618.65
220,11,1769076,1295669,1152005,696805,26,250618.65,34,1,259234.23,260282.78,275495.49,260996.48,269215.88
220,12,1962861,1291606,1161369,763912,26,269215.88,34,1,250618.65,259234.23,260282.78,275495.49,256429.13
220,13,1765768,1284667,1159700,767306,28,256429.13,34,1,269215.88,250618.65,259234.23,260282.78,261452.49
220,14,1943148,1280616,1145580,699967,28,261452.49,34,1,256429.13,269215.88,250618.65,259234.23,260621.7
220,15,1789185,1406565,1053344,759847,28,260621.7,34,1,261452.49,256429.13,269215.88,250618.65,260786.89
220,16,1961220,1308611,1037161,686387,26,260786.89,34,1,260621.7,261452.49,256429.13,269215.88,255045.19
220,17,1769258,1283393,1061479,767950,26,255045.19,34,1,260786.89,260621.7,261452.49,256429.13,249789.59
220,18,1757728,1308340,1141669,691775,29,249789.59,34,1,255045.19,260786.89,260621.7,261452.49,256602.16
220,19,1796167,1308199,1066236,753505,28,256602.16,34,1,249789.59,255045.19,260786.89,260621.7,261915.7
220,20,1960115,1295081,1058679,702043,29,261915.7,34,1,256602.16,249789.59,255045.19,260786.89,270937.57
220,21,1947599,1410900,1048778,759199,26,270937.57,34,1,261915.7,256602.16,249789.59,255045.19,260892.16
220,22,1940524,1312835,1058437,696593,26,260892.16,34,1,270937.57,261915.7,256602.16,249789.59,254097.43
220,23,1758608,1308096,1040853,757402,28,254097.43,34,1,260892.16,270937.57,261915.7,256602.16,250345.04
220,24,1789858,1280843,1136664,688503,26,250345.04,34,1,254097.43,260892.16,270937.57,261915.7,256060.71
220,25,1808176,1274528,1036812,759844,26,256060.71,34,1,250345.04,254097.43,260892.16,270937.57,258114.94
220,26,1795792,1300333,1141998,760387,26,258114.94,34,1,256060.71,250345.04,254097.43,260892.16,256703.98
220,27,1786130,1301544,1046650,768506,26,256703.98,34,1,258114.94,256060.71,250345.04,254097.43,254376.66
220,28,1770856,1291474,1036709,760158,26,254376.66,34,1,256703.98,258114.94,256060.71,250345.04,263461.8
220,29,1956042,1297607,1161842,702139,28,263461.8,34,1,254376.66,256703.98,258114.94,256060.71,246229.54
220,30,1756457,1276418,1054081,683977,29,246229.54,34,1,263461.8,254376.66,256703.98,258114.94,
221,1,1796349,1694931,845987,307290,6,228915.88,34,1,,,,,240571.34
221,2,1949335,1684341,849088,330914,7,240571.34,34,1,228915.88,,,,230754.35
221,3,1780618,1676932,925215,332883,6,230754.35,34,1,240571.34,228915.88,,,250255.36
221,4,1994153,1865100,930032,307538,6,250255.36,34,1,230754.35,240571.34,228915.88,,232456.88
221,5,1816889,1695561,835298,333446,7,232456.88,34,1,250255.36,230754.35,240571.34,228915.88,236357.07
221,6,1788901,1867765,924669,300694,7,236357.07,34,1,232456.88,250255.36,230754.35,240571.34,230262.24
221,7,1815290,1697200,861146,304790,6,230262.24,34,1,236357.07,232456.88,250255.36,230754.35,241576.67
221,8,1979368,1685626,936618,303925,6,241576.67,34,1,230262.24,236357.07,232456.88,250255.36,240618.99
221,9,1952110,1678096,855243,331222,6,240618.99,34,1,241576.67,230262.24,236357.07,232456.88,239261.98
221,10,1781874,1873159,926372,335146,6,239261.98,34,1,240618.99,241576.67,230262.24,236357.07,231018.3
221,11,1795713,1689778,854222,331947,6,231018.3,34,1,239261.98,240618.99,241576.67,230262.24,241310.86
221,12,1808350,1877920,940444,334063,6,241310.86,34,1,231018.3,239261.98,240618.99,241576.67,241744.19
221,13,1974271,1719691,859700,307677,6,241744.19,34,1,241310.86,231018.3,239261.98,240618.99,247995.68
221,14,1972785,1828983,846187,329866,6,247995.68,34,1,241744.19,241310.86,231018.3,239261.98,240732.64
221,15,1804913,1868188,926412,337191,6,240732.64,34,1,247995.68,241744.19,241310.86,231018.3,242741.83
221,16,1957580,1690878,939948,329462,7,242741.83,34,1,240732.64,247995.68,241744.19,241310.86,242198.23
221,17,1968838,1694584,846889,330590,6,242198.23,34,1,242741.83,240732.64,247995.68,241744.19,247207.47
221,18,1994196,1836306,849248,301783,7,247207.47,34,1,242198.23,242741.83,240732.64,247995.68,242701.5
221,19,1983418,1676404,847938,333927,6,242701.5,34,1,247207.47,242198.23,242741.83,240732.64,248358.21
221,20,1979296,1833768,836686,328720,6,248358.21,34,1,242701.5,247207.47,242198.23,242741.83,247619.89
221,21,1973452,1867762,845680,307335,7,247619.89,34,1,248358.21,242701.5,247207.47,242198.23,243233.95
221,22,1958942,1701382,935006,329973,6,243233.95,34,1,247619.89,248358.21,242701.5,247207.47,244553.04
221,23,1990791,1697156,859309,337466,6,244553.04,34,1,243233.95,247619.89,248358.21,242701.5,227728.27
221,24,1777243,1708615,846029,301503,6,227728.27,34,1,244553.04,243233.95,247619.89,248358.21,243308.34
221,25,1974540,1667486,935116,335279,6,243308.34,34,1,227728.27,244553.04,243233.95,247619.89,244578.42
221,26,1987684,1686695,917862,334156,6,244578.42,34,1,243308.34,227728.27,244553.04,243233.95,230680.25
221,27,1789651,1717475,919637,307791,7,230680.25,34,1,244578.42,243308.34,227728.27,244553.04,244720.65
221,28,1995128,1701216,851291,335787,6,244720.65,34,1,230680.25,244578.42,243308.34,227728.27,248303.48
221,29,1986920,1857497,854238,308433,7,248303.48,34,1,244720.65,230680.25,244578.42,243308.34,247576.63
221,30,1957985,1843026,844691,329620,6,247576.63,34,1,248303.48,244720.65,230680.25,244578.42,
222,1,1418454,1637555,913051,251915,25,198133.02,34,1,,,,,193156.11
222,2,1450011,1506229,824999,250971,27,193156.11,34,1,198133.02,,,,198056.99
222,3,1448118,1618657,839010,252008,25,198056.99,34,1,193156.11,198133.02,,,189475.72
222,4,1313507,1643566,912901,228587,28,189475.72,34,1,198056.99,193156.11,198133.02,,195926.44
222,5,1440922,1645066,824603,223939,26,195926.44,34,1,189475.72,198056.99,193156.11,198133.02,197412.09
222,6,1438838,1637272,913153,229380,27,197412.09,34,1,195926.44,189475.72,198056.99,193156.11,196607.83
222,7,1426957,1627565,835337,247689,25,196607.83,34,1,197412.09,195926.44,189475.72,198056.99,196589.4
222,8,1418398,1632201,843275,250039,26,196589.4,34,1,196607.83,197412.09,195926.44,189475.72,198543.05
222,9,1420985,1655057,900424,248830,26,198543.05,34,1,196589.4,196607.83,197412.09,195926.44,189119.23
222,10,1416269,1471946,829035,245615,28,189119.23,34,1,198543.05,196589.4,196607.83,197412.09,191250.41
222,11,1314226,1646226,920190,245191,25,191250.41,34,1,189119.23,198543.05,196589.4,196607.83,190708.24
222,12,1444602,1471004,916938,227287,25,190708.24,34,1,191250.41,189119.23,198543.05,196589.4,196642.82
222,13,1424138,1623726,843527,250387,27,196642.82,34,1,190708.24,191250.41,189119.23,198543.05,181367.63
222,14,1292738,1515476,838186,226604,28,181367.63,34,1,196642.82,190708.24,191250.41,189119.23,192370.81
222,15,1430379,1489964,898935,250434,28,192370.81,34,1,181367.63,196642.82,190708.24,191250.41,182110.53
222,16,1308023,1479220,900231,229354,26,182110.53,34,1,192370.81,181367.63,196642.82,190708.24,194109.75
222,17,1422995,1621820,833148,225895,28,194109.75,34,1,182110.53,192370.81,181367.63,196642.82,183300.91
222,18,1313626,1494891,821345,245641,27,183300.91,34,1,194109.75,182110.53,192370.81,181367.63,183449.5
222,19,1322068,1482642,922706,228423,26,183449.5,34,1,183300.91,194109.75,182110.53,192370.81,190085.15
222,20,1316449,1648007,834811,245408,27,190085.15,34,1,183449.5,183300.91,194109.75,182110.53,189748.5
222,21,1415332,1501001,897246,227365,27,189748.5,34,1,190085.15,183449.5,183300.91,194109.75,184500.45
222,22,1320848,1508845,824371,246730,28,184500.45,34,1,189748.5,190085.15,183449.5,183300.91,189843.03
222,23,1412611,1481253,832814,251267,28,189843.03,34,1,184500.45,189748.5,190085.15,183449.5,189903.58
222,24,1316507,1632269,826730,252124,25,189903.58,34,1,189843.03,184500.45,189748.5,190085.15,197564.23
222,25,1433697,1628898,841380,251730,25,197564.23,34,1,189903.58,189843.03,184500.45,189748.5,194777.36
222,26,1430790,1616248,834457,230042,26,194777.36,34,1,197564.23,189903.58,189843.03,184500.45,181018.6
222,27,1288781,1491400,899398,225581,27,181018.6,34,1,194777.36,197564.23,189903.58,189843.03,184094.43
222,28,1315843,1505937,820565,247867,28,184094.43,34,1,181018.6,194777.36,197564.23,189903.58,189000.57
222,29,1325080,1641334,836940,229882,28,189000.57,34,1,184094.43,181018.6,194777.36,197564.23,197700.17
222,30,1437088,1614111,897754,247374,28,197700.17,34,1,189000.57,184094.43,181018.6,194777.36,
223,1,1253869,1852821,758792,219603,25,191013.61,34,1,,,,,186338.79
223,2,1233367,1701576,845513,236801,26,186338.79,34,1,191013.61,,,,185862.91
223,3,1143470,1851457,774067,239687,25,185862.91,34,1,186338.79,191013.61,,,184876.59
223,4,1226495,1727933,824100,217210,28,184876.59,34,1,185862.91,186338.79,191013.61,,193048.38
223,5,1258501,1900876,762869,215816,26,193048.38,34,1,184876.59,185862.91,186338.79,191013.61,188097.95
223,6,1149759,1867001,828417,242833,28,188097.95,34,1,193048.38,184876.59,185862.91,186338.79,177404.74
223,7,1138118,1706322,767151,218283,25,177404.74,34,1,188097.95,193048.38,184876.59,185862.91,186584.81
223,8,1129046,1892027,764758,240946,28,186584.81,34,1,177404.74,188097.95,193048.38,184876.59,191110.02
223,9,1226067,1893234,773429,219252,26,191110.02,34,1,186584.81,177404.74,188097.95,193048.38,186127.44
223,10,1152331,1870046,826486,218075,28,186127.44,34,1,191110.02,186584.81,177404.74,188097.95,188191.59
223,11,1236663,1731501,844643,241265,25,188191.59,34,1,186127.44,191110.02,186584.81,177404.74,178172.14
223,12,1149165,1706328,757118,220673,29,178172.14,34,1,188191.59,186127.44,191110.02,186584.81,192144.58
223,13,1229832,1873983,772779,237061,25,192144.58,34,1,178172.14,188191.59,186127.44,191110.02,186547.86
223,14,1244626,1742275,825590,215793,26,186547.86,34,1,192144.58,178172.14,188191.59,186127.44,181420.62
223,15,1138724,1731708,830010,239147,28,181420.62,34,1,186547.86,192144.58,178172.14,188191.59,183875.47
223,16,1125094,1884823,761128,217748,26,183875.47,34,1,181420.62,186547.86,192144.58,178172.14,192300.48
223,17,1230166,1884467,840750,221298,26,192300.48,34,1,183875.47,181420.62,186547.86,192144.58,177257.98
223,18,1127116,1691927,846705,216730,28,177257.98,34,1,192300.48,183875.47,181420.62,186547.86,177685.93
223,19,1119568,1710325,833599,220764,26,177685.93,34,1,177257.98,192300.48,183875.47,181420.62,179218.5
223,20,1152920,1718572,775709,220516,26,179218.5,34,1,177685.93,177257.98,192300.48,183875.47,186099.75
223,21,1229033,1735248,756614,237860,28,186099.75,34,1,179218.5,177685.93,177257.98,192300.48,183898.44
223,22,1250687,1690008,754971,219160,26,183898.44,34,1,186099.75,179218.5,177685.93,177257.98,184409.25
223,23,1126764,1883869,774731,220429,26,184409.25,34,1,183898.44,186099.75,179218.5,177685.93,192158.0
223,24,1249227,1856152,841203,219062,25,192158.0,34,1,184409.25,183898.44,186099.75,179218.5,184645.12
223,25,1147894,1871973,763413,215432,28,184645.12,34,1,192158.0,184409.25,183898.44,186099.75,185146.01
223,26,1226205,1710133,767942,238894,28,185146.01,34,1,184645.12,192158.0,184409.25,183898.44,180665.71
223,27,1143150,1729171,754163,242600,26,180665.71,34,1,185146.01,184645.12,192158.0,184409.25,185480.36
223,28,1135538,1883274,831647,215900,26,185480.36,34,1,180665.71,185146.01,184645.12,192158.0,185757.15
223,29,1144345,1862718,754412,236247,26,185757.15,34,1,185480.36,180665.71,185146.01,184645.12,186491.73
223,30,1255019,1737517,771981,219680,25,186491.73,34,1,185757.15,185480.36,180665.71,185146.01,
224,1,1809532,1898897,895412,564995,9,262350.89,34,1,,,,,260478.77
224,2,1805912,1716445,976265,616672,10,260478.77,34,1,262350.89,,,,266330.92
224,3,1943419,1729705,967166,578242,10,266330.92,34,1,260478.77,262350.89,,,263940.44
224,4,1765636,1893326,890284,617688,9,263940.44,34,1,266330.92,260478.77,262350.89,,280409.27
224,5,1976248,1903043,969714,629940,9,280409.27,34,1,263940.44,266330.92,260478.77,262350.89,271599.65
224,6,1968008,1703487,975447,629634,10,271599.65,34,1,280409.27,263940.44,266330.92,260478.77,265421.69
224,7,1771356,1866299,968693,628235,10,265421.69,34,1,271599.65,280409.27,263940.44,266330.92,259602.58
224,8,1765850,1909915,872064,565066,9,259602.58,34,1,265421.69,271599.65,280409.27,263940.44,270166.63
224,9,1808823,1912147,971238,632203,10,270166.63,34,1,259602.58,265421.69,271599.65,280409.27,263173.7
224,10,1931408,1732740,897173,563220,9,263173.7,34,1,270166.63,259602.58,265421.69,271599.65,275575.78
224,11,1942871,1878263,899630,624595,10,275575.78,34,1,263173.7,270166.63,259602.58,265421.69,263151.35
224,12,1933276,1717447,886835,570603,9,263151.35,34,1,275575.78,263173.7,270166.63,259602.58,276380.33
224,13,1964079,1869291,886339,624856,9,276380.33,34,1,263151.35,275575.78,263173.7,270166.63,260500.01
224,14,1791919,1733481,957565,622477,10,260500.01,34,1,276380.33,263151.35,275575.78,263173.7,275567.45
224,15,1945408,1898278,884256,616204,10,275567.45,34,1,260500.01,276380.33,263151.35,275575.78,261886.77
224,16,1812855,1728092,960501,624769,10,261886.77,34,1,275567.45,260500.01,276380.33,263151.35,261832.08
224,17,1770824,1906435,967967,570342,10,261832.08,34,1,261886.77,275567.45,260500.01,276380.33,264651.76
224,18,1934481,1706327,976912,575107,10,264651.76,34,1,261832.08,261886.77,275567.45,260500.01,265523.93
224,19,1778158,1884220,889353,630637,9,265523.93,34,1,264651.76,261832.08,261886.77,275567.45,262760.67
224,20,1808591,1898065,875946,574148,10,262760.67,34,1,265523.93,264651.76,261832.08,261886.77,265013.86
224,21,1941827,1726025,976208,564841,9,265013.86,34,1,262760.67,265523.93,264651.76,261832.08,251929.68
224,22,1763336,1712617,893851,569277,9,251929.68,34,1,265013.86,262760.67,265523.93,264651.76,263918.0
224,23,1816634,1904463,879208,577641,9,263918.0,34,1,251929.68,265013.86,262760.67,265523.93,259326.61
224,24,1804755,1721040,889247,618462,9,259326.61,34,1,263918.0,251929.68,265013.86,262760.67,258344.38
224,25,1801844,1711194,872384,617301,9,258344.38,34,1,259326.61,263918.0,251929.68,265013.86,271816.49
224,26,1939813,1916517,894942,568232,9,271816.49,34,1,258344.38,259326.61,263918.0,251929.68,269535.16
224,27,1960008,1701454,874200,631891,10,269535.16,34,1,271816.49,258344.38,259326.61,263918.0,269375.64
224,28,1963103,1705651,896566,621875,10,269375.64,34,1,269535.16,271816.49,258344.38,259326.61,259812.87
224,29,1785142,1706120,968772,630370,9,259812.87,34,1,269375.64,269535.16,271816.49,258344.38,266835.39
224,30,1797597,1905780,874093,623995,9,266835.39,34,1,259812.87,269375.64,269535.16,271816.49,
225,1,1708689,1426032,793865,644839,8,241577.65,34,1,,,,,247053.34
225,2,1704168,1433329,793891,705418,8,247053.34,34,1,241577.65,,,,262597.26
225,3,1903692,1447694,865082,714731,8,262597.26,34,1,247053.34,241577.65,,,253514.5
225,4,1874912,1287548,848799,711906,8,253514.5,34,1,262597.26,247053.34,241577.65,,251035.49
225,5,1898654,1314478,861866,652488,8,251035.49,34,1,253514.5,262597.26,247053.34,241577.65,245680.49
225,6,1741775,1294639,861737,715086,8,245680.49,34,1,251035.49,253514.5,262597.26,247053.34,238937.99
225,7,1702808,1326804,869314,652039,8,238937.99,34,1,245680.49,251035.49,253514.5,262597.26,242738.43
225,8,1721714,1298365,786945,708789,8,242738.43,34,1,238937.99,245680.49,251035.49,253514.5,243296.27
225,9,1717503,1413363,847358,653682,8,243296.27,34,1,242738.43,238937.99,245680.49,251035.49,254739.56
225,10,1901945,1295582,779486,714971,8,254739.56,34,1,243296.27,242738.43,238937.99,245680.49,246987.92
225,11,1719510,1416778,782226,703464,8,246987.92,34,1,254739.56,243296.27,242738.43,238937.99,244913.11
225,12,1723407,1450920,869649,645894,8,244913.11,34,1,246987.92,254739.56,243296.27,242738.43,254544.7
225,13,1887799,1443672,847311,641968,8,254544.7,34,1,244913.11,246987.92,254739.56,243296.27,253449.43
225,14,1897030,1432711,780568,640436,8,253449.43,34,1,254544.7,244913.11,246987.92,254739.56,254998.38
225,15,1890626,1434331,850178,648774,8,254998.38,34,1,253449.43,254544.7,244913.11,246987.92,247739.3
225,16,1876734,1299238,787808,652258,8,247739.3,34,1,254998.38,253449.43,254544.7,244913.11,239564.57
225,17,1746158,1304690,853190,641019,8,239564.57,34,1,247739.3,254998.38,253449.43,254544.7,243138.02
225,18,1708992,1439812,795750,655192,8,243138.02,34,1,239564.57,247739.3,254998.38,253449.43,254447.17
225,19,1884597,1429189,855103,648481,8,254447.17,34,1,243138.02,239564.57,247739.3,254998.38,244639.63
225,20,1729958,1290376,863592,713676,8,244639.63,34,1,254447.17,243138.02,239564.57,247739.3,234950.21
225,21,1705959,1293860,788888,635488,8,234950.21,34,1,244639.63,254447.17,243138.02,239564.57,239249.5
225,22,1731523,1321761,774180,654534,8,239249.5,34,1,234950.21,244639.63,254447.17,243138.02,243991.65
225,23,1749090,1440575,784846,637471,8,243991.65,34,1,239249.5,234950.21,244639.63,254447.17,235491.29
225,24,1706877,1299719,788460,638190,8,235491.29,34,1,243991.65,239249.5,234950.21,244639.63,244142.34
225,25,1746443,1412152,851430,642082,8,244142.34,34,1,235491.29,243991.65,239249.5,234950.21,250395.26
225,26,1916543,1298401,787548,653531,8,250395.26,34,1,244142.34,235491.29,243991.65,239249.5,242405.0
225,27,1703633,1323034,786201,706788,8,242405.0,34,1,250395.26,244142.34,235491.29,243991.65,244446.09
225,28,1745817,1422684,867547,638080,8,244446.09,34,1,242405.0,250395.26,244142.34,235491.29,248282.03
225,29,1718654,1435431,853274,696831,8,248282.03,34,1,244446.09,242405.0,250395.26,244142.34,237122.56
225,30,1719392,1307823,794426,642439,8,237122.56,34,1,248282.03,244446.09,242405.0,250395.26,
226,1,1258305,1403258,832167,705491,3,217530.66,34,1,,,,,204951.48
226,2,1172610,1249272,848148,696067,3,204951.48,34,1,217530.66,,,,215745.9
226,3,1146137,1379321,915024,762312,4,215745.9,34,1,204951.48,217530.66,,,216773.48
226,4,1172465,1376113,832943,771234,3,216773.48,34,1,215745.9,204951.48,217530.66,,214266.19
226,5,1270700,1279474,913932,702857,4,214266.19,34,1,216773.48,215745.9,204951.48,217530.66,210393.9
226,6,1158331,1405224,845966,694784,4,210393.9,34,1,214266.19,216773.48,215745.9,204951.48,210527.21
226,7,1147525,1275234,830863,767038,4,210527.21,34,1,210393.9,214266.19,216773.48,215745.9,211590.24
226,8,1177036,1385096,909016,692442,4,211590.24,34,1,210527.21,210393.9,214266.19,216773.48,219169.29
226,9,1288132,1256971,837564,769049,3,219169.29,34,1,211590.24,210527.21,210393.9,214266.19,204986.58
226,10,1175442,1263266,845608,688397,3,204986.58,34,1,219169.29,211590.24,210527.21,210393.9,206157.04
226,11,1163533,1271575,924139,691768,3,206157.04,34,1,204986.58,219169.29,211590.24,210527.21,217965.11
226,12,1286451,1384266,827713,699694,3,217965.11,34,1,206157.04,204986.58,219169.29,211590.24,223075.31
226,13,1258571,1401851,824385,768852,3,223075.31,34,1,217965.11,206157.04,204986.58,219169.29,213568.59
226,14,1262271,1274429,923525,701770,4,213568.59,34,1,223075.31,217965.11,206157.04,204986.58,211720.46
226,15,1154019,1253143,925909,768517,3,211720.46,34,1,213568.59,223075.31,217965.11,206157.04,208693.09
226,16,1162530,1377669,833610,687932,4,208693.09,34,1,211720.46,213568.59,223075.31,217965.11,212850.6
226,17,1282159,1272107,834485,696823,3,212850.6,34,1,208693.09,211720.46,213568.59,223075.31,219571.21
226,18,1279711,1386764,906966,706741,4,219571.21,34,1,212850.6,208693.09,211720.46,213568.59,216053.72
226,19,1165210,1393457,845843,758075,4,216053.72,34,1,219571.21,212850.6,208693.09,211720.46,206559.82
226,20,1162212,1280356,917792,694269,4,206559.82,34,1,216053.72,219571.21,212850.6,208693.09,218007.58
226,21,1275348,1270317,833974,759824,3,218007.58,34,1,206559.82,216053.72,219571.21,212850.6,222877.34
226,22,1266817,1386607,903609,753353,4,222877.34,34,1,218007.58,206559.82,216053.72,219571.21,221423.45
226,23,1271326,1376644,826493,752668,3,221423.45,34,1,222877.34,218007.58,206559.82,216053.72,213992.23
226,24,1166622,1285730,903610,773607,4,213992.23,34,1,221423.45,222877.34,218007.58,206559.82,213948.82
226,25,1154753,1375358,823774,754665,3,213948.82,34,1,213992.23,221423.45,222877.34,218007.58,218833.93
226,26,1277181,1269785,848308,765303,3,218833.93,34,1,213948.82,213992.23,221423.45,222877.34,205117.14
226,27,1172678,1262942,844561,692171,4,205117.14,34,1,218833.93,213948.82,213992.23,221423.45,216172.43
226,28,1159020,1390857,903322,754569,3,216172.43,34,1,205117.14,218833.93,213948.82,213992.23,217596.83
226,29,1276460,1377657,838459,703896,3,217596.83,34,1,216172.43,205117.14,218833.93,213948.82,223204.46
226,30,1269905,1371176,910680,760626,3,223204.46,34,1,217596.83,216172.43,205117.14,218833.93,
227,1,1660653,1356874,756583,514319,14,223189.81,34,1,,,,,221900.33
227,2,1636543,1373889,766115,507725,14,221900.33,34,1,223189.81,,,,218658.81
227,3,1495174,1490534,752565,521791,14,218658.81,34,1,221900.33,223189.81,,,235074.05
227,4,1673170,1521052,751982,561835,14,235074.05,34,1,218658.81,221900.33,223189.81,,225962.93
227,5,1516619,1521245,764196,571011,15,225962.93,34,1,235074.05,218658.81,221900.33,223189.81,217860.42
227,6,1513261,1371153,690323,566621,15,217860.42,34,1,225962.93,235074.05,218658.81,221900.33,232564.03
227,7,1660741,1510154,685950,560025,14,232564.03,34,1,217860.42,225962.93,235074.05,218658.81,223854.63
227,8,1674233,1375999,682979,516481,15,223854.63,34,1,232564.03,217860.42,225962.93,235074.05,229410.36
227,9,1675534,1500866,688037,518347,15,229410.36,34,1,223854.63,232564.03,217860.42,225962.93,231236.52
227,10,1673266,1523950,761876,516067,14,231236.52,34,1,229410.36,223854.63,232564.03,217860.42,228084.29
227,11,1659217,1361862,750565,568408,14,228084.29,34,1,231236.52,229410.36,223854.63,232564.03,229342.18
227,12,1668168,1499380,692322,522793,15,229342.18,34,1,228084.29,231236.52,229410.36,223854.63,234898.7
227,13,1655528,1518457,765278,571350,14,234898.7,34,1,229342.18,228084.29,231236.52,229410.36,227238.22
227,14,1656859,1382902,697200,560695,15,227238.22,34,1,234898.7,229342.18,228084.29,231236.52,222937.19
227,15,1640626,1388960,701110,521150,15,222937.19,34,1,227238.22,234898.7,229342.18,228084.29,235209.0
227,16,1677879,1515835,758291,561215,14,235209.0,34,1,222937.19,227238.22,234898.7,229342.18,223281.85
227,17,1662648,1356788,751669,514840,15,223281.85,34,1,235209.0,222937.19,227238.22,234898.7,224706.59
227,18,1671793,1394800,695486,516688,14,224706.59,34,1,223281.85,235209.0,222937.19,227238.22,221831.62
227,19,1649652,1371097,696865,511459,14,221831.62,34,1,224706.59,223281.85,235209.0,222937.19,222309.91
227,20,1492220,1490377,765104,562186,14,222309.91,34,1,221831.62,224706.59,223281.85,235209.0,214650.42
227,21,1534684,1373788,686132,515172,15,214650.42,34,1,222309.91,221831.62,224706.59,223281.85,223229.89
227,22,1505988,1509161,700454,565568,15,223229.89,34,1,214650.42,222309.91,221831.62,224706.59,223526.83
227,23,1517861,1498832,687101,567549,15,223526.83,34,1,223229.89,214650.42,222309.91,221831.62,233982.67
227,24,1663664,1504941,756961,563125,15,233982.67,34,1,223526.83,223229.89,214650.42,222309.91,224322.73
227,25,1659645,1395271,689757,521989,14,224322.73,34,1,233982.67,223526.83,223229.89,214650.42,232010.08
227,26,1652876,1490941,698124,566221,15,232010.08,34,1,224322.73,233982.67,223526.83,223229.89,229132.42
227,27,1664802,1508113,749468,508421,15,229132.42,34,1,232010.08,224322.73,233982.67,223526.83,214863.66
227,28,1526411,1357890,751862,518870,15,214863.66,34,1,229132.42,232010.08,224322.73,233982.67,222542.17
227,29,1649594,1358086,761441,513639,14,222542.17,34,1,214863.66,229132.42,232010.08,224322.73,220356.01
227,30,1538320,1367438,753738,566444,15,220356.01,34,1,222542.17,214863.66,229132.42,232010.08,
228,1,1461514,2041018,1016297,427741,26,235344.83,34,1,,,,,232938.15
228,2,1337791,2068830,1120151,458157,26,232938.15,34,1,235344.83,,,,238770.12
228,3,1471153,2029989,1022271,462820,24,238770.12,34,1,232938.15,235344.83,,,229124.9
228,4,1471571,1878784,1032789,423742,24,229124.9,34,1,238770.12,232938.15,235344.83,,227830.0
228,5,1348943,2049091,1014864,421843,26,227830.0,34,1,229124.9,238770.12,232938.15,235344.83,229784.28
228,6,1487829,1877381,1027104,421052,26,229784.28,34,1,227830.0,229124.9,238770.12,232938.15,224942.6
228,7,1341054,1849980,1131389,466554,24,224942.6,34,1,229784.28,227830.0,229124.9,238770.12,237026.86
228,8,1484455,2035665,1034902,428993,26,237026.86,34,1,224942.6,229784.28,227830.0,229124.9,224026.27
228,9,1336873,1846427,1115808,463883,26,224026.27,34,1,237026.86,224942.6,229784.28,227830.0,231405.44
228,10,1345787,2044557,1025373,463946,24,231405.44,34,1,224026.27,237026.86,224942.6,229784.28,228699.17
228,11,1467148,1878261,1020134,424747,26,228699.17,34,1,231405.44,224026.27,237026.86,224942.6,240059.96
228,12,1487184,2039109,1012067,463230,26,240059.96,34,1,228699.17,231405.44,224026.27,237026.86,222207.58
228,13,1325995,1859303,1024544,462206,24,222207.58,34,1,240059.96,228699.17,231405.44,224026.27,228984.15
228,14,1329398,2046706,1133768,428123,23,228984.15,34,1,222207.58,240059.96,228699.17,231405.44,233039.34
228,15,1363964,2021542,1123344,461805,26,233039.34,34,1,228984.15,222207.58,240059.96,228699.17,233682.14
228,16,1358580,2064487,1034967,469006,26,233682.14,34,1,233039.34,228984.15,222207.58,240059.96,242308.35
228,17,1485081,2049103,1132132,463157,23,242308.35,34,1,233682.14,233039.34,228984.15,222207.58,231510.52
228,18,1472343,1837031,1032658,469018,24,231510.52,34,1,242308.35,233682.14,233039.34,228984.15,232126.03
228,19,1365234,2030783,1017860,465713,24,232126.03,34,1,231510.52,242308.35,233682.14,233039.34,235878.94
228,20,1480854,2033945,1015367,423211,26,235878.94,34,1,232126.03,231510.52,242308.35,233682.14,240968.84
228,21,1478462,2032156,1110533,464853,24,240968.84,34,1,235878.94,232126.03,231510.52,242308.35,231434.23
228,22,1474819,1883754,1126687,427591,26,231434.23,34,1,240968.84,235878.94,232126.03,231510.52,235394.93
228,23,1489562,1869580,1134425,466072,26,235394.93,34,1,231434.23,240968.84,235878.94,232126.03,225160.79
228,24,1351889,1885518,1028925,463388,26,225160.79,34,1,235394.93,231434.23,240968.84,235878.94,223466.73
228,25,1332288,1835488,1129680,463520,23,223466.73,34,1,225160.79,235394.93,231434.23,240968.84,224042.58
228,26,1339969,1869364,1013183,469914,26,224042.58,34,1,223466.73,225160.79,235394.93,231434.23,228096.35
228,27,1331425,2045414,1119767,419973,23,228096.35,34,1,224042.58,223466.73,225160.79,235394.93,242558.07
228,28,1480293,2067431,1136793,460018,26,242558.07,34,1,228096.35,224042.58,223466.73,225160.79,220566.27
228,29,1356578,1871530,1018275,417500,24,220566.27,34,1,242558.07,228096.35,224042.58,223466.73,223599.03
228,30,1341783,1843167,1118220,456688,26,223599.03,34,1,220566.27,242558.07,228096.35,224042.58,
229,1,1419053,1917698,843592,843503,18,262092.23,34,1,,,,,248207.78
229,2,1417720,1770192,836923,760097,17,248207.78,34,1,262092.23,,,,255663.36
229,3,1312907,1943021,846582,836225,19,255663.36,34,1,248207.78,262092.23,,,260905.35
229,4,1400753,1921846,838387,842523,17,260905.35,34,1,255663.36,248207.78,262092.23,,242383.12
229,5,1297644,1792751,918322,756520,17,242383.12,34,1,260905.35,255663.36,248207.78,262092.23,249707.25
229,6,1403372,1778401,919372,768200,18,249707.25,34,1,242383.12,260905.35,255663.36,248207.78,249606.82
229,7,1280512,1941696,920886,779422,18,249606.82,34,1,249707.25,242383.12,260905.35,255663.36,256195.08
229,8,1402542,1794872,923936,832268,19,256195.08,34,1,249606.82,249707.25,242383.12,260905.35,249943.98
229,9,1438646,1780816,845366,757843,18,249943.98,34,1,256195.08,249606.82,249707.25,242383.12,254424.53
229,10,1304943,1937063,843707,831501,17,254424.53,34,1,249943.98,256195.08,249606.82,249707.25,241413.98
229,11,1290059,1797752,854977,760452,19,241413.98,34,1,254424.53,249943.98,256195.08,249606.82,262408.57
229,12,1421394,1928584,842111,840552,18,262408.57,34,1,241413.98,254424.53,249943.98,256195.08,247817.31
229,13,1295719,1932766,831030,769170,17,247817.31,34,1,262408.57,241413.98,254424.53,249943.98,243315.32
229,14,1302592,1799729,855355,771544,17,243315.32,34,1,247817.31,262408.57,241413.98,254424.53,250374.32
229,15,1433467,1757359,831673,779708,17,250374.32,34,1,243315.32,247817.31,262408.57,241413.98,264737.41
229,16,1431650,1963124,911216,830397,17,264737.41,34,1,250374.32,243315.32,247817.31,262408.57,258028.05
229,17,1423402,1963855,838671,774812,19,258028.05,34,1,264737.41,250374.32,243315.32,247817.31,263724.1
229,18,1425695,1948953,909863,830254,19,263724.1,34,1,258028.05,264737.41,250374.32,243315.32,252992.66
229,19,1281628,1938300,847688,831081,18,252992.66,34,1,263724.1,258028.05,264737.41,250374.32,250320.64
229,20,1410365,1759465,920407,778563,19,250320.64,34,1,252992.66,263724.1,258028.05,264737.41,247401.46
229,21,1276450,1932294,838338,777295,17,247401.46,34,1,250320.64,252992.66,263724.1,258028.05,243125.61
229,22,1305764,1763464,923970,771463,17,243125.61,34,1,247401.46,250320.64,252992.66,263724.1,255783.21
229,23,1407763,1793175,853145,837641,18,255783.21,34,1,243125.61,247401.46,250320.64,252992.66,248819.96
229,24,1400616,1746431,921654,774747,17,248819.96,34,1,255783.21,243125.61,247401.46,250320.64,260544.34
229,25,1406998,1915111,852496,834580,18,260544.34,34,1,248819.96,255783.21,243125.61,247401.46,255119.96
229,26,1291602,1916565,915705,845178,17,255119.96,34,1,260544.34,248819.96,255783.21,243125.61,250366.4
229,27,1422518,1756934,930268,769711,19,250366.4,34,1,255119.96,260544.34,248819.96,255783.21,257370.3
229,28,1423513,1957214,833373,771483,19,257370.3,34,1,250366.4,255119.96,260544.34,248819.96,264011.97
229,29,1438936,1943101,835621,840178,17,264011.97,34,1,257370.3,250366.4,255119.96,260544.34,264487.74
229,30,1401094,1954586,917285,852442,17,264487.74,34,1,264011.97,257370.3,250366.4,255119.96,
230,1,1334825,1254921,713860,339245,34,181318.69,34,1,,,,,190239.76
230,2,1358076,1402160,794683,338469,34,190239.76,34,1,181318.69,,,,190681.94
230,3,1367246,1407523,792515,334689,35,190681.94,34,1,190239.76,181318.69,,,172917.75
230,4,1231243,1260427,794769,303239,35,172917.75,34,1,190681.94,190239.76,181318.69,,188434.75
230,5,1357628,1377843,782175,332331,32,188434.75,34,1,172917.75,190681.94,190239.76,181318.69,181704.18
230,6,1233411,1399807,788349,335670,35,181704.18,34,1,188434.75,172917.75,190681.94,190239.76,182447.54
230,7,1336264,1272682,730240,339509,34,182447.54,34,1,181704.18,188434.75,172917.75,190681.94,189774.02
230,8,1360306,1404561,791444,331182,32,189774.02,34,1,182447.54,181704.18,188434.75,172917.75,178172.0
230,9,1237674,1378955,781195,304411,34,178172.0,34,1,189774.02,182447.54,181704.18,188434.75,179846.25
230,10,1339249,1277640,718878,308291,35,179846.25,34,1,178172.0,189774.02,182447.54,181704.18,190210.46
230,11,1358354,1402379,787945,339075,31,190210.46,34,1,179846.25,178172.0,189774.02,182447.54,175809.64
230,12,1236689,1284706,727509,332403,31,175809.64,34,1,190210.46,179846.25,178172.0,189774.02,188363.06
230,13,1365268,1377657,733945,334923,32,188363.06,34,1,175809.64,190210.46,179846.25,178172.0,179748.47
230,14,1357738,1259910,714082,303016,31,179748.47,34,1,188363.06,175809.64,190210.46,179846.25,187180.77
230,15,1350281,1399121,795433,311427,32,187180.77,34,1,179748.47,188363.06,175809.64,190210.46,173329.94
230,16,1246796,1270060,729411,304081,34,173329.94,34,1,187180.77,179748.47,188363.06,175809.64,179421.28
230,17,1346922,1259455,731855,304129,34,179421.28,34,1,173329.94,187180.77,179748.47,188363.06,176489.6
230,18,1230734,1377326,721767,302331,35,176489.6,34,1,179421.28,173329.94,187180.77,179748.47,185258.25
230,19,1360044,1380392,732275,303283,35,185258.25,34,1,176489.6,179421.28,173329.94,187180.77,178570.89
230,20,1229335,1388534,782243,310199,32,178570.89,34,1,185258.25,176489.6,179421.28,173329.94,177049.75
230,21,1223692,1401174,712963,304154,35,177049.75,34,1,178570.89,185258.25,176489.6,179421.28,176520.86
230,22,1223823,1377431,721181,307703,35,176520.86,34,1,177049.75,178570.89,185258.25,176489.6,184684.82
230,23,1370557,1253097,795519,336850,32,184684.82,34,1,176520.86,177049.75,178570.89,185258.25,182016.91
230,24,1231002,1406047,792167,337286,31,182016.91,34,1,184684.82,176520.86,177049.75,178570.89,179829.29
230,25,1338037,1291015,713256,303799,35,179829.29,34,1,182016.91,184684.82,176520.86,177049.75,187178.37
230,26,1352989,1399194,798864,308792,34,187178.37,34,1,179829.29,182016.91,184684.82,176520.86,182412.32
230,27,1371350,1266945,796076,304557,35,182412.32,34,1,187178.37,179829.29,182016.91,184684.82,180931.27
230,28,1347290,1280632,730523,311033,35,180931.27,34,1,182412.32,187178.37,179829.29,182016.91,183759.8
230,29,1354725,1286843,724976,335189,32,183759.8,34,1,180931.27,182412.32,187178.37,179829.29,181365.13
230,30,1366908,1252923,797183,302440,32,181365.13,34,1,183759.8,180931.27,182412.32,187178.37,
231,1,1549465,1317398,827097,248289,15,191499.97,34,1,,,,,192145.11
231,2,1543820,1313358,904751,247217,15,192145.11,34,1,191499.97,,,,198800.69
231,3,1560092,1465668,832258,251934,15,198800.69,34,1,192145.11,191499.97,,,192709.05
231,4,1573608,1347950,842010,227461,16,192709.05,34,1,198800.69,192145.11,191499.97,,193387.38
231,5,1555060,1316135,911113,250466,15,193387.38,34,1,192709.05,198800.69,192145.11,191499.97,207147.91
231,6,1691947,1473141,906340,232752,15,207147.91,34,1,193387.38,192709.05,198800.69,192145.11,193891.77
231,7,1556278,1322478,906603,253064,16,193891.77,34,1,207147.91,193387.38,192709.05,198800.69,193881.03
231,8,1573976,1325560,836906,251501,16,193881.03,34,1,193891.77,207147.91,193387.38,192709.05,193356.34
231,9,1551528,1319022,911052,251332,16,193356.34,34,1,193881.03,193891.77,207147.91,193387.38,200989.12
231,10,1585722,1475903,830788,253301,16,200989.12,34,1,193356.34,193881.03,193891.77,207147.91,195839.43
231,11,1543088,1440125,915306,228020,16,195839.43,34,1,200989.12,193356.34,193881.03,193891.77,207027.55
231,12,1714029,1468669,843477,229077,16,207027.55,34,1,195839.43,200989.12,193356.34,193881.03,198603.77
231,13,1552658,1448849,906917,249279,16,198603.77,34,1,207027.55,195839.43,200989.12,193356.34,191233.16
231,14,1542621,1322437,828923,247581,15,191233.16,34,1,198603.77,207027.55,195839.43,200989.12,192578.42
231,15,1557643,1316341,834395,253529,15,192578.42,34,1,191233.16,198603.77,207027.55,195839.43,208134.97
231,16,1719494,1453721,916462,231053,16,208134.97,34,1,192578.42,191233.16,198603.77,207027.55,196847.03
231,17,1566374,1448787,840962,231993,16,196847.03,34,1,208134.97,192578.42,191233.16,198603.77,201994.58
231,18,1715779,1348131,826846,230919,15,201994.58,34,1,196847.03,208134.97,192578.42,191233.16,192500.58
231,19,1545399,1317173,904992,248210,16,192500.58,34,1,201994.58,196847.03,208134.97,192578.42,194616.03
231,20,1576203,1317562,907709,248851,16,194616.03,34,1,192500.58,201994.58,196847.03,208134.97,207740.25
231,21,1701488,1475063,917331,229568,15,207740.25,34,1,194616.03,192500.58,201994.58,196847.03,195839.23
231,22,1587245,1348309,830150,254365,15,195839.23,34,1,207740.25,194616.03,192500.58,201994.58,203751.18
231,23,1701077,1327149,919675,253768,15,203751.18,34,1,195839.23,207740.25,194616.03,192500.58,198619.38
231,24,1585925,1448795,906530,225637,16,198619.38,34,1,203751.18,195839.23,207740.25,194616.03,200837.73
231,25,1715745,1323637,828522,229163,16,200837.73,34,1,198619.38,203751.18,195839.23,207740.25,192863.23
231,26,1581984,1330166,844539,230933,16,192863.23,34,1,200837.73,198619.38,203751.18,195839.23,195014.26
231,27,1569384,1339358,912594,247174,16,195014.26,34,1,192863.23,200837.73,198619.38,203751.18,202942.23
231,28,1704792,1336394,841885,252023,15,202942.23,34,1,195014.26,192863.23,200837.73,198619.38,195122.7
231,29,1584653,1313129,921324,247970,15,195122.7,34,1,202942.23,195014.26,192863.23,200837.73,193557.1
231,30,1554072,1347174,826879,254024,16,193557.1,34,1,195122.7,202942.23,195014.26,192863.23,
232,1,1976637,1694988,980010,490997,46,259380.13,34,1,,,,,249795.44
232,2,1836010,1656782,1068649,487351,42,249795.44,34,1,259380.13,,,,254976.44
232,3,1833769,1678773,1053735,538937,41,254976.44,34,1,249795.44,259380.13,,,261601.44
232,4,2015153,1556749,1051534,538991,42,261601.44,34,1,254976.44,249795.44,259380.13,,246185.72
232,5,1835000,1547026,1069920,498697,41,246185.72,34,1,261601.44,254976.44,249795.44,259380.13,252983.15
232,6,1826264,1689580,960785,534162,42,252983.15,34,1,246185.72,261601.44,254976.44,249795.44,242133.64
232,7,1809652,1533513,964744,497416,45,242133.64,34,1,252983.15,246185.72,261601.44,254976.44,246481.62
232,8,1845004,1555347,1061837,492404,41,246481.62,34,1,242133.64,252983.15,246185.72,261601.44,248510.24
232,9,1834077,1531328,1058702,534456,42,248510.24,34,1,246481.62,242133.64,252983.15,246185.72,248076.29
232,10,1828978,1518863,1070678,536900,45,248076.29,34,1,248510.24,246481.62,242133.64,252983.15,254742.9
232,11,1836312,1699062,965378,541215,46,254742.9,34,1,248076.29,248510.24,246481.62,242133.64,256599.22
232,12,2029172,1525056,1056639,487210,41,256599.22,34,1,254742.9,248076.29,248510.24,246481.62,250969.35
232,13,1850832,1554410,1050920,540400,42,250969.35,34,1,256599.22,254742.9,248076.29,248510.24,259136.24
232,14,1982069,1662426,980348,499422,45,259136.24,34,1,250969.35,256599.22,254742.9,248076.29,254471.81
232,15,1856576,1673086,970168,534812,46,254471.81,34,1,259136.24,250969.35,256599.22,254742.9,260061.02
232,16,2010542,1541070,963883,548465,46,260061.02,34,1,254471.81,259136.24,250969.35,256599.22,246328.15
232,17,1813912,1537433,975978,537005,41,246328.15,34,1,260061.02,254471.81,259136.24,250969.35,253127.02
232,18,1988751,1527298,986617,489480,46,253127.02,34,1,246328.15,260061.02,254471.81,259136.24,265255.38
232,19,2007540,1674941,967478,545515,42,265255.38,34,1,253127.02,246328.15,260061.02,254471.81,256130.58
232,20,1850481,1665707,1054352,545667,41,256130.58,34,1,265255.38,253127.02,246328.15,260061.02,249766.81
232,21,1816665,1661954,1060362,500051,42,249766.81,34,1,256130.58,265255.38,253127.02,246328.15,244368.91
232,22,1822656,1534314,1060062,495112,42,244368.91,34,1,249766.81,256130.58,265255.38,253127.02,259330.74
232,23,2003290,1544752,964693,543732,41,259330.74,34,1,244368.91,249766.81,256130.58,265255.38,251249.01
232,24,1856029,1656147,1064197,490186,42,251249.01,34,1,259330.74,244368.91,249766.81,256130.58,249410.86
232,25,1813768,1666173,1052080,497735,46,249410.86,34,1,251249.01,259330.74,244368.91,249766.81,260318.1
232,26,2011538,1524862,1050688,542289,46,260318.1,34,1,249410.86,251249.01,259330.74,244368.91,255094.08
232,27,2010387,1521215,980625,499658,42,255094.08,34,1,260318.1,249410.86,251249.01,259330.74,262991.81
232,28,1995478,1659332,959019,537864,41,262991.81,34,1,255094.08,260318.1,249410.86,251249.01,264905.1
232,29,1995821,1681394,973423,545979,42,264905.1,34,1,262991.81,255094.08,260318.1,249410.86,265365.05
232,30,1998767,1698648,965632,542384,42,265365.05,34,1,264905.1,262991.81,255094.08,260318.1,
233,1,1553946,2235804,1129131,526148,22,260208.4,34,1,,,,,270361.72
233,2,1701019,2229945,1149890,531955,22,270361.72,34,1,260208.4,,,,256456.72
233,3,1562137,2259621,1042422,483424,24,256456.72,34,1,270361.72,260208.4,,,254624.78
233,4,1536540,2262924,1031446,481981,22,254624.78,34,1,256456.72,270361.72,260208.4,,258609.53
233,5,1702272,2068097,1126393,480048,22,258609.53,34,1,254624.78,256456.72,270361.72,260208.4,269490.6
233,6,1714323,2207890,1139483,524850,25,269490.6,34,1,258609.53,254624.78,256456.72,270361.72,250864.7
233,7,1573552,2020618,1029416,526373,23,250864.7,34,1,269490.6,258609.53,254624.78,256456.72,249058.81
233,8,1571841,2041547,1144471,476902,24,249058.81,34,1,250864.7,269490.6,258609.53,254624.78,268343.63
233,9,1727540,2240029,1142477,487190,24,268343.63,34,1,249058.81,250864.7,269490.6,258609.53,258060.98
233,10,1571680,2207257,1037360,519552,22,258060.98,34,1,268343.63,249058.81,250864.7,269490.6,256353.01
233,11,1698404,2017390,1139662,478889,25,256353.01,34,1,258060.98,268343.63,249058.81,250864.7,267627.22
233,12,1713342,2209267,1050323,520512,22,267627.22,34,1,256353.01,258060.98,268343.63,249058.81,263117.64
233,13,1712532,2042625,1155696,529127,22,263117.64,34,1,267627.22,256353.01,258060.98,268343.63,265997.42
233,14,1701490,2238091,1140808,481103,22,265997.42,34,1,263117.64,267627.22,256353.01,258060.98,255465.62
233,15,1553455,2221046,1127970,480961,24,255465.62,34,1,265997.42,263117.64,267627.22,256353.01,256860.02
233,16,1708537,2032788,1045349,487284,24,256860.02,34,1,255465.62,265997.42,263117.64,267627.22,248533.61
233,17,1582425,2011941,1150206,476152,22,248533.61,34,1,256860.02,255465.62,265997.42,263117.64,271431.92
233,18,1713378,2243373,1147204,529200,25,271431.92,34,1,248533.61,256860.02,255465.62,265997.42,256792.97
233,19,1540616,2263918,1144483,482024,24,256792.97,34,1,271431.92,248533.61,256860.02,255465.62,259536.35
233,20,1555330,2250413,1038747,527403,24,259536.35,34,1,256792.97,271431.92,248533.61,256860.02,270194.98
233,21,1692900,2242188,1141368,531820,22,270194.98,34,1,259536.35,256792.97,271431.92,248533.61,270977.03
233,22,1714556,2232735,1128215,531706,22,270977.03,34,1,270194.98,259536.35,256792.97,271431.92,247750.59
233,23,1567719,2052709,1054130,476653,24,247750.59,34,1,270977.03,270194.98,259536.35,256792.97,270201.05
233,24,1715550,2247168,1055163,529011,24,270201.05,34,1,247750.59,270977.03,270194.98,259536.35,269742.68
233,25,1726179,2247877,1039824,518759,22,269742.68,34,1,270201.05,247750.59,270977.03,270194.98,257788.17
233,26,1549728,2235888,1038040,518908,23,257788.17,34,1,269742.68,270201.05,247750.59,270977.03,248357.51
233,27,1568896,2017870,1140761,482894,24,248357.51,34,1,257788.17,269742.68,270201.05,247750.59,258499.48
233,28,1692930,2031472,1034523,519264,24,258499.48,34,1,248357.51,257788.17,269742.68,270201.05,257400.32
233,29,1556667,2219285,1028966,518969,24,257400.32,34,1,258499.48,248357.51,257788.17,269742.68,255158.23
233,30,1560060,2228604,1046725,484112,24,255158.23,34,1,257400.32,258499.48,248357.51,257788.17,
234,1,1849614,1884365,885754,709662,6,277229.06,34,1,,,,,271039.7
234,2,1854184,1900629,806069,644734,6,271039.7,34,1,277229.06,,,,293320.9
234,3,2012520,2039250,819648,711261,6,293320.9,34,1,271039.7,277229.06,,,280447.49
234,4,2006216,1909454,812540,634508,6,280447.49,34,1,293320.9,271039.7,277229.06,,273865.09
234,5,1812424,1914055,812809,698626,6,273865.09,34,1,280447.49,293320.9,271039.7,277229.06,272683.99
234,6,1816477,1876944,805759,701104,6,272683.99,34,1,273865.09,280447.49,293320.9,271039.7,284213.99
234,7,1973687,1886452,809441,710880,6,284213.99,34,1,272683.99,273865.09,280447.49,293320.9,285189.86
234,8,1854519,2090493,885969,698821,6,285189.86,34,1,284213.99,272683.99,273865.09,280447.49,283839.46
234,9,1847092,2076007,898505,693615,6,283839.46,34,1,285189.86,284213.99,272683.99,273865.09,284991.77
234,10,2013146,1868299,812699,698964,6,284991.77,34,1,283839.46,285189.86,284213.99,272683.99,280218.88
234,11,1819865,2060520,811413,696093,6,280218.88,34,1,284991.77,283839.46,285189.86,284213.99,281077.84
234,12,1994862,1907021,887141,637187,6,281077.84,34,1,280218.88,284991.77,283839.46,285189.86,294757.25
234,13,2023391,2058742,892403,697075,7,294757.25,34,1,281077.84,280218.88,284991.77,283839.46,278596.01
234,14,1974831,1898681,818813,640385,7,278596.01,34,1,294757.25,281077.84,280218.88,284991.77,277264.39
234,15,1849544,2063815,814300,639947,6,277264.39,34,1,278596.01,294757.25,281077.84,280218.88,287425.93
234,16,2011555,1912941,886091,693025,7,287425.93,34,1,277264.39,278596.01,294757.25,281077.84,284381.35
234,17,1986530,1902103,827449,692966,7,284381.35,34,1,287425.93,277264.39,278596.01,294757.25,293928.31
234,18,2008954,2059529,886865,698906,6,293928.31,34,1,284381.35,287425.93,277264.39,278596.01,279020.65
234,19,1982892,1901580,819597,637813,7,279020.65,34,1,293928.31,284381.35,287425.93,277264.39,285582.5
234,20,2003460,1894841,818688,699081,6,285582.5,34,1,279020.65,293928.31,284381.35,287425.93,284636.84
234,21,2013068,1866500,806151,697112,6,284636.84,34,1,285582.5,279020.65,293928.31,284381.35,292569.61
234,22,2006007,2040719,890006,694105,6,292569.61,34,1,284636.84,285582.5,279020.65,293928.31,280058.69
234,23,1804684,2040840,881176,701632,7,280058.69,34,1,292569.61,284636.84,285582.5,279020.65,271807.43
234,24,1823812,1915464,904297,650294,6,271807.43,34,1,280058.69,292569.61,284636.84,285582.5,292581.6
234,25,1995946,2060035,809318,707223,7,292581.6,34,1,271807.43,280058.69,292569.61,284636.84,293882.53
234,26,2002132,2097615,814806,698783,6,293882.53,34,1,292581.6,271807.43,280058.69,292569.61,287776.7
234,27,2005821,1896353,905940,705108,6,287776.7,34,1,293882.53,292581.6,271807.43,280058.69,289121.77
234,28,1983877,2084327,897520,650196,6,289121.77,34,1,287776.7,293882.53,292581.6,271807.43,289993.06
234,29,2008336,2081730,903855,642325,7,289993.06,34,1,289121.77,287776.7,293882.53,292581.6,288539.33
234,30,1978161,2083025,903031,647445,6,288539.33,34,1,289993.06,289121.77,287776.7,293882.53,
235,1,1295400,1717876,661805,649207,20,225212.88,34,1,,,,,220976.93
235,2,1298449,1728862,739952,580705,22,220976.93,34,1,225212.88,,,,234779.11
235,3,1318799,1884073,730601,648883,20,234779.11,34,1,220976.93,225212.88,,,232259.41
235,4,1295184,1881219,727129,639870,22,232259.41,34,1,234779.11,220976.93,225212.88,,231208.68
235,5,1286672,1903877,678077,632776,22,231208.68,34,1,232259.41,234779.11,220976.93,225212.88,217941.85
235,6,1182865,1729220,731479,631508,20,217941.85,34,1,231208.68,232259.41,234779.11,220976.93,223908.69
235,7,1299553,1705632,673557,635294,20,223908.69,34,1,217941.85,231208.68,232259.41,234779.11,226086.5
235,8,1292622,1722257,727284,646921,22,226086.5,34,1,223908.69,217941.85,231208.68,232259.41,225785.18
235,9,1306869,1695930,728146,645389,20,225785.18,34,1,226086.5,223908.69,217941.85,231208.68,214255.4
235,10,1207801,1713970,728481,580324,20,214255.4,34,1,225785.18,226086.5,223908.69,217941.85,219044.62
235,11,1196845,1852306,729914,576915,22,219044.62,34,1,214255.4,225785.18,226086.5,223908.69,231661.06
235,12,1322227,1859308,670338,634310,20,231661.06,34,1,219044.62,214255.4,225785.18,226086.5,218498.42
235,13,1176002,1852184,728025,586243,20,218498.42,34,1,231661.06,219044.62,214255.4,225785.18,221085.42
235,14,1201420,1892222,676495,587491,22,221085.42,34,1,218498.42,231661.06,219044.62,214255.4,224464.09
235,15,1195866,1855392,740010,634441,22,224464.09,34,1,221085.42,218498.42,231661.06,219044.62,221809.49
235,16,1210279,1903184,665983,585990,20,221809.49,34,1,224464.09,221085.42,218498.42,231661.06,233233.6
235,17,1303907,1897616,726651,636889,22,233233.6,34,1,221809.49,224464.09,221085.42,218498.42,220028.41
235,18,1293415,1720836,664863,591214,22,220028.41,34,1,233233.6,221809.49,224464.09,221085.42,227743.71
235,19,1321458,1884364,672584,579399,22,227743.71,34,1,220028.41,233233.6,221809.49,224464.09,221845.09
235,20,1319328,1707901,740588,584925,22,221845.09,34,1,227743.71,220028.41,233233.6,221809.49,231926.92
235,21,1306186,1851744,741773,639269,22,231926.92,34,1,221845.09,227743.71,220028.41,233233.6,221802.2
235,22,1203392,1900812,727127,580810,22,221802.2,34,1,231926.92,221845.09,227743.71,220028.41,227699.51
235,23,1290318,1895345,741839,583576,22,227699.51,34,1,221802.2,231926.92,221845.09,227743.71,220173.12
235,24,1207300,1886765,671679,576559,20,220173.12,34,1,227699.51,221802.2,231926.92,221845.09,219823.6
235,25,1192253,1872724,679611,588561,20,219823.6,34,1,220173.12,227699.51,221802.2,231926.92,231448.11
235,26,1305138,1859965,729607,633120,22,231448.11,34,1,219823.6,220173.12,227699.51,221802.2,222383.68
235,27,1320226,1735397,726088,580152,20,222383.68,34,1,231448.11,219823.6,220173.12,227699.51,220898.71
235,28,1175294,1896723,741344,590291,22,220898.71,34,1,222383.68,231448.11,219823.6,220173.12,227422.09
235,29,1311801,1869483,664085,591221,22,227422.09,34,1,220898.71,222383.68,231448.11,219823.6,218298.93
235,30,1185083,1721703,667684,648987,20,218298.93,34,1,227422.09,220898.71,222383.68,231448.11,
236,1,1166309,1475209,1043749,840448,15,230226.15,34,1,,,,,241876.02
236,2,1169588,1626534,1028562,899894,14,241876.02,34,1,230226.15,,,,243195.02
236,3,1248524,1480753,1136385,905706,13,243195.02,34,1,241876.02,230226.15,,,250058.64
236,4,1271780,1610950,1145877,903014,14,250058.64,34,1,243195.02,241876.02,230226.15,,234683.26
236,5,1159756,1591374,1029723,843291,14,234683.26,34,1,250058.64,243195.02,241876.02,230226.15,242359.18
236,6,1149548,1627445,1125143,901627,14,242359.18,34,1,234683.26,250058.64,243195.02,241876.02,244071.55
236,7,1263397,1490233,1056038,914985,15,244071.55,34,1,242359.18,234683.26,250058.64,243195.02,242878.82
236,8,1152818,1635138,1053317,914566,14,242878.82,34,1,244071.55,242359.18,234683.26,250058.64,242443.59
236,9,1161376,1634494,1032221,907733,14,242443.59,34,1,242878.82,244071.55,242359.18,234683.26,244511.12
236,10,1277784,1473437,1126932,904382,14,244511.12,34,1,242443.59,242878.82,244071.55,242359.18,242018.47
236,11,1145618,1608160,1125477,909551,15,242018.47,34,1,244511.12,242443.59,242878.82,244071.55,238840.98
236,12,1167679,1634827,1145047,842534,14,238840.98,34,1,242018.47,244511.12,242443.59,242878.82,241325.83
236,13,1276198,1601874,1042254,826101,15,241325.83,34,1,238840.98,242018.47,244511.12,242443.59,236868.83
236,14,1159935,1617315,1127971,837461,15,236868.83,34,1,241325.83,238840.98,242018.47,244511.12,240773.29
236,15,1250188,1592302,1028627,845590,15,240773.29,34,1,236868.83,241325.83,238840.98,242018.47,241073.36
236,16,1140564,1628535,1050208,906980,15,241073.36,34,1,240773.29,236868.83,241325.83,238840.98,242898.71
236,17,1146663,1634025,1130942,905576,14,242898.71,34,1,241073.36,240773.29,236868.83,241325.83,243416.66
236,18,1273587,1614977,1055951,842591,15,243416.66,34,1,242898.71,241073.36,240773.29,236868.83,234373.23
236,19,1252741,1459322,1052920,830002,15,234373.23,34,1,243416.66,242898.71,241073.36,240773.29,237060.03
236,20,1156278,1470308,1153023,905788,14,237060.03,34,1,234373.23,243416.66,242898.71,241073.36,241616.42
236,21,1145156,1591806,1135229,911228,15,241616.42,34,1,237060.03,234373.23,243416.66,242898.71,228574.3
236,22,1168736,1457504,1037568,829721,15,228574.3,34,1,241616.42,237060.03,234373.23,243416.66,236390.21
236,23,1153813,1486363,1048116,911814,14,236390.21,34,1,228574.3,241616.42,237060.03,234373.23,228987.63
236,24,1144448,1481857,1034362,841057,15,228987.63,34,1,236390.21,228574.3,241616.42,237060.03,243833.44
236,25,1267901,1611157,1154317,835140,14,243833.44,34,1,228987.63,236390.21,228574.3,241616.42,244629.23
236,26,1264488,1615118,1151289,845133,14,244629.23,34,1,243833.44,228987.63,236390.21,228574.3,236192.64
236,27,1273561,1455226,1032036,840919,14,236192.64,34,1,244629.23,243833.44,228987.63,236390.21,244138.91
236,28,1254863,1622212,1135485,846208,13,244138.91,34,1,236192.64,244629.23,243833.44,228987.63,242844.11
236,29,1265719,1468373,1043721,912084,15,242844.11,34,1,244138.91,236192.64,244629.23,243833.44,248083.53
236,30,1261151,1611205,1034354,908963,15,248083.53,34,1,242844.11,244138.91,236192.64,244629.23,
237,1,1856252,1469436,933204,368081,11,230288.99,34,1,,,,,228029.03
237,2,1845338,1442502,932353,363505,12,228029.03,34,1,230288.99,,,,241934.2
237,3,2029976,1586562,865031,330477,12,241934.2,34,1,228029.03,230288.99,,,240815.77
237,4,2019488,1569599,850739,336082,12,240815.77,34,1,241934.2,228029.03,230288.99,,229113.57
237,5,1874034,1455338,858754,362372,12,229113.57,34,1,240815.77,241934.2,228029.03,230288.99,233239.66
237,6,1846388,1583726,851115,369875,11,233239.66,34,1,229113.57,240815.77,241934.2,228029.03,229064.29
237,7,1863423,1463353,855773,366279,13,229064.29,34,1,233239.66,229113.57,240815.77,241934.2,230067.77
237,8,1887373,1456292,860524,362599,13,230067.77,34,1,229064.29,233239.66,229113.57,240815.77,226330.32
237,9,1854996,1441533,936481,337424,12,226330.32,34,1,230067.77,229064.29,233239.66,229113.57,239317.06
237,10,2030209,1447253,856015,367510,11,239317.06,34,1,226330.32,230067.77,229064.29,233239.66,241394.06
237,11,2019369,1573005,859483,339407,12,241394.06,34,1,239317.06,226330.32,230067.77,229064.29,243101.55
237,12,2035236,1570540,922921,336513,13,243101.55,34,1,241394.06,239317.06,226330.32,230067.77,226490.57
237,13,1858781,1454334,923937,332832,13,226490.57,34,1,243101.55,241394.06,239317.06,226330.32,240982.46
237,14,2039777,1464073,865777,369522,12,240982.46,34,1,226490.57,243101.55,241394.06,239317.06,226129.13
237,15,1882318,1430674,847834,336750,11,226129.13,34,1,240982.46,226490.57,243101.55,241394.06,226579.62
237,16,1873040,1454491,861255,334927,11,226579.62,34,1,226129.13,240982.46,226490.57,243101.55,247716.65
237,17,2050682,1585121,923713,369682,13,247716.65,34,1,226579.62,226129.13,240982.46,226490.57,236702.41
237,18,2020728,1440117,933826,334453,13,236702.41,34,1,247716.65,226579.62,226129.13,240982.46,248164.06
237,19,2064690,1610776,848608,366375,12,248164.06,34,1,236702.41,247716.65,226579.62,226129.13,249844.73
237,20,2064273,1610847,946015,367520,13,249844.73,34,1,248164.06,236702.41,247716.65,226579.62,245110.83
237,21,2043894,1570778,854643,364906,13,245110.83,34,1,249844.73,248164.06,236702.41,247716.65,236610.37
237,22,1889236,1586180,929244,361074,11,236610.37,34,1,245110.83,249844.73,248164.06,236702.41,235753.51
237,23,1862175,1604094,931036,362391,12,235753.51,34,1,236610.37,245110.83,249844.73,248164.06,246452.9
237,24,2045017,1593457,853286,368715,13,246452.9,34,1,235753.51,236610.37,245110.83,249844.73,247349.92
237,25,2038671,1585799,938529,371236,11,247349.92,34,1,246452.9,235753.51,236610.37,245110.83,246778.26
237,26,2062151,1593586,840463,362288,11,246778.26,34,1,247349.92,246452.9,235753.51,236610.37,229221.98
237,27,1878379,1440951,852457,368268,12,229221.98,34,1,246778.26,247349.92,246452.9,235753.51,224608.92
237,28,1840120,1466734,841506,334660,12,224608.92,34,1,229221.98,246778.26,247349.92,246452.9,234734.74
237,29,1838388,1599525,930893,370334,13,234734.74,34,1,224608.92,229221.98,246778.26,247349.92,248538.98
237,30,2057931,1610429,921130,362331,12,248538.98,34,1,234734.74,224608.92,229221.98,246778.26,
238,1,1445652,2079574,1045536,605498,27,252440.15,34,1,,,,,246787.75
238,2,1328785,2078472,1164535,605641,25,246787.75,34,1,252440.15,,,,245167.19
238,3,1431755,2031471,1053752,555641,27,245167.19,34,1,246787.75,252440.15,,,251162.75
238,4,1424214,2057114,1136584,600556,27,251162.75,34,1,245167.19,246787.75,252440.15,,261315.66
238,5,1432681,2260842,1164145,607588,28,261315.66,34,1,251162.75,245167.19,246787.75,252440.15,244600.01
238,6,1305269,2081112,1153131,599137,27,244600.01,34,1,261315.66,251162.75,245167.19,246787.75,238796.51
238,7,1330792,2033766,1042828,558495,27,238796.51,34,1,244600.01,261315.66,251162.75,245167.19,238819.19
238,8,1321427,2034327,1151298,545447,25,238819.19,34,1,238796.51,244600.01,261315.66,251162.75,247443.18
238,9,1319752,2265431,1042910,554909,25,247443.18,34,1,238819.19,238796.51,244600.01,261315.66,253424.39
238,10,1322720,2264101,1157823,598764,27,253424.39,34,1,247443.18,238819.19,238796.51,244600.01,249691.37
238,11,1461738,2047942,1149682,559137,25,249691.37,34,1,253424.39,247443.18,238819.19,238796.51,249835.01
238,12,1448216,2083464,1141191,555528,27,249835.01,34,1,249691.37,253424.39,247443.18,238819.19,250994.5
238,13,1425414,2027017,1147938,609712,25,250994.5,34,1,249835.01,249691.37,253424.39,247443.18,238002.45
238,14,1299586,2075416,1060720,549554,25,238002.45,34,1,250994.5,249835.01,249691.37,253424.39,248403.79
238,15,1456034,2083613,1035469,553242,27,248403.79,34,1,238002.45,250994.5,249835.01,249691.37,243599.69
238,16,1338149,2044321,1038635,602341,25,243599.69,34,1,248403.79,238002.45,250994.5,249835.01,251496.33
238,17,1313186,2228837,1152455,601561,28,251496.33,34,1,243599.69,248403.79,238002.45,250994.5,259554.51
238,18,1449474,2260771,1058285,595324,25,259554.51,34,1,251496.33,243599.69,248403.79,238002.45,260995.73
238,19,1459278,2268525,1057544,600799,25,260995.73,34,1,259554.51,251496.33,243599.69,248403.79,247999.76
238,20,1317784,2233861,1150453,557525,25,247999.76,34,1,260995.73,259554.51,251496.33,243599.69,253504.97
238,21,1448551,2069376,1151617,600611,27,253504.97,34,1,247999.76,260995.73,259554.51,251496.33,246569.16
238,22,1446469,2052703,1037194,553790,25,246569.16,34,1,253504.97,247999.76,260995.73,259554.51,250660.31
238,23,1336645,2220675,1048229,598214,27,250660.31,34,1,246569.16,253504.97,247999.76,260995.73,239048.36
238,24,1329379,2067447,1052874,544862,25,239048.36,34,1,250660.31,246569.16,253504.97,247999.76,260721.32
238,25,1459341,2213031,1142288,607984,27,260721.32,34,1,239048.36,250660.31,246569.16,253504.97,253319.98
238,26,1311940,2266167,1150306,605767,27,253319.98,34,1,260721.32,239048.36,250660.31,246569.16,251887.07
238,27,1338788,2239568,1063603,598719,25,251887.07,34,1,253319.98,260721.32,239048.36,250660.31,248761.51
238,28,1451518,2083951,1060755,555687,28,248761.51,34,1,251887.07,253319.98,260721.32,239048.36,245335.42
238,29,1334334,2081639,1063579,602484,25,245335.42,34,1,248761.51,251887.07,253319.98,260721.32,245791.85
238,30,1330122,2061574,1139374,606054,27,245791.85,34,1,245335.42,248761.51,251887.07,253319.98,
239,1,1465390,1470071,939621,884806,44,251689.8,34,1,,,,,237276.55
239,2,1362482,1469559,860772,813562,44,237276.55,34,1,251689.8,,,,241842.14
239,3,1355639,1592991,869240,810346,44,241842.14,34,1,237276.55,251689.8,,,236181.84
239,4,1338753,1479480,873138,811631,40,236181.84,34,1,241842.14,237276.55,251689.8,,250045.7
239,5,1491015,1589862,871147,805117,40,250045.7,34,1,236181.84,241842.14,237276.55,251689.8,257187.16
239,6,1465345,1614065,937182,879494,43,257187.16,34,1,250045.7,236181.84,241842.14,237276.55,247991.29
239,7,1329463,1596156,873794,895047,44,247991.29,34,1,257187.16,250045.7,236181.84,241842.14,244708.2
239,8,1484302,1460479,934518,799176,43,244708.2,34,1,247991.29,257187.16,250045.7,236181.84,245111.95
239,9,1460952,1460081,947014,818341,44,245111.95,34,1,244708.2,247991.29,257187.16,250045.7,258282.79
239,10,1456767,1626538,945903,890442,39,258282.79,34,1,245111.95,244708.2,247991.29,257187.16,256281.59
239,11,1461132,1619555,877199,880869,44,256281.59,34,1,258282.79,245111.95,244708.2,247991.29,242674.82
239,12,1340653,1597756,937957,815615,44,242674.82,34,1,256281.59,258282.79,245111.95,244708.2,257518.89
239,13,1495504,1606396,873740,876614,44,257518.89,34,1,242674.82,256281.59,258282.79,245111.95,243349.67
239,14,1344754,1457754,950944,882685,40,243349.67,34,1,257518.89,242674.82,256281.59,258282.79,248610.21
239,15,1330421,1627316,852875,890596,40,248610.21,34,1,243349.67,257518.89,242674.82,256281.59,235564.26
239,16,1331200,1488009,877131,805525,44,235564.26,34,1,248610.21,243349.67,257518.89,242674.82,249985.08
239,17,1350624,1605935,932430,886729,40,249985.08,34,1,235564.26,248610.21,243349.67,257518.89,237221.05
239,18,1351757,1491689,866841,809292,43,237221.05,34,1,249985.08,235564.26,248610.21,243349.67,252881.08
239,19,1494736,1624674,866191,818645,43,252881.08,34,1,237221.05,249985.08,235564.26,248610.21,255890.74
239,20,1459553,1607898,935703,872410,43,255890.74,34,1,252881.08,237221.05,249985.08,235564.26,256180.07
239,21,1480022,1599369,876960,875568,43,256180.07,34,1,255890.74,252881.08,237221.05,249985.08,257092.23
239,22,1455218,1594193,939747,894464,43,257092.23,34,1,256180.07,255890.74,252881.08,237221.05,241925.74
239,23,1464098,1459901,854960,797614,44,241925.74,34,1,257092.23,256180.07,255890.74,252881.08,237665.71
239,24,1352154,1489570,942592,801116,39,237665.71,34,1,241925.74,257092.23,256180.07,255890.74,244015.68
239,25,1483845,1475047,876223,795698,44,244015.68,34,1,237665.71,241925.74,257092.23,256180.07,241954.05
239,26,1332821,1463428,945028,874235,40,241954.05,34,1,244015.68,237665.71,241925.74,257092.23,259162.52
239,27,1492634,1629137,859554,888948,43,259162.52,34,1,241954.05,244015.68,237665.71,241925.74,243980.22
239,28,1475691,1463555,944196,794107,40,243980.22,34,1,259162.52,241954.05,244015.68,237665.71,242092.89
239,29,1350382,1469833,866282,874533,44,242092.89,34,1,243980.22,259162.52,241954.05,244015.68,241369.7
239,30,1338855,1466015,873370,875282,40,241369.7,34,1,242092.89,243980.22,259162.52,241954.05,
240,1,1536241,1910266,736250,324113,33,220773.94,34,1,,,,,219904.56
240,2,1544002,1916076,807518,293214,30,219904.56,34,1,220773.94,,,,220931.35
240,3,1564733,1881815,745949,316800,33,220931.35,34,1,219904.56,220773.94,,,227297.84
240,4,1672032,1922074,737481,293155,33,227297.84,34,1,220931.35,219904.56,220773.94,,226170.31
240,5,1675484,1900748,731232,289196,33,226170.31,34,1,227297.84,220931.35,219904.56,220773.94,227338.07
240,6,1682811,1898828,738195,296499,33,227338.07,34,1,226170.31,227297.84,220931.35,219904.56,218817.15
240,7,1560103,1893940,734617,293130,33,218817.15,34,1,227338.07,226170.31,227297.84,220931.35,215958.28
240,8,1572202,1714123,822099,320139,33,215958.28,34,1,218817.15,227338.07,226170.31,227297.84,228158.43
240,9,1673625,1914919,803349,292862,33,228158.43,34,1,215958.28,218817.15,227338.07,226170.31,223517.05
240,10,1572215,1895153,801442,323795,33,223517.05,34,1,228158.43,215958.28,218817.15,227338.07,231831.01
240,11,1692674,1899406,818070,324401,33,231831.01,34,1,223517.05,228158.43,215958.28,218817.15,232414.94
240,12,1715000,1918333,752497,318013,30,232414.94,34,1,231831.01,223517.05,228158.43,215958.28,222796.03
240,13,1699973,1747884,809683,290741,30,222796.03,34,1,232414.94,231831.01,223517.05,228158.43,218522.65
240,14,1536590,1894244,812133,292493,33,218522.65,34,1,222796.03,232414.94,231831.01,223517.05,224615.74
240,15,1705634,1723030,815661,317277,33,224615.74,34,1,218522.65,222796.03,232414.94,231831.01,220632.29
240,16,1676944,1759384,735697,291457,30,220632.29,34,1,224615.74,218522.65,222796.03,232414.94,226031.11
240,17,1670655,1885240,742274,296303,30,226031.11,34,1,220632.29,224615.74,218522.65,222796.03,212695.87
240,18,1524687,1739130,739998,321494,30,212695.87,34,1,226031.11,220632.29,224615.74,218522.65,219684.02
240,19,1540319,1886226,733546,320737,30,219684.02,34,1,212695.87,226031.11,220632.29,224615.74,222153.61
240,20,1709192,1745608,734306,291787,30,222153.61,34,1,219684.02,212695.87,226031.11,220632.29,219046.23
240,21,1561100,1879239,806831,288608,30,219046.23,34,1,222153.61,219684.02,212695.87,226031.11,211542.92
240,22,1549618,1713199,804771,290999,33,211542.92,34,1,219046.23,222153.61,219684.02,212695.87,221990.48
240,23,1564725,1905712,753506,316095,33,221990.48,34,1,211542.92,219046.23,222153.61,219684.02,223939.63
240,24,1565119,1922124,812215,319115,33,223939.63,34,1,221990.48,211542.92,219046.23,222153.61,213397.74
240,25,1538110,1711804,818754,317935,33,213397.74,34,1,223939.63,221990.48,211542.92,219046.23,221813.32
240,26,1567088,1895429,742879,319140,30,221813.32,34,1,213397.74,223939.63,221990.48,211542.92,220760.95
240,27,1535097,1916230,748152,319857,33,220760.95,34,1,221813.32,213397.74,223939.63,221990.48,229450.24
240,28,1695544,1876389,731503,322389,33,229450.24,34,1,220760.95,221813.32,213397.74,223939.63,213843.41
240,29,1550719,1724610,733149,323483,33,213843.41,34,1,229450.24,220760.95,221813.32,213397.74,229756.16
240,30,1716220,1911241,749052,291566,33,229756.16,34,1,213843.41,229450.24,220760.95,221813.32,
241,1,1654276,1787976,1099865,517434,30,246724.67,34,1,,,,,256505.07
241,2,1812036,1802630,981748,527232,30,256505.07,34,1,246724.67,,,,264569.41
241,3,1797956,1978138,1089517,525772,30,264569.41,34,1,256505.07,246724.67,,,258152.88
241,4,1828043,1814345,990230,527022,30,258152.88,34,1,264569.41,256505.07,246724.67,,262414.91
241,5,1829166,1989565,1099682,472300,30,262414.91,34,1,258152.88,264569.41,256505.07,246724.67,241818.86
241,6,1646360,1797997,997128,482809,30,241818.86,34,1,262414.91,258152.88,264569.41,256505.07,254838.81
241,7,1662986,1960845,1104202,520228,27,254838.81,34,1,241818.86,262414.91,258152.88,264569.41,263376.17
241,8,1836151,1989886,1080655,481258,30,263376.17,34,1,254838.81,241818.86,262414.91,258152.88,254356.36
241,9,1813944,1813797,1075626,479748,28,254356.36,34,1,263376.17,254838.81,241818.86,262414.91,241855.23
241,10,1648309,1808353,988360,478608,31,241855.23,34,1,254356.36,263376.17,254838.81,241818.86,258418.06
241,11,1791621,1988086,996443,474472,30,258418.06,34,1,241855.23,254356.36,263376.17,254838.81,254503.57
241,12,1648770,1976104,1096507,521058,27,254503.57,34,1,258418.06,241855.23,254356.36,263376.17,253915.48
241,13,1830370,1817967,985164,477612,27,253915.48,34,1,254503.57,258418.06,241855.23,254356.36,247468.43
241,14,1662799,1779377,1087653,525770,28,247468.43,34,1,253915.48,254503.57,258418.06,241855.23,251495.17
241,15,1674488,1953800,1101086,478715,30,251495.17,34,1,247468.43,253915.48,254503.57,258418.06,254426.19
241,16,1818924,1802998,1093250,478732,31,254426.19,34,1,251495.17,247468.43,253915.48,254503.57,250043.35
241,17,1653860,1990274,1004386,478166,28,250043.35,34,1,254426.19,251495.17,247468.43,253915.48,256051.68
241,18,1813685,1806395,983790,518902,30,256051.68,34,1,250043.35,254426.19,251495.17,247468.43,258188.91
241,19,1802637,1960970,1000457,475855,27,258188.91,34,1,256051.68,250043.35,254426.19,251495.17,263678.23
241,20,1836098,1940172,986811,524801,27,263678.23,34,1,258188.91,256051.68,250043.35,254426.19,244002.49
241,21,1652069,1804099,1091042,482973,28,244002.49,34,1,263678.23,258188.91,256051.68,250043.35,258473.65
241,22,1816175,1939925,990466,480857,28,258473.65,34,1,244002.49,263678.23,258188.91,256051.68,250941.3
241,23,1658148,1969796,1079560,480827,30,250941.3,34,1,258473.65,244002.49,263678.23,258188.91,255082.55
241,24,1829633,1824439,1087372,469451,27,255082.55,34,1,250941.3,258473.65,244002.49,263678.23,240249.4
241,25,1646795,1784098,990832,472684,30,240249.4,34,1,255082.55,250941.3,258473.65,244002.49,250014.85
241,26,1666490,1954931,1076729,471965,30,250014.85,34,1,240249.4,255082.55,250941.3,258473.65,255912.62
241,27,1823159,1789643,987733,517597,30,255912.62,34,1,250014.85,240249.4,255082.55,250941.3,248997.3
241,28,1648722,1954001,1100547,469542,30,248997.3,34,1,255912.62,250014.85,240249.4,255082.55,264247.73
241,29,1805933,1993816,996579,526150,27,264247.73,34,1,248997.3,255912.62,250014.85,240249.4,249341.97
241,30,1676340,1824522,1079509,517370,28,249341.97,34,1,264247.73,248997.3,255912.62,250014.85,
242,1,1169908,1935617,840417,274817,32,195354.66,34,1,,,,,189303.16
242,2,1184688,1767879,825775,277519,29,189303.16,34,1,195354.66,,,,192895.29
242,3,1153348,1933164,767196,273935,31,192895.29,34,1,189303.16,195354.66,,,195834.05
242,4,1165485,1898450,828541,302705,32,195834.05,34,1,192895.29,189303.16,195354.66,,192520.39
242,5,1158172,1909011,773824,276301,29,192520.39,34,1,195834.05,192895.29,189303.16,195354.66,194595.7
242,6,1279231,1741572,829614,279744,31,194595.7,34,1,192520.39,195834.05,192895.29,189303.16,197566.79
242,7,1295913,1757632,770838,303971,29,197566.79,34,1,194595.7,192520.39,195834.05,192895.29,190753.63
242,8,1167833,1766543,839485,303837,29,190753.63,34,1,197566.79,194595.7,192520.39,195834.05,186218.68
242,9,1172580,1734030,762597,279227,29,186218.68,34,1,190753.63,197566.79,194595.7,192520.39,197175.6
242,10,1288103,1729622,846787,304383,31,197175.6,34,1,186218.68,190753.63,197566.79,194595.7,195625.45
242,11,1275251,1721639,837559,301817,29,195625.45,34,1,197175.6,186218.68,190753.63,197566.79,193053.27
242,12,1165444,1918710,755135,275890,32,193053.27,34,1,195625.45,197175.6,186218.68,190753.63,193065.72
242,13,1274950,1741393,775283,275843,31,193065.72,34,1,193053.27,195625.45,197175.6,186218.68,195876.03
242,14,1284575,1757843,846546,279471,31,195876.03,34,1,193065.72,193053.27,195625.45,197175.6,186427.03
242,15,1181784,1728073,762858,277633,31,186427.03,34,1,195876.03,193065.72,193053.27,195625.45,192184.49
242,16,1175603,1882891,764981,273765,31,192184.49,34,1,186427.03,195876.03,193065.72,193053.27,193338.89
242,17,1179500,1891463,761408,280445,29,193338.89,34,1,192184.49,186427.03,195876.03,193065.72,195841.42
242,18,1162606,1904027,833704,301331,31,195841.42,34,1,193338.89,192184.49,186427.03,195876.03,193324.35
242,19,1184274,1889909,753487,279014,31,193324.35,34,1,195841.42,193338.89,192184.49,186427.03,203211.91
242,20,1279763,1887942,844111,304413,29,203211.91,34,1,193324.35,195841.42,193338.89,192184.49,203511.72
242,21,1275425,1931086,761339,305945,29,203511.72,34,1,203211.91,193324.35,195841.42,193338.89,200578.81
242,22,1286241,1899540,773237,278101,31,200578.81,34,1,203511.72,203211.91,193324.35,195841.42,200791.38
242,23,1270617,1910149,844936,273700,31,200791.38,34,1,200578.81,203511.72,203211.91,193324.35,197991.74
242,24,1293661,1770615,774697,303576,32,197991.74,34,1,200791.38,200578.81,203511.72,203211.91,202760.35
242,25,1294065,1887286,775621,301913,31,202760.35,34,1,197991.74,200791.38,200578.81,203511.72,187533.37
242,26,1178537,1724306,841842,279585,29,187533.37,34,1,202760.35,197991.74,200791.38,200578.81,196157.51
242,27,1279571,1725350,831974,303911,28,196157.51,34,1,187533.37,202760.35,197991.74,200791.38,192283.31
242,28,1161803,1896081,770593,277645,29,192283.31,34,1,196157.51,187533.37,202760.35,197991.74,194334.53
242,29,1276592,1745945,842332,274402,29,194334.53,34,1,192283.31,196157.51,187533.37,202760.35,202843.33
242,30,1277978,1889017,833681,303012,29,202843.33,34,1,194334.53,192283.31,196157.51,187533.37,
243,1,1320816,2075350,1037292,623543,49,245666.19,34,1,,,,,225571.28
243,2,1224491,1887586,1040923,556336,45,225571.28,34,1,245666.19,,,,234148.43
243,3,1345130,1914100,944469,570026,45,234148.43,34,1,225571.28,245666.19,,,246831.1
243,4,1343115,2069872,1035991,623209,49,246831.1,34,1,234148.43,225571.28,245666.19,,240242.72
243,5,1332019,2105618,951829,556906,46,240242.72,34,1,246831.1,234148.43,225571.28,245666.19,245625.41
243,6,1343356,2049981,1038944,618354,45,245625.41,34,1,240242.72,246831.1,234148.43,225571.28,238320.64
243,7,1327712,2053733,950229,563026,50,238320.64,34,1,245625.41,240242.72,246831.1,234148.43,245713.81
243,8,1330196,2091784,1036617,609833,50,245713.81,34,1,238320.64,245625.41,240242.72,246831.1,236810.67
243,9,1206344,2069451,1027240,612197,46,236810.67,34,1,245713.81,238320.64,245625.41,240242.72,229738.58
243,10,1224784,1881810,944339,622618,45,229738.58,34,1,236810.67,245713.81,238320.64,245625.41,238790.2
243,11,1225906,2104859,957498,616383,49,238790.2,34,1,229738.58,236810.67,245713.81,238320.64,226620.13
243,12,1211957,1925648,1026958,561872,49,226620.13,34,1,238790.2,229738.58,236810.67,245713.81,240807.15
243,13,1352617,2050505,1024937,560576,49,240807.15,34,1,226620.13,238790.2,229738.58,236810.67,231861.22
243,14,1237173,2050766,940755,559584,46,231861.22,34,1,240807.15,226620.13,238790.2,229738.58,226558.46
243,15,1228043,1874219,1043226,570499,50,226558.46,34,1,231861.22,240807.15,226620.13,238790.2,228849.02
243,16,1210986,1875431,1037904,608567,49,228849.02,34,1,226558.46,231861.22,240807.15,226620.13,244176.95
243,17,1324984,2084459,958467,614186,45,244176.95,34,1,228849.02,226558.46,231861.22,240807.15,240419.5
243,18,1355568,2072696,955931,556448,50,240419.5,34,1,244176.95,228849.02,226558.46,231861.22,225230.78
243,19,1218709,1915558,948809,560535,50,225230.78,34,1,240419.5,244176.95,228849.02,226558.46,236588.54
243,20,1207226,2051685,1051463,612921,45,236588.54,34,1,225230.78,240419.5,244176.95,228849.02,243301.2
243,21,1321273,2059517,936528,622697,50,243301.2,34,1,236588.54,225230.78,240419.5,244176.95,234949.38
243,22,1327687,1927357,1042537,567417,49,234949.38,34,1,243301.2,236588.54,225230.78,240419.5,225453.0
243,23,1228386,1882086,1040015,554940,45,225453.0,34,1,234949.38,243301.2,236588.54,225230.78,237677.8
243,24,1222308,2067224,1043046,608485,49,237677.8,34,1,225453.0,234949.38,243301.2,236588.54,246374.44
243,25,1347421,2076064,1034288,612496,45,246374.44,34,1,237677.8,225453.0,234949.38,243301.2,232978.12
243,26,1204488,2103734,947757,569633,45,232978.12,34,1,246374.44,237677.8,225453.0,234949.38,235394.69
243,27,1233324,2080375,1043899,569005,45,235394.69,34,1,232978.12,246374.44,237677.8,225453.0,238339.52
243,28,1329540,2051535,940397,564734,49,238339.52,34,1,235394.69,232978.12,246374.44,237677.8,229169.5
243,29,1211717,1906312,961118,611282,46,229169.5,34,1,238339.52,235394.69,232978.12,246374.44,236100.11
243,30,1224836,2061564,937895,610971,45,236100.11,34,1,229169.5,238339.52,235394.69,232978.12,
244,1,1321139,1722302,768766,590246,43,223510.13,34,1,,,,,217322.62
244,2,1209827,1752565,754085,590282,49,217322.62,34,1,223510.13,,,,217580.72
244,3,1195267,1875735,762258,545026,48,217580.72,34,1,217322.62,223510.13,,,209254.97
244,4,1191771,1715019,689066,543067,43,209254.97,34,1,217580.72,217322.62,223510.13,,211523.52
244,5,1192459,1740702,753808,544012,49,211523.52,34,1,209254.97,217580.72,217322.62,223510.13,225227.51
244,6,1319444,1746427,768565,599361,43,225227.51,34,1,211523.52,209254.97,217580.72,217322.62,217272.92
244,7,1318314,1721177,690889,537827,48,217272.92,34,1,225227.51,211523.52,209254.97,217580.72,220208.8
244,8,1340082,1729861,759488,538205,48,220208.8,34,1,217272.92,225227.51,211523.52,209254.97,219777.17
244,9,1224277,1906593,752134,536077,44,219777.17,34,1,220208.8,217272.92,225227.51,211523.52,210315.88
244,10,1197253,1708862,753625,541976,43,210315.88,34,1,219777.17,220208.8,217272.92,225227.51,217471.77
244,11,1318519,1704070,695351,547001,48,217471.77,34,1,210315.88,219777.17,220208.8,217272.92,221779.01
244,12,1308585,1731357,701154,588195,48,221779.01,34,1,217471.77,210315.88,219777.17,220208.8,230643.09
244,13,1310977,1890233,761487,600127,43,230643.09,34,1,221779.01,217471.77,210315.88,219777.17,230986.75
244,14,1330295,1907938,700465,592963,48,230986.75,34,1,230643.09,221779.01,217471.77,210315.88,226746.94
244,15,1335371,1886048,766951,540329,48,226746.94,34,1,230986.75,230643.09,221779.01,217471.77,229981.02
244,16,1337263,1880446,694168,590701,43,229981.02,34,1,226746.94,230986.75,230643.09,221779.01,216520.64
244,17,1310821,1707684,694021,540560,44,216520.64,34,1,229981.02,226746.94,230986.75,230643.09,229034.15
244,18,1321689,1867305,754306,586523,44,229034.15,34,1,216520.64,229981.02,226746.94,230986.75,211755.32
244,19,1193444,1746011,752397,543672,48,211755.32,34,1,229034.15,216520.64,229981.02,226746.94,225498.14
244,20,1340162,1747013,768416,587225,44,225498.14,34,1,211755.32,229034.15,216520.64,229981.02,222028.31
244,21,1303827,1735002,686965,595276,48,222028.31,34,1,225498.14,211755.32,229034.15,216520.64,219135.73
244,22,1309324,1736058,764016,544721,44,219135.73,34,1,222028.31,225498.14,211755.32,229034.15,211008.1
244,23,1212224,1728166,688563,541802,44,211008.1,34,1,219135.73,222028.31,225498.14,211755.32,224030.97
244,24,1310856,1740000,757296,597298,44,224030.97,34,1,211008.1,219135.73,222028.31,225498.14,219058.14
244,25,1304916,1747046,756010,543395,44,219058.14,34,1,224030.97,211008.1,219135.73,222028.31,222523.93
244,26,1190653,1898924,766726,591591,48,222523.93,34,1,219058.14,224030.97,211008.1,219135.73,216931.2
244,27,1200369,1872116,760512,536154,47,216931.2,34,1,222523.93,219058.14,224030.97,211008.1,222809.45
244,28,1326128,1732035,702472,586456,49,222809.45,34,1,216931.2,222523.93,219058.14,224030.97,222901.06
244,29,1303866,1740436,748691,591161,43,222901.06,34,1,222809.45,216931.2,222523.93,219058.14,221908.71
244,30,1307932,1718359,689769,598203,48,221908.71,34,1,222901.06,222809.45,216931.2,222523.93,
245,1,1504536,2010305,885813,305032,2,223635.14,34,1,,,,,223715.88
245,2,1531543,2006677,787140,306185,2,223715.88,34,1,223635.14,,,,232545.68
245,3,1667183,2021888,787558,299475,2,232545.68,34,1,223715.88,223635.14,,,229065.11
245,4,1640275,2019404,806026,278006,2,229065.11,34,1,232545.68,223715.88,223635.14,,233814.27
245,5,1671900,2033103,804348,301892,2,233814.27,34,1,229065.11,232545.68,223715.88,223635.14,233051.9
245,6,1671223,2016111,791235,304192,2,233051.9,34,1,233814.27,229065.11,232545.68,223715.88,223308.91
245,7,1673486,1829606,800232,279344,2,223308.91,34,1,233051.9,233814.27,229065.11,232545.68,233363.36
245,8,1678688,2015298,787801,303283,2,233363.36,34,1,223308.91,233051.9,233814.27,229065.11,230256.28
245,9,1648821,1978426,811505,303068,2,230256.28,34,1,233363.36,223308.91,233051.9,233814.27,223471.09
245,10,1517913,1986840,885688,304498,2,223471.09,34,1,230256.28,233363.36,223308.91,233051.9,221416.54
245,11,1658490,1822477,800482,272398,2,221416.54,34,1,223471.09,230256.28,233363.36,223308.91,232812.0
245,12,1654054,2018230,872214,298128,2,232812.0,34,1,221416.54,223471.09,230256.28,233363.36,223419.11
245,13,1673048,1816305,871910,273980,2,223419.11,34,1,232812.0,221416.54,223471.09,230256.28,217429.27
245,14,1532834,1849931,798133,306203,2,217429.27,34,1,223419.11,232812.0,221416.54,223471.09,229127.37
245,15,1652861,2003460,800737,278005,2,229127.37,34,1,217429.27,223419.11,232812.0,221416.54,217049.67
245,16,1508528,1858004,873241,302030,2,217049.67,34,1,229127.37,217429.27,223419.11,232812.0,235074.85
245,17,1684862,2011981,874627,303533,2,235074.85,34,1,217049.67,229127.37,217429.27,223419.11,221235.56
245,18,1502153,2031794,871524,272781,2,221235.56,34,1,235074.85,217049.67,229127.37,217429.27,222993.15
245,19,1527240,2029254,878227,274194,2,222993.15,34,1,221235.56,235074.85,217049.67,229127.37,228521.78
245,20,1684173,1850081,879227,305574,2,228521.78,34,1,222993.15,221235.56,235074.85,217049.67,221420.13
245,21,1501833,1995828,810634,302829,2,221420.13,34,1,228521.78,222993.15,221235.56,235074.85,221819.95
245,22,1504508,2029451,865585,279737,2,221819.95,34,1,221420.13,228521.78,222993.15,221235.56,231089.7
245,23,1646015,2007177,804279,302316,2,231089.7,34,1,221819.95,221420.13,228521.78,222993.15,215376.78
245,24,1535486,1824368,877657,278891,2,215376.78,34,1,231089.7,221819.95,221420.13,228521.78,220416.84
245,25,1519178,2018272,792475,272144,2,220416.84,34,1,215376.78,231089.7,221819.95,221420.13,223318.09
245,26,1529758,2023839,874751,279131,2,223318.09,34,1,220416.84,215376.78,231089.7,221819.95,220920.59
245,27,1539870,1987654,804489,274860,2,220920.59,34,1,223318.09,220416.84,215376.78,231089.7,232747.37
245,28,1684331,2023425,869420,273751,2,232747.37,34,1,220920.59,223318.09,220416.84,215376.78,220673.05
245,29,1514923,2019434,805419,275145,2,220673.05,34,1,232747.37,220920.59,223318.09,220416.84,213145.02
245,30,1512783,1834323,806099,278892,2,213145.02,34,1,220673.05,232747.37,220920.59,223318.09,
246,1,2065899,1695216,1072315,454157,34,263369.27,34,1,,,,,249732.3
246,2,1876860,1674297,971422,466904,35,249732.3,34,1,263369.27,,,,256347.2
246,3,1881863,1691569,1087751,507446,34,256347.2,34,1,249732.3,263369.27,,,249103.22
246,4,1862847,1549307,1088056,506681,32,249103.22,34,1,256347.2,249732.3,263369.27,,257665.06
246,5,1916201,1711949,993233,505164,32,257665.06,34,1,249103.22,256347.2,249732.3,263369.27,258625.03
246,6,2075749,1540864,1076626,465234,34,258625.03,34,1,257665.06,249103.22,256347.2,249732.3,257199.69
246,7,1907216,1679963,1091716,503332,35,257199.69,34,1,258625.03,257665.06,249103.22,256347.2,248666.05
246,8,1914709,1557949,1082587,461546,34,248666.05,34,1,257199.69,258625.03,257665.06,249103.22,258001.97
246,9,1902260,1710236,1065562,506525,35,258001.97,34,1,248666.05,257199.69,258625.03,257665.06,257109.27
246,10,2081265,1525955,997258,465841,34,257109.27,34,1,258001.97,248666.05,257199.69,258625.03,248752.06
246,11,1862367,1690911,995957,454283,31,248752.06,34,1,257109.27,258001.97,248666.05,257199.69,255515.95
246,12,2068274,1519727,988930,461916,34,255515.95,34,1,248752.06,257109.27,258001.97,248666.05,264162.21
246,13,2085231,1677026,1070885,457751,31,264162.21,34,1,255515.95,248752.06,257109.27,258001.97,257688.95
246,14,2084156,1563093,985823,455059,35,257688.95,34,1,264162.21,255515.95,248752.06,257109.27,255349.54
246,15,1887194,1688239,993222,511326,35,255349.54,34,1,257688.95,264162.21,255515.95,248752.06,250086.81
246,16,1861080,1675015,1083294,461452,34,250086.81,34,1,255349.54,257688.95,264162.21,255515.95,256134.04
246,17,1885487,1698131,1074683,501818,34,256134.04,34,1,250086.81,255349.54,257688.95,264162.21,270349.55
246,18,2096698,1691715,1083033,509092,32,270349.55,34,1,256134.04,250086.81,255349.54,257688.95,267462.67
246,19,2061474,1703811,1072883,498639,34,267462.67,34,1,270349.55,256134.04,250086.81,255349.54,266074.92
246,20,2088895,1691707,1091532,465756,32,266074.92,34,1,267462.67,270349.55,256134.04,250086.81,243938.06
246,21,1870279,1554559,993349,458893,34,243938.06,34,1,266074.92,267462.67,270349.55,256134.04,242950.61
246,22,1862671,1544921,998366,456965,34,242950.61,34,1,243938.06,266074.92,267462.67,270349.55,244938.27
246,23,1869009,1545735,1092171,456975,32,244938.27,34,1,242950.61,243938.06,266074.92,267462.67,255368.6
246,24,1911953,1684673,977210,498319,31,255368.6,34,1,244938.27,242950.61,243938.06,266074.92,249843.09
246,25,1867982,1700520,978581,461057,32,249843.09,34,1,255368.6,244938.27,242950.61,243938.06,244647.98
246,26,1879639,1553113,979106,463304,34,244647.98,34,1,249843.09,255368.6,244938.27,242950.61,254134.58
246,27,2058160,1521633,978756,454842,32,254134.58,34,1,244647.98,249843.09,255368.6,244938.27,249403.16
246,28,1860145,1708624,973250,459027,32,249403.16,34,1,254134.58,244647.98,249843.09,255368.6,247483.09
246,29,1860902,1525858,1086020,501355,32,247483.09,34,1,249403.16,254134.58,244647.98,249843.09,267707.86
246,30,2074283,1698982,977573,511764,34,267707.86,34,1,247483.09,249403.16,254134.58,244647.98,
247,1,1905697,1875664,976791,305872,13,245582.57,34,1,,,,,254239.16
247,2,2066302,1884705,983175,281069,14,254239.16,34,1,245582.57,,,,264324.75
247,3,2070190,2053319,979907,312545,13,264324.75,34,1,254239.16,245582.57,,,242384.46
247,4,1867174,1904147,966228,286821,13,242384.46,34,1,264324.75,254239.16,245582.57,,243795.34
247,5,1870359,1882873,982725,307029,14,243795.34,34,1,242384.46,264324.75,254239.16,245582.57,246274.66
247,6,1895775,1921455,1075590,281440,14,246274.66,34,1,243795.34,242384.46,264324.75,254239.16,249820.13
247,7,1878658,2073615,977083,280481,14,249820.13,34,1,246274.66,243795.34,242384.46,264324.75,243819.36
247,8,1854674,1899368,973497,312605,14,243819.36,34,1,249820.13,246274.66,243795.34,242384.46,245355.34
247,9,1900221,1869214,987829,308266,13,245355.34,34,1,243819.36,249820.13,246274.66,243795.34,241135.33
247,10,1855710,1869992,1065323,278978,13,241135.33,34,1,245355.34,243819.36,249820.13,246274.66,246163.47
247,11,1904080,1891678,959661,309175,13,246163.47,34,1,241135.33,245355.34,243819.36,249820.13,252230.47
247,12,1875691,2069909,964357,313378,14,252230.47,34,1,246163.47,241135.33,245355.34,243819.36,256233.77
247,13,2059981,1889189,984091,305485,13,256233.77,34,1,252230.47,246163.47,241135.33,245355.34,257593.06
247,14,2069643,1914338,965620,305321,14,257593.06,34,1,256233.77,252230.47,246163.47,241135.33,261301.49
247,15,2055765,2066291,958828,287218,14,261301.49,34,1,257593.06,256233.77,252230.47,246163.47,242777.98
247,16,1863524,1917823,981353,284710,14,242777.98,34,1,261301.49,257593.06,256233.77,252230.47,263280.63
247,17,2073355,2057131,1065606,281302,14,263280.63,34,1,242777.98,261301.49,257593.06,256233.77,245799.37
247,18,1868498,1883441,1078303,312903,13,245799.37,34,1,263280.63,242777.98,261301.49,257593.06,245322.4
247,19,1882021,1894746,967202,312907,13,245322.4,34,1,245799.37,263280.63,242777.98,261301.49,252202.82
247,20,1864509,2052382,1053149,313047,14,252202.82,34,1,245322.4,245799.37,263280.63,242777.98,243758.46
247,21,1870794,1897371,1075649,282649,13,243758.46,34,1,252202.82,245322.4,245799.37,263280.63,254621.37
247,22,2056288,1862670,959777,306984,14,254621.37,34,1,243758.46,252202.82,245322.4,245799.37,255978.93
247,23,1906439,2081263,1058232,310468,13,255978.93,34,1,254621.37,243758.46,252202.82,245322.4,253800.85
247,24,1893357,2043502,1075730,310032,14,253800.85,34,1,255978.93,254621.37,243758.46,252202.82,249066.04
247,25,1854085,2078555,985194,286014,13,249066.04,34,1,253800.85,255978.93,254621.37,243758.46,241724.17
247,26,1883591,1867041,972677,283723,14,241724.17,34,1,249066.04,253800.85,255978.93,254621.37,252332.3
247,27,2034149,1889441,973929,282525,14,252332.3,34,1,241724.17,249066.04,253800.85,255978.93,254670.03
247,28,2045076,1868139,978996,309545,13,254670.03,34,1,252332.3,241724.17,249066.04,253800.85,256170.71
247,29,2075320,1910013,986191,283724,14,256170.71,34,1,254670.03,252332.3,241724.17,249066.04,256552.66
247,30,2034186,1899178,1079211,305590,14,256552.66,34,1,256170.71,254670.03,252332.3,241724.17,
248,1,1298428,1474756,1003048,528234,24,209946.31,34,1,,,,,208268.46
248,2,1164947,1622920,1010731,535484,27,208268.46,34,1,209946.31,,,,212724.48
248,3,1274857,1641677,1101452,480664,27,212724.48,34,1,208268.46,209946.31,,,216361.98
248,4,1296307,1633924,1010353,525784,25,216361.98,34,1,212724.48,208268.46,209946.31,,214363.72
248,5,1278391,1615773,1019719,523210,25,214363.72,34,1,216361.98,212724.48,208268.46,209946.31,215521.05
248,6,1281708,1607220,1112379,520731,26,215521.05,34,1,214363.72,216361.98,212724.48,208268.46,204492.25
248,7,1170853,1629171,1024705,483922,27,204492.25,34,1,215521.05,214363.72,216361.98,212724.48,212268.89
248,8,1291244,1612073,1106644,476613,25,212268.89,34,1,204492.25,215521.05,214363.72,216361.98,211947.98
248,9,1290751,1635403,1011850,479872,27,211947.98,34,1,212268.89,204492.25,215521.05,214363.72,199885.26
248,10,1172602,1484018,1106273,484000,24,199885.26,34,1,211947.98,212268.89,204492.25,215521.05,199783.59
248,11,1181847,1491170,1024336,487849,24,199783.59,34,1,199885.26,211947.98,212268.89,204492.25,212849.01
248,12,1286916,1605106,1111125,488569,25,212849.01,34,1,199783.59,199885.26,211947.98,212268.89,215513.6
248,13,1278451,1640245,1021007,524336,27,215513.6,34,1,212849.01,199783.59,199885.26,211947.98,210059.3
248,14,1164450,1643257,1115836,527112,27,210059.3,34,1,215513.6,212849.01,199783.59,199885.26,209354.39
248,15,1180564,1634489,1004948,531992,27,209354.39,34,1,210059.3,215513.6,212849.01,199783.59,206361.46
248,16,1188069,1618156,1096625,484274,24,206361.46,34,1,209354.39,210059.3,215513.6,212849.01,205553.27
248,17,1198144,1485151,1123195,524877,27,205553.27,34,1,206361.46,209354.39,210059.3,215513.6,211170.37
248,18,1279621,1492705,1112411,527067,25,211170.37,34,1,205553.27,206361.46,209354.39,210059.3,197442.53
248,19,1165121,1475888,1031484,479693,24,197442.53,34,1,211170.37,205553.27,206361.46,209354.39,214759.4
248,20,1279764,1628595,1009231,522579,25,214759.4,34,1,197442.53,211170.37,205553.27,206361.46,216734.9
248,21,1295826,1616531,1098489,522262,24,216734.9,34,1,214759.4,197442.53,211170.37,205553.27,209516.31
248,22,1275336,1468728,1117368,522018,24,209516.31,34,1,216734.9,214759.4,197442.53,211170.37,216265.72
248,23,1283863,1635646,1011784,532603,24,216265.72,34,1,209516.31,216734.9,214759.4,197442.53,210139.84
248,24,1278171,1476990,1100661,526106,27,210139.84,34,1,216265.72,209516.31,216734.9,214759.4,208762.36
248,25,1277072,1472799,1008921,530288,27,208762.36,34,1,210139.84,216265.72,209516.31,216734.9,218937.38
248,26,1311559,1630230,1120177,525071,25,218937.38,34,1,208762.36,210139.84,216265.72,209516.31,211944.79
248,27,1303999,1487581,1104478,521951,27,211944.79,34,1,218937.38,208762.36,210139.84,216265.72,212085.95
248,28,1199135,1621858,1125113,532884,26,212085.95,34,1,211944.79,218937.38,208762.36,210139.84,214059.6
248,29,1301839,1647531,1014958,489130,26,214059.6,34,1,212085.95,211944.79,218937.38,208762.36,210853.15
248,30,1193696,1631811,1097369,523566,27,210853.15,34,1,214059.6,212085.95,211944.79,218937.38,
249,1,1410974,2118255,846644,815561,17,267482.79,34,1,,,,,260082.38
249,2,1401740,1926317,925610,814713,19,260082.38,34,1,267482.79,,,,267008.86
249,3,1403616,1960394,845596,888958,19,267008.86,34,1,260082.38,267482.79,,,268176.12
249,4,1533427,1965533,853195,804832,19,268176.12,34,1,267008.86,260082.38,267482.79,,269975.08
249,5,1416685,2160541,927802,804696,17,269975.08,34,1,268176.12,267008.86,260082.38,267482.79,263363.79
249,6,1435079,1976054,921973,804744,19,263363.79,34,1,269975.08,268176.12,267008.86,260082.38,268428.94
249,7,1550876,1939789,906461,797320,17,268428.94,34,1,263363.79,269975.08,268176.12,267008.86,276429.53
249,8,1556615,1971931,848903,877502,17,276429.53,34,1,268428.94,263363.79,269975.08,268176.12,284802.98
249,9,1542839,2163070,842694,892780,19,284802.98,34,1,276429.53,268428.94,263363.79,269975.08,262648.43
249,10,1432908,1945506,914778,813844,19,262648.43,34,1,284802.98,276429.53,268428.94,263363.79,286518.13
249,11,1577008,2168323,830329,887061,17,286518.13,34,1,262648.43,284802.98,276429.53,268428.94,257919.68
249,12,1400349,1934174,846686,802477,19,257919.68,34,1,286518.13,262648.43,284802.98,276429.53,278304.48
249,13,1438585,2141198,927343,890365,17,278304.48,34,1,257919.68,286518.13,262648.43,284802.98,268564.44
249,14,1437105,2115439,920557,796602,19,268564.44,34,1,278304.48,257919.68,286518.13,262648.43,267475.45
249,15,1431824,2108911,827625,808292,17,267475.45,34,1,268564.44,278304.48,257919.68,286518.13,282804.69
249,16,1538466,2127032,841734,890648,17,282804.69,34,1,267475.45,268564.44,278304.48,257919.68,277493.05
249,17,1405263,2158433,928740,897074,17,277493.05,34,1,282804.69,267475.45,268564.44,278304.48,275740.47
249,18,1543269,2116874,835239,814755,19,275740.47,34,1,277493.05,282804.69,267475.45,268564.44,267937.61
249,19,1423619,1974133,839607,879605,17,267937.61,34,1,275740.47,277493.05,282804.69,267475.45,267310.55
249,20,1409515,1965924,835187,887400,17,267310.55,34,1,267937.61,275740.47,277493.05,282804.69,269545.74
249,21,1553242,1944278,832476,819409,17,269545.74,34,1,267310.55,267937.61,275740.47,277493.05,266492.09
249,22,1405989,2131055,827166,805776,17,266492.09,34,1,269545.74,267310.55,267937.61,275740.47,268090.68
249,23,1532801,1939214,839059,819114,17,268090.68,34,1,266492.09,269545.74,267310.55,267937.61,270557.07
249,24,1436838,1962372,922592,889471,19,270557.07,34,1,268090.68,266492.09,269545.74,267310.55,269438.45
249,25,1408534,2142407,913102,815687,19,269438.45,34,1,270557.07,268090.68,266492.09,269545.74,285849.49
249,26,1568271,2112886,931403,893199,17,285849.49,34,1,269438.45,270557.07,268090.68,266492.09,268474.76
249,27,1416785,2133648,829280,818411,19,268474.76,34,1,285849.49,269438.45,270557.07,268090.68,268500.92
249,28,1408956,1950780,918548,892825,17,268500.92,34,1,268474.76,285849.49,269438.45,270557.07,286443.2
249,29,1536365,2169261,929411,896943,19,286443.2,34,1,268500.92,268474.76,285849.49,269438.45,279391.01
249,30,1557170,2131494,931158,820980,19,279391.01,34,1,286443.2,268500.92,268474.76,285849.49,
250,1,1267969,1886743,639202,793384,23,243125.42,34,1,,,,,254157.27
250,2,1393660,1911425,646966,812510,25,254157.27,34,1,243125.42,,,,253076.34
250,3,1395322,1921900,639142,795903,23,253076.34,34,1,254157.27,243125.42,,,231834.37
250,4,1259448,1736194,714211,730417,26,231834.37,34,1,253076.34,254157.27,243125.42,,232621.08
250,5,1281103,1724815,701344,731200,23,232621.08,34,1,231834.37,253076.34,254157.27,243125.42,246491.54
250,6,1283280,1902228,634390,813402,24,246491.54,34,1,232621.08,231834.37,253076.34,254157.27,232473.87
250,7,1268196,1754102,642655,735966,24,232473.87,34,1,246491.54,232621.08,231834.37,253076.34,246490.94
250,8,1367655,1758398,702036,807088,26,246490.94,34,1,232473.87,246491.54,232621.08,231834.37,239643.55
250,9,1384673,1758322,648731,728682,26,239643.55,34,1,246490.94,232473.87,246491.54,232621.08,238913.81
250,10,1250453,1911088,650638,745900,26,238913.81,34,1,239643.55,246490.94,232473.87,246491.54,247002.61
250,11,1382426,1749204,706822,805537,24,247002.61,34,1,238913.81,239643.55,246490.94,232473.87,245730.17
250,12,1370295,1925321,636787,731276,24,245730.17,34,1,247002.61,238913.81,239643.55,246490.94,254343.84
250,13,1395868,1917840,713335,797921,24,254343.84,34,1,245730.17,247002.61,238913.81,239643.55,246447.0
250,14,1249634,1930357,709712,810323,23,246447.0,34,1,254343.84,245730.17,247002.61,238913.81,243757.32
250,15,1251894,1893610,645623,807591,23,243757.32,34,1,246447.0,254343.84,245730.17,247002.61,238608.49
250,16,1259118,1746950,700278,803325,24,238608.49,34,1,243757.32,246447.0,254343.84,245730.17,239163.45
250,17,1261446,1760723,704270,800692,25,239163.45,34,1,238608.49,243757.32,246447.0,254343.84,238148.01
250,18,1256327,1750951,713058,796042,23,238148.01,34,1,239163.45,238608.49,243757.32,246447.0,246193.71
250,19,1269441,1905334,708741,805053,24,246193.71,34,1,238148.01,239163.45,238608.49,243757.32,243979.72
250,20,1267842,1887261,653671,800069,24,243979.72,34,1,246193.71,238148.01,239163.45,238608.49,232233.13
250,21,1261760,1771014,634516,731564,26,232233.13,34,1,243979.72,246193.71,238148.01,239163.45,241828.48
250,22,1406153,1722086,706279,743777,26,241828.48,34,1,232233.13,243979.72,246193.71,238148.01,254134.96
250,23,1399635,1899976,696353,804275,23,254134.96,34,1,241828.48,232233.13,243979.72,246193.71,238751.97
250,24,1275411,1889960,714586,724306,24,238751.97,34,1,254134.96,241828.48,232233.13,243979.72,245199.37
250,25,1391399,1732117,641709,798880,26,245199.37,34,1,238751.97,254134.96,241828.48,232233.13,247267.13
250,26,1286749,1936481,637113,803132,26,247267.13,34,1,245199.37,238751.97,254134.96,241828.48,248264.67
250,27,1388417,1927898,634879,745505,26,248264.67,34,1,247267.13,245199.37,238751.97,254134.96,246930.1
250,28,1369203,1919266,648104,746110,24,246930.1,34,1,248264.67,247267.13,245199.37,238751.97,246296.22
250,29,1393535,1735653,642532,807722,23,246296.22,34,1,246930.1,248264.67,247267.13,245199.37,249135.24
250,30,1382526,1933861,696425,745409,26,249135.24,34,1,246296.22,246930.1,248264.67,247267.13,
251,1,1898565,1477533,993078,567906,29,252377.76,34,1,,,,,249700.67
251,2,1761654,1488539,980388,633835,31,249700.67,34,1,252377.76,,,,256403.23
251,3,1939831,1505762,991963,570000,29,256403.23,34,1,249700.67,252377.76,,,253686.22
251,4,1923989,1486509,896642,577556,32,253686.22,34,1,256403.23,249700.67,252377.76,,251680.13
251,5,1781979,1637383,976278,572928,32,251680.13,34,1,253686.22,256403.23,249700.67,252377.76,255081.82
251,6,1915045,1497482,971319,580764,29,255081.82,34,1,251680.13,253686.22,256403.23,249700.67,248045.67
251,7,1734231,1631398,904107,582881,29,248045.67,34,1,255081.82,251680.13,253686.22,256403.23,268542.63
251,8,1949257,1647456,972119,635764,32,268542.63,34,1,248045.67,255081.82,251680.13,253686.22,247976.81
251,9,1755959,1624815,900338,570235,32,247976.81,34,1,268542.63,248045.67,255081.82,251680.13,255035.4
251,10,1942594,1497953,887904,575432,32,255035.4,34,1,247976.81,268542.63,248045.67,255081.82,254704.88
251,11,1762866,1628075,895214,639301,29,254704.88,34,1,255035.4,247976.81,268542.63,248045.67,263791.78
251,12,1920211,1624113,893470,629119,32,263791.78,34,1,254704.88,255035.4,247976.81,268542.63,249016.82
251,13,1743014,1649521,887364,581988,29,249016.82,34,1,263791.78,254704.88,255035.4,247976.81,254047.68
251,14,1754512,1648649,911453,625521,29,254047.68,34,1,249016.82,263791.78,254704.88,255035.4,254046.72
251,15,1918560,1486173,978923,570616,29,254046.72,34,1,254047.68,249016.82,263791.78,254704.88,255959.51
251,16,1927798,1520645,900103,583575,29,255959.51,34,1,254046.72,254047.68,249016.82,263791.78,256657.23
251,17,1952455,1491780,973088,573661,32,256657.23,34,1,255959.51,254046.72,254047.68,249016.82,259281.72
251,18,1908693,1650366,889119,576016,29,259281.72,34,1,256657.23,255959.51,254046.72,254047.68,259328.5
251,19,1925852,1514747,890169,626874,30,259328.5,34,1,259281.72,256657.23,255959.51,254046.72,249236.45
251,20,1757957,1509760,889049,638157,32,249236.45,34,1,259328.5,259281.72,256657.23,255959.51,250468.75
251,21,1758209,1627372,993870,578014,32,250468.75,34,1,249236.45,259328.5,259281.72,256657.23,259727.4
251,22,1908680,1658037,902358,574998,29,259727.4,34,1,250468.75,249236.45,259328.5,259281.72,255968.9
251,23,1769766,1618650,989527,635530,32,255968.9,34,1,259727.4,250468.75,249236.45,259328.5,254102.39
251,24,1902819,1491346,989430,578230,32,254102.39,34,1,255968.9,259727.4,250468.75,249236.45,266571.6
251,25,1950957,1648299,892668,626783,29,266571.6,34,1,254102.39,255968.9,259727.4,250468.75,260801.74
251,26,1912588,1642786,972023,578468,32,260801.74,34,1,266571.6,254102.39,255968.9,259727.4,253891.18
251,27,1898592,1497583,996161,574808,32,253891.18,34,1,260801.74,266571.6,254102.39,255968.9,241549.0
251,28,1746441,1475316,890293,576936,29,241549.0,34,1,253891.18,260801.74,266571.6,254102.39,252702.09
251,29,1914972,1475836,904618,576618,32,252702.09,34,1,241549.0,253891.18,260801.74,266571.6,263572.55
251,30,1907232,1618249,970882,624626,30,263572.55,34,1,252702.09,241549.0,253891.18,260801.74,
252,1,1783864,1983214,757737,496820,16,255801.06,34,1,,,,,254913.99
252,2,1816861,1802275,760138,546701,17,254913.99,34,1,255801.06,,,,254836.32
252,3,1677782,1975975,817277,554871,16,254836.32,34,1,254913.99,255801.06,,,245421.96
252,4,1633222,1941141,835460,495338,18,245421.96,34,1,254836.32,254913.99,255801.06,,262015.48
252,5,1826760,1959419,754152,546580,16,262015.48,34,1,245421.96,254836.32,254913.99,255801.06,262590.29
252,6,1827804,1949754,828539,543122,17,262590.29,34,1,262015.48,245421.96,254836.32,254913.99,245543.2
252,7,1644591,1809743,815898,552988,16,245543.2,34,1,262590.29,262015.48,245421.96,254836.32,250196.09
252,8,1639354,1930066,815928,552565,16,250196.09,34,1,245543.2,262590.29,262015.48,245421.96,260300.85
252,9,1797134,1960202,763512,546792,16,260300.85,34,1,250196.09,245543.2,262590.29,262015.48,252165.8
252,10,1807078,1771293,747034,540011,16,252165.8,34,1,260300.85,250196.09,245543.2,262590.29,245169.12
252,11,1644767,1950441,743804,496635,17,245169.12,34,1,252165.8,260300.85,250196.09,245543.2,243643.59
252,12,1667752,1762328,764745,546581,16,243643.59,34,1,245169.12,252165.8,260300.85,250196.09,245592.84
252,13,1638942,1929394,836894,498308,16,245592.84,34,1,243643.59,245169.12,252165.8,260300.85,261810.7
252,14,1822154,1979719,743872,540084,16,261810.7,34,1,245592.84,243643.59,245169.12,252165.8,252084.22
252,15,1802685,1766406,745448,544817,17,252084.22,34,1,261810.7,245592.84,243643.59,245169.12,262277.25
252,16,1798334,1971040,814932,553446,17,262277.25,34,1,252084.22,261810.7,245592.84,243643.59,240968.14
252,17,1637563,1764165,744124,541519,17,240968.14,34,1,262277.25,252084.22,261810.7,245592.84,241840.37
252,18,1663840,1805678,815064,500128,18,241840.37,34,1,240968.14,262277.25,252084.22,261810.7,254070.0
252,19,1811763,1782067,753593,551567,17,254070.0,34,1,241840.37,240968.14,262277.25,252084.22,248684.79
252,20,1796600,1770761,822301,495468,17,248684.79,34,1,254070.0,241840.37,240968.14,262277.25,238877.5
252,21,1640182,1787890,752575,503918,16,238877.5,34,1,248684.79,254070.0,241840.37,240968.14,241177.35
252,22,1652259,1808167,815925,499792,16,241177.35,34,1,238877.5,248684.79,254070.0,241840.37,251833.49
252,23,1825150,1801669,818133,496293,18,251833.49,34,1,241177.35,238877.5,248684.79,254070.0,254404.07
252,24,1666743,1982195,823723,553954,16,254404.07,34,1,251833.49,241177.35,238877.5,248684.79,261905.99
252,25,1809446,1942181,826446,552621,17,261905.99,34,1,254404.07,251833.49,241177.35,238877.5,245894.05
252,26,1648227,1963970,747118,495311,17,245894.05,34,1,261905.99,254404.07,251833.49,241177.35,244830.71
252,27,1648277,1795548,836932,545184,16,244830.71,34,1,245894.05,261905.99,254404.07,251833.49,252534.8
252,28,1823851,1795162,836503,504672,17,252534.8,34,1,244830.71,245894.05,261905.99,254404.07,250779.75
252,29,1794860,1806682,821362,503470,16,250779.75,34,1,252534.8,244830.71,245894.05,261905.99,243508.5
252,30,1642018,1812212,743856,544264,16,243508.5,34,1,250779.75,252534.8,244830.71,245894.05,
253,1,1462771,1684916,853923,299593,6,206311.01,34,1,,,,,212508.01
253,2,1631048,1511679,875083,323804,6,212508.01,34,1,206311.01,,,,197822.12
253,3,1455330,1527932,787922,295613,6,197822.12,34,1,212508.01,206311.01,,,207890.49
253,4,1466983,1683775,783977,327359,6,207890.49,34,1,197822.12,212508.01,206311.01,,202614.67
253,5,1490503,1512512,794779,329372,6,202614.67,34,1,207890.49,197822.12,212508.01,206311.01,215310.74
253,6,1620159,1652390,873919,297695,6,215310.74,34,1,202614.67,207890.49,197822.12,212508.01,208709.0
253,7,1589489,1511946,792791,326427,6,208709.0,34,1,215310.74,202614.67,207890.49,197822.12,199509.22
253,8,1459100,1514695,862344,304180,6,199509.22,34,1,208709.0,215310.74,202614.67,207890.49,200884.11
253,9,1486872,1543511,793656,298628,6,200884.11,34,1,199509.22,208709.0,215310.74,202614.67,200220.43
253,10,1492013,1514918,788888,301697,6,200220.43,34,1,200884.11,199509.22,208709.0,215310.74,203661.68
253,11,1469600,1541542,856022,331385,6,203661.68,34,1,200220.43,200884.11,199509.22,208709.0,213236.8
253,12,1611217,1543456,867006,332881,6,213236.8,34,1,203661.68,200220.43,200884.11,199509.22,214401.99
253,13,1598908,1668793,858203,298154,6,214401.99,34,1,213236.8,203661.68,200220.43,200884.11,201552.32
253,14,1467960,1550034,859807,304548,6,201552.32,34,1,214401.99,213236.8,203661.68,200220.43,215469.33
253,15,1605823,1687206,856633,296770,6,215469.33,34,1,201552.32,214401.99,213236.8,203661.68,213083.62
253,16,1622277,1533232,873695,326753,6,213083.62,34,1,215469.33,201552.32,214401.99,213236.8,202022.57
253,17,1467630,1538526,795991,326967,6,202022.57,34,1,213083.62,215469.33,201552.32,214401.99,218019.43
253,18,1614883,1690683,802768,326742,6,218019.43,34,1,202022.57,213083.62,215469.33,201552.32,210463.33
253,19,1605692,1514896,792299,332956,6,210463.33,34,1,218019.43,202022.57,213083.62,215469.33,214855.72
253,20,1613988,1658187,859639,297001,6,214855.72,34,1,210463.33,218019.43,202022.57,213083.62,207750.01
253,21,1593291,1509068,876101,299208,6,207750.01,34,1,214855.72,210463.33,218019.43,202022.57,202056.53
253,22,1453786,1534601,860878,327285,6,202056.53,34,1,207750.01,214855.72,210463.33,218019.43,208332.36
253,23,1618530,1509302,792385,302677,6,208332.36,34,1,202056.53,207750.01,214855.72,210463.33,204973.93
253,24,1455298,1688825,800482,298068,6,204973.93,34,1,208332.36,202056.53,207750.01,214855.72,209209.05
253,25,1474394,1664735,869877,329820,6,209209.05,34,1,204973.93,208332.36,202056.53,207750.01,201146.54
253,26,1460444,1521185,800766,329586,6,201146.54,34,1,209209.05,204973.93,208332.36,202056.53,199504.47
253,27,1455376,1547739,801928,302500,6,199504.47,34,1,201146.54,209209.05,204973.93,208332.36,209427.77
253,28,1471806,1677221,871614,328001,6,209427.77,34,1,199504.47,201146.54,209209.05,204973.93,208272.18
253,29,1612921,1528303,798844,296056,6,208272.18,34,1,209427.77,199504.47,201146.54,209209.05,205567.36
253,30,1476225,1662765,798780,301997,6,205567.36,34,1,208272.18,209427.77,199504.47,201146.54,
254,1,1128649,1921115,806017,667884,6,226953.84,34,1,,,,,249678.27
254,2,1246007,2135064,812283,735194,6,249678.27,34,1,226953.84,,,,235802.4
254,3,1139483,2110152,812559,669393,7,235802.4,34,1,249678.27,226953.84,,,242647.32
254,4,1236648,2077893,883710,677438,7,242647.32,34,1,235802.4,249678.27,226953.84,,247491.37
254,5,1224140,2114875,801482,737989,6,247491.37,34,1,242647.32,235802.4,249678.27,226953.84,234925.01
254,6,1114959,2111785,807820,677399,6,234925.01,34,1,247491.37,242647.32,235802.4,249678.27,234164.15
254,7,1119856,2103014,805790,669877,7,234164.15,34,1,234925.01,247491.37,242647.32,235802.4,242695.33
254,8,1224498,2118570,805248,682152,6,242695.33,34,1,234164.15,234925.01,247491.37,242647.32,247630.95
254,9,1229193,2082246,882412,736277,6,247630.95,34,1,242695.33,234164.15,234925.01,247491.37,228243.44
254,10,1115061,1940970,819539,680280,7,228243.44,34,1,247630.95,242695.33,234164.15,234925.01,242903.14
254,11,1244711,2086955,895955,668048,6,242903.14,34,1,228243.44,247630.95,242695.33,234164.15,237467.49
254,12,1148160,2095777,898363,672643,6,237467.49,34,1,242903.14,228243.44,247630.95,242695.33,232441.82
254,13,1139307,1902145,799766,731008,7,232441.82,34,1,237467.49,242903.14,228243.44,247630.95,235447.07
254,14,1137852,1929334,887254,736827,6,235447.07,34,1,232441.82,237467.49,242903.14,228243.44,248471.66
254,15,1233993,2109614,875543,730715,6,248471.66,34,1,235447.07,232441.82,237467.49,242903.14,235328.0
254,16,1135796,1952905,811869,739799,7,235328.0,34,1,248471.66,235447.07,232441.82,237467.49,228605.8
254,17,1114504,1937847,890663,673182,6,228605.8,34,1,235328.0,248471.66,235447.07,232441.82,237761.02
254,18,1133774,2117535,881443,679235,7,237761.02,34,1,228605.8,235328.0,248471.66,235447.07,237127.46
254,19,1125120,2103238,875203,686196,6,237127.46,34,1,237761.02,228605.8,235328.0,248471.66,243253.05
254,20,1127876,2127605,892942,737608,7,243253.05,34,1,237127.46,237761.02,228605.8,235328.0,243028.32
254,21,1220594,2089445,892299,686281,7,243028.32,34,1,243253.05,237127.46,237761.02,228605.8,240759.41
254,22,1143098,2083026,820170,732948,6,240759.41,34,1,243028.32,243253.05,237127.46,237761.02,238682.3
254,23,1118754,2079288,817075,729709,7,238682.3,34,1,240759.41,243028.32,243253.05,237127.46,236809.51
254,24,1223990,1952833,876896,681018,6,236809.51,34,1,238682.3,240759.41,243028.32,243253.05,240453.68
254,25,1127199,2082373,816696,741920,7,240453.68,34,1,236809.51,238682.3,240759.41,243028.32,237657.96
254,26,1146600,2116014,875330,670693,7,237657.96,34,1,240453.68,236809.51,238682.3,240759.41,234274.3
254,27,1133842,1903700,892051,737713,6,234274.3,34,1,237657.96,240453.68,236809.51,238682.3,233192.71
254,28,1131023,1907201,815053,740158,7,233192.71,34,1,234274.3,237657.96,240453.68,236809.51,249433.52
254,29,1237277,2082584,881932,750385,6,249433.52,34,1,233192.71,234274.3,237657.96,240453.68,243528.14
254,30,1225482,2110636,880143,680703,7,243528.14,34,1,249433.52,233192.71,234274.3,237657.96,
255,1,1330124,1777226,984829,636601,32,234119.81,34,1,,,,,229395.75
255,2,1220580,1951068,965802,585843,29,229395.75,34,1,234119.81,,,,227639.08
255,3,1313409,1769725,968871,583140,32,227639.08,34,1,229395.75,234119.81,,,233267.88
255,4,1333259,1745794,981007,640172,29,233267.88,34,1,227639.08,229395.75,234119.81,,235104.28
255,5,1307690,1948635,972770,586386,31,235104.28,34,1,233267.88,227639.08,229395.75,234119.81,227248.55
255,6,1193885,1928353,969353,591103,29,227248.55,34,1,235104.28,233267.88,227639.08,229395.75,242964.72
255,7,1330030,1934834,1073763,645476,31,242964.72,34,1,227248.55,235104.28,233267.88,227639.08,223303.98
255,8,1220737,1771796,1064765,583238,32,223303.98,34,1,242964.72,227248.55,235104.28,233267.88,224327.99
255,9,1192868,1770667,971646,632123,31,224327.99,34,1,223303.98,242964.72,227248.55,235104.28,220588.86
255,10,1201514,1736816,1073997,581480,32,220588.86,34,1,224327.99,223303.98,242964.72,227248.55,226434.12
255,11,1187763,1771558,1085819,637920,31,226434.12,34,1,220588.86,224327.99,223303.98,242964.72,228147.07
255,12,1219533,1920380,995601,581540,31,228147.07,34,1,226434.12,220588.86,224327.99,223303.98,228579.47
255,13,1216690,1948338,973450,579455,32,228579.47,34,1,228147.07,226434.12,220588.86,224327.99,220961.64
255,14,1196009,1764138,985339,593071,29,220961.64,34,1,228579.47,228147.07,226434.12,220588.86,228930.66
255,15,1330895,1763187,982175,585503,29,228930.66,34,1,220961.64,228579.47,228147.07,226434.12,226729.23
255,16,1298504,1744548,1071804,576675,29,226729.23,34,1,228930.66,220961.64,228579.47,228147.07,234805.12
255,17,1319141,1912075,974126,591541,29,234805.12,34,1,226729.23,228930.66,220961.64,228579.47,234572.48
255,18,1310365,1770099,1080406,641707,29,234572.48,34,1,234805.12,226729.23,228930.66,220961.64,240859.43
255,19,1334573,1917637,987306,642601,29,240859.43,34,1,234572.48,234805.12,226729.23,228930.66,233022.45
255,20,1199213,1901017,1086189,642666,32,233022.45,34,1,240859.43,234572.48,234805.12,226729.23,232262.55
255,21,1316231,1772331,967377,631443,32,232262.55,34,1,233022.45,240859.43,234572.48,234805.12,236544.91
255,22,1334331,1903008,1061286,588229,29,236544.91,34,1,232262.55,233022.45,240859.43,234572.48,225157.36
255,23,1185696,1786613,971050,639190,32,225157.36,34,1,236544.91,232262.55,233022.45,240859.43,228474.41
255,24,1221193,1942191,974245,577758,32,228474.41,34,1,225157.36,236544.91,232262.55,233022.45,235728.15
255,25,1312161,1931977,1064840,581027,32,235728.15,34,1,228474.41,225157.36,236544.91,232262.55,229292.12
255,26,1212974,1927142,1087686,579029,32,229292.12,34,1,235728.15,228474.41,225157.36,236544.91,236692.04
255,27,1315585,1952942,995368,592200,32,236692.04,34,1,229292.12,235728.15,228474.41,225157.36,239684.32
255,28,1315251,1912805,988373,645504,29,239684.32,34,1,236692.04,229292.12,235728.15,228474.41,231689.64
255,29,1321598,1738651,969236,636510,29,231689.64,34,1,239684.32,236692.04,229292.12,235728.15,234438.21
255,30,1297144,1929221,1073869,577150,31,234438.21,34,1,231689.64,239684.32,236692.04,229292.12,
256,1,1619289,2200537,732906,529837,3,256786.16,34,1,,,,,266986.04
256,2,1807977,2221635,806585,484107,3,266986.04,34,1,256786.16,,,,267987.06
256,3,1799567,2190414,740705,527733,3,267987.06,34,1,266986.04,256786.16,,,257440.34
256,4,1625939,2221907,736475,521756,2,257440.34,34,1,267987.06,266986.04,256786.16,,257232.83
256,5,1619812,2202442,726635,534674,3,257232.83,34,1,257440.34,267987.06,266986.04,256786.16,266046.95
256,6,1785873,2172691,725368,527074,3,266046.95,34,1,257232.83,257440.34,267987.06,266986.04,255334.82
256,7,1793447,2010955,721569,478515,2,255334.82,34,1,266046.95,257232.83,257440.34,267987.06,257741.58
256,8,1781448,1976529,721706,529758,3,257741.58,34,1,255334.82,266046.95,257232.83,257440.34,257235.29
256,9,1624799,2219274,724027,523790,3,257235.29,34,1,257741.58,255334.82,266046.95,257232.83,265194.1
256,10,1782187,2221505,791637,485559,3,265194.1,34,1,257235.29,257741.58,255334.82,266046.95,244966.3
256,11,1619444,2021787,740917,480060,3,244966.3,34,1,265194.1,257235.29,257741.58,255334.82,263695.26
256,12,1794775,2200115,728162,481379,2,263695.26,34,1,244966.3,265194.1,257235.29,257741.58,263730.53
256,13,1798308,2168863,800131,480598,2,263730.53,34,1,263695.26,244966.3,265194.1,257235.29,252903.19
256,14,1619322,2180944,793248,484841,2,252903.19,34,1,263730.53,263695.26,244966.3,265194.1,248778.24
256,15,1645693,2026655,804626,489593,2,248778.24,34,1,252903.19,263730.53,263695.26,244966.3,257061.45
256,16,1604587,2204313,801649,529175,3,257061.45,34,1,248778.24,252903.19,263730.53,263695.26,255118.94
256,17,1644421,2199501,809173,479864,3,255118.94,34,1,257061.45,248778.24,252903.19,263730.53,254293.92
256,18,1777349,1985089,741406,486916,3,254293.92,34,1,255118.94,257061.45,248778.24,252903.19,266174.87
256,19,1766674,2203813,738658,525444,2,266174.87,34,1,254293.92,255118.94,257061.45,248778.24,253488.73
256,20,1634474,2186069,726691,490199,3,253488.73,34,1,266174.87,254293.92,255118.94,257061.45,265531.04
256,21,1789781,2214412,802187,485203,2,265531.04,34,1,253488.73,266174.87,254293.92,255118.94,257611.06
256,22,1769990,2004016,727955,522667,2,257611.06,34,1,265531.04,253488.73,266174.87,254293.92,255661.58
256,23,1765542,2038458,732973,487366,3,255661.58,34,1,257611.06,265531.04,253488.73,266174.87,265775.07
256,24,1779832,2226187,807789,488579,3,265775.07,34,1,255661.58,257611.06,265531.04,253488.73,255167.26
256,25,1779667,1988179,808077,481348,3,255167.26,34,1,265775.07,255661.58,257611.06,265531.04,260182.61
256,26,1801341,1989000,802638,521993,3,260182.61,34,1,255167.26,265775.07,255661.58,257611.06,268515.62
256,27,1803733,2186021,805332,520855,3,268515.62,34,1,260182.61,255167.26,265775.07,255661.58,262491.19
256,28,1799385,2175373,721947,477315,3,262491.19,34,1,268515.62,260182.61,255167.26,265775.07,242355.86
256,29,1605399,1985604,739971,478154,3,242355.86,34,1,262491.19,268515.62,260182.61,255167.26,250224.45
256,30,1614023,2032520,802258,526105,2,250224.45,34,1,242355.86,262491.19,268515.62,260182.61,
257,1,1247564,1717402,1105731,480259,25,214154.55,34,1,,,,,217436.04
257,2,1140009,1826921,1119056,540755,25,217436.04,34,1,214154.55,,,,212663.36
257,3,1252068,1681802,1026782,491378,27,212663.36,34,1,217436.04,214154.55,,,211307.15
257,4,1239080,1679814,1014149,488902,25,211307.15,34,1,212663.36,217436.04,214154.55,,220333.23
257,5,1222508,1876983,1115420,491041,25,220333.23,34,1,211307.15,212663.36,217436.04,214154.55,220808.3
257,6,1239481,1859086,1125659,490539,25,220808.3,34,1,220333.23,211307.15,212663.36,217436.04,209687.95
257,7,1146178,1684978,1034323,531647,27,209687.95,34,1,220808.3,220333.23,211307.15,212663.36,215189.4
257,8,1233063,1690257,1040167,526691,25,215189.4,34,1,209687.95,220808.3,220333.23,211307.15,212191.3
257,9,1141628,1693201,1135389,540439,28,212191.3,34,1,215189.4,209687.95,220808.3,220333.23,217627.63
257,10,1229437,1853650,1026503,483082,27,217627.63,34,1,212191.3,215189.4,209687.95,220808.3,215791.61
257,11,1250725,1669537,1023280,533353,28,215791.61,34,1,217627.63,212191.3,215189.4,209687.95,211767.81
257,12,1127348,1845832,1036866,493220,25,211767.81,34,1,215791.61,217627.63,212191.3,215189.4,218296.06
257,13,1235648,1853838,1011369,488704,25,218296.06,34,1,211767.81,215791.61,217627.63,212191.3,222023.96
257,14,1247486,1873461,1121616,492336,27,222023.96,34,1,218296.06,211767.81,215791.61,217627.63,215121.06
257,15,1114764,1841742,1107554,528457,25,215121.06,34,1,222023.96,218296.06,211767.81,215791.61,225726.31
257,16,1238690,1878597,1122173,537229,27,225726.31,34,1,215121.06,222023.96,218296.06,211767.81,216653.0
257,17,1147400,1864685,1014909,528240,25,216653.0,34,1,225726.31,215121.06,222023.96,218296.06,217664.16
257,18,1235389,1837681,1021094,487600,25,217664.16,34,1,216653.0,225726.31,215121.06,222023.96,222180.68
257,19,1223956,1840769,1039510,541110,25,222180.68,34,1,217664.16,216653.0,225726.31,215121.06,212665.9
257,20,1114463,1872438,1131009,482945,25,212665.9,34,1,222180.68,217664.16,216653.0,225726.31,212848.1
257,21,1220212,1708721,1127064,485567,25,212848.1,34,1,212665.9,222180.68,217664.16,216653.0,215899.56
257,22,1123431,1872528,1012161,533976,27,215899.56,34,1,212848.1,212665.9,222180.68,217664.16,215626.13
257,23,1117129,1832616,1106255,536822,27,215626.13,34,1,215899.56,212848.1,212665.9,222180.68,209348.81
257,24,1137462,1683104,1012092,539075,25,209348.81,34,1,215626.13,215899.56,212848.1,212665.9,223129.36
257,25,1227870,1831777,1124279,537529,27,223129.36,34,1,209348.81,215626.13,215899.56,212848.1,225763.61
257,26,1242915,1872308,1123373,537305,25,225763.61,34,1,223129.36,209348.81,215626.13,215899.56,222267.49
257,27,1237019,1836470,1013877,539345,28,222267.49,34,1,225763.61,223129.36,209348.81,215626.13,204022.27
257,28,1122411,1699939,1022124,481195,27,204022.27,34,1,222267.49,225763.61,223129.36,209348.81,213042.42
257,29,1132997,1846682,1135842,484854,27,213042.42,34,1,204022.27,222267.49,225763.61,223129.36,218581.96
257,30,1232931,1875041,1031543,480321,25,218581.96,34,1,213042.42,204022.27,222267.49,225763.61,
258,1,1344643,1630755,724171,573728,20,218981.05,34,1,,,,,223190.55
258,2,1238781,1785576,728413,623951,22,223190.55,34,1,218981.05,,,,220520.52
258,3,1246510,1803094,717162,582720,22,220520.52,34,1,223190.55,218981.05,,,222373.66
258,4,1228690,1782554,656801,636601,22,222373.66,34,1,220520.52,223190.55,218981.05,,223590.74
258,5,1238747,1776119,725869,633263,20,223590.74,34,1,222373.66,220520.52,223190.55,218981.05,215268.65
258,6,1223018,1625472,725626,622161,23,215268.65,34,1,223590.74,222373.66,220520.52,223190.55,214996.9
258,7,1222027,1647789,661373,621228,23,214996.9,34,1,215268.65,223590.74,222373.66,220520.52,224432.84
258,8,1331272,1797724,724540,566323,22,224432.84,34,1,214996.9,215268.65,223590.74,222373.66,209880.5
258,9,1236932,1603121,652346,576136,21,209880.5,34,1,224432.84,214996.9,215268.65,223590.74,228905.22
258,10,1355422,1773335,658765,621855,20,228905.22,34,1,209880.5,224432.84,214996.9,215268.65,229005.39
258,11,1332696,1786376,715710,622873,21,229005.39,34,1,228905.22,209880.5,224432.84,214996.9,224223.22
258,12,1347272,1645416,721158,623715,23,224223.22,34,1,229005.39,228905.22,209880.5,224432.84,218912.92
258,13,1356538,1606707,716564,576953,23,218912.92,34,1,224223.22,229005.39,228905.22,209880.5,211010.02
258,14,1241983,1618648,716403,566157,20,211010.02,34,1,218912.92,224223.22,229005.39,228905.22,215009.23
258,15,1213692,1640348,716623,620737,20,215009.23,34,1,211010.02,218912.92,224223.22,229005.39,217641.97
258,16,1240925,1624735,721466,636708,22,217641.97,34,1,215009.23,211010.02,218912.92,224223.22,224745.05
258,17,1356320,1646562,662507,633161,21,224745.05,34,1,217641.97,215009.23,211010.02,218912.92,211345.13
258,18,1230556,1630647,712793,573178,23,211345.13,34,1,224745.05,217641.97,215009.23,211010.02,218828.24
258,19,1338137,1636275,729796,573123,22,218828.24,34,1,211345.13,224745.05,217641.97,215009.23,218342.29
258,20,1237762,1778964,716605,576144,20,218342.29,34,1,218828.24,211345.13,224745.05,217641.97,221070.18
258,21,1221055,1757112,717692,628330,21,221070.18,34,1,218342.29,218828.24,211345.13,224745.05,216816.92
258,22,1347318,1607118,662974,569917,23,216816.92,34,1,221070.18,218342.29,218828.24,211345.13,218498.09
258,23,1344478,1605319,714721,582002,22,218498.09,34,1,216816.92,221070.18,218342.29,218828.24,225297.16
258,24,1361200,1645712,729273,623996,23,225297.16,34,1,218498.09,216816.92,221070.18,218342.29,224574.19
258,25,1342179,1757555,726599,578297,21,224574.19,34,1,225297.16,218498.09,216816.92,221070.18,223377.17
258,26,1335636,1646564,651538,634860,20,223377.17,34,1,224574.19,225297.16,218498.09,216816.92,216879.35
258,27,1345056,1612896,667835,568672,22,216879.35,34,1,223377.17,224574.19,225297.16,218498.09,217382.01
258,28,1233002,1756320,719239,578931,22,217382.01,34,1,216879.35,223377.17,224574.19,225297.16,215428.85
258,29,1229791,1634048,660746,626921,23,215428.85,34,1,217382.01,216879.35,223377.17,224574.19,210852.8
258,30,1228478,1601451,729680,579669,22,210852.8,34,1,215428.85,217382.01,216879.35,223377.17,
259,1,1395367,2170013,1037361,530431,1,246054.03,34,1,,,,,247732.56
259,2,1426632,2146909,1041218,536578,1,247732.56,34,1,246054.03,,,,235341.89
259,3,1397276,1964739,1147138,485420,1,235341.89,34,1,247732.56,246054.03,,,245499.77
259,4,1556646,1979240,1034558,497308,1,245499.77,34,1,235341.89,247732.56,246054.03,,237375.41
259,5,1422191,1958016,1154698,491799,1,237375.41,34,1,245499.77,235341.89,247732.56,246054.03,245957.01
259,6,1429185,2185099,1038565,497836,1,245957.01,34,1,237375.41,245499.77,235341.89,247732.56,245526.08
259,7,1552373,1978767,1061132,496046,1,245526.08,34,1,245957.01,237375.41,245499.77,235341.89,245022.24
259,8,1428447,2150580,1150629,483574,1,245022.24,34,1,245526.08,245957.01,237375.41,245499.77,237501.29
259,9,1418644,1980611,1158135,484644,1,237501.29,34,1,245022.24,245526.08,245957.01,237375.41,242602.06
259,10,1409257,1995228,1159757,540879,1,242602.06,34,1,237501.29,245022.24,245526.08,245957.01,244012.03
259,11,1418039,2141428,1132419,487415,1,244012.03,34,1,242602.06,237501.29,245022.24,245526.08,253274.96
259,12,1560164,2148384,1057914,498331,1,253274.96,34,1,244012.03,242602.06,237501.29,245022.24,247834.81
259,13,1529510,1989911,1056130,533825,1,247834.81,34,1,253274.96,244012.03,242602.06,237501.29,250974.08
259,14,1437287,2177840,1151751,530376,1,250974.08,34,1,247834.81,253274.96,244012.03,242602.06,244339.14
259,15,1402319,2145216,1153270,496784,1,244339.14,34,1,250974.08,247834.81,253274.96,244012.03,241437.04
259,16,1402336,1996011,1136966,536727,1,241437.04,34,1,244339.14,250974.08,247834.81,253274.96,252525.72
259,17,1541773,2181745,1032808,492354,1,252525.72,34,1,241437.04,244339.14,250974.08,247834.81,249225.4
259,18,1423318,2151878,1154234,532608,1,249225.4,34,1,252525.72,241437.04,244339.14,250974.08,250202.67
259,19,1432959,2155676,1151822,535194,1,250202.67,34,1,249225.4,252525.72,241437.04,244339.14,245773.41
259,20,1426840,2155886,1146376,491374,1,245773.41,34,1,250202.67,249225.4,252525.72,241437.04,237163.67
259,21,1423089,1995556,1044081,491569,1,237163.67,34,1,245773.41,250202.67,249225.4,252525.72,247368.33
259,22,1543662,2013075,1132449,493831,1,247368.33,34,1,237163.67,245773.41,250202.67,249225.4,244833.46
259,23,1425345,2186287,1043979,486600,1,244833.46,34,1,247368.33,237163.67,245773.41,250202.67,242020.02
259,24,1416567,2001212,1133449,531193,1,242020.02,34,1,244833.46,247368.33,237163.67,245773.41,246586.54
259,25,1402183,2169862,1041495,530753,1,246586.54,34,1,242020.02,244833.46,247368.33,237163.67,246068.9
259,26,1437408,2161871,1145578,484426,1,246068.9,34,1,246586.54,242020.02,244833.46,247368.33,245948.14
259,27,1535148,1989732,1148644,492071,1,245948.14,34,1,246068.9,246586.54,242020.02,244833.46,245999.42
259,28,1555877,1952057,1136513,497416,1,245999.42,34,1,245948.14,246068.9,246586.54,242020.02,244565.29
259,29,1420574,2149334,1139704,486735,1,244565.29,34,1,245999.42,245948.14,246068.9,246586.54,237130.07
259,30,1408765,1984627,1131347,490650,1,237130.07,34,1,244565.29,245999.42,245948.14,246068.9,
260,1,1391484,1631436,734353,710129,46,234517.49,34,1,,,,,245233.51
260,2,1557146,1476372,671227,793269,46,245233.51,34,1,234517.49,,,,242603.23
260,3,1530847,1605212,735847,711498,50,242603.23,34,1,245233.51,234517.49,,,236567.85
260,4,1428624,1609999,739181,715228,45,236567.85,34,1,242603.23,245233.51,234517.49,,240978.02
260,5,1391029,1617306,741599,787318,49,240978.02,34,1,236567.85,242603.23,245233.51,234517.49,240054.45
260,6,1388940,1632008,674069,784079,45,240054.45,34,1,240978.02,236567.85,242603.23,245233.51,245352.2
260,7,1547191,1494496,683374,791126,45,245352.2,34,1,240054.45,240978.02,236567.85,242603.23,230637.35
260,8,1408757,1498459,665651,728855,45,230637.35,34,1,245352.2,240054.45,240978.02,236567.85,250859.92
260,9,1536368,1618656,746055,790992,49,250859.92,34,1,230637.35,245352.2,240054.45,240978.02,237248.06
260,10,1425909,1623101,676830,730008,50,237248.06,34,1,250859.92,230637.35,245352.2,240054.45,234700.97
260,11,1410126,1463782,682719,785893,45,234700.97,34,1,237248.06,250859.92,230637.35,245352.2,246934.39
260,12,1550089,1499383,730829,795671,45,246934.39,34,1,234700.97,237248.06,250859.92,230637.35,251914.84
260,13,1543783,1633170,727586,794004,45,251914.84,34,1,246934.39,234700.97,237248.06,250859.92,243052.84
260,14,1524197,1633878,680013,718160,45,243052.84,34,1,251914.84,246934.39,234700.97,237248.06,244958.44
260,15,1425198,1645367,738869,794391,45,244958.44,34,1,243052.84,251914.84,246934.39,234700.97,234532.59
260,16,1398346,1608882,739786,714830,45,234532.59,34,1,244958.44,243052.84,251914.84,246934.39,235185.3
260,17,1408567,1462455,726479,785022,45,235185.3,34,1,234532.59,244958.44,243052.84,251914.84,237105.43
260,18,1428489,1640251,728077,709287,45,237105.43,34,1,235185.3,234532.59,244958.44,243052.84,244643.55
260,19,1536614,1503366,679142,787525,49,244643.55,34,1,237105.43,235185.3,234532.59,244958.44,251626.79
260,20,1561979,1628169,664291,791588,45,251626.79,34,1,244643.55,237105.43,235185.3,234532.59,248944.74
260,21,1534456,1605748,668220,791302,49,248944.74,34,1,251626.79,244643.55,237105.43,235185.3,227150.06
260,22,1390074,1465405,668077,718488,50,227150.06,34,1,248944.74,251626.79,244643.55,237105.43,245341.27
260,23,1559456,1474513,662318,795284,50,245341.27,34,1,227150.06,248944.74,251626.79,244643.55,249309.41
260,24,1521283,1605818,730184,793491,45,249309.41,34,1,245341.27,227150.06,248944.74,251626.79,228790.28
260,25,1398861,1472895,743038,713223,50,228790.28,34,1,249309.41,245341.27,227150.06,248944.74,230662.1
260,26,1420730,1489440,726048,713696,44,230662.1,34,1,228790.28,249309.41,245341.27,227150.06,244703.54
260,27,1548263,1474521,743844,781399,45,244703.54,34,1,230662.1,228790.28,249309.41,245341.27,237034.89
260,28,1415848,1507465,669000,789913,44,237034.89,34,1,244703.54,230662.1,228790.28,249309.41,245296.56
260,29,1547502,1632931,742518,715327,50,245296.56,34,1,237034.89,244703.54,230662.1,228790.28,241588.11
260,30,1395230,1619563,744915,789418,45,241588.11,34,1,245296.56,237034.89,244703.54,230662.1,
261,1,1483414,2062452,786141,596737,49,249120.23,34,1,,,,,253946.79
261,2,1442203,2233440,786698,600520,45,253946.79,34,1,249120.23,,,,249253.05
261,3,1456713,2094626,802469,599516,45,249253.05,34,1,253946.79,249120.23,,,253261.95
261,4,1612091,2087694,790760,537638,45,253261.95,34,1,249253.05,253946.79,249120.23,,257008.25
261,5,1602144,2053254,865887,588592,49,257008.25,34,1,253261.95,249253.05,253946.79,249120.23,244286.99
261,6,1478715,2065788,785648,545065,49,244286.99,34,1,257008.25,253261.95,249253.05,253946.79,267069.29
261,7,1600804,2281908,874013,593644,49,267069.29,34,1,244286.99,257008.25,253261.95,249253.05,259694.34
261,8,1466485,2292284,869328,604459,45,259694.34,34,1,267069.29,244286.99,257008.25,253261.95,261674.64
261,9,1613134,2267041,783798,548306,45,261674.64,34,1,259694.34,267069.29,244286.99,257008.25,263426.58
261,10,1607525,2287988,876610,545135,45,263426.58,34,1,261674.64,259694.34,267069.29,244286.99,251739.7
261,11,1461280,2252964,860227,539876,49,251739.7,34,1,263426.58,261674.64,259694.34,267069.29,256785.58
261,12,1470314,2265575,794374,595491,50,256785.58,34,1,251739.7,263426.58,261674.64,259694.34,258425.61
261,13,1471045,2296270,797785,598302,49,258425.61,34,1,256785.58,251739.7,263426.58,261674.64,260618.27
261,14,1587236,2250834,866025,547730,45,260618.27,34,1,258425.61,256785.58,251739.7,263426.58,252101.69
261,15,1477040,2265978,789689,539395,44,252101.69,34,1,260618.27,258425.61,256785.58,251739.7,266286.28
261,16,1606361,2267096,871694,588255,50,266286.28,34,1,252101.69,260618.27,258425.61,256785.58,250008.5
261,17,1463027,2079448,869498,598166,49,250008.5,34,1,266286.28,252101.69,260618.27,258425.61,254197.69
261,18,1620038,2083297,796322,543321,49,254197.69,34,1,250008.5,266286.28,252101.69,260618.27,266444.38
261,19,1589928,2273674,865521,599902,45,266444.38,34,1,254197.69,250008.5,266286.28,252101.69,249367.14
261,20,1463430,2085728,793404,601725,49,249367.14,34,1,266444.38,254197.69,250008.5,266286.28,249345.43
261,21,1480953,2081259,780996,593223,49,249345.43,34,1,249367.14,266444.38,254197.69,250008.5,266555.95
261,22,1611449,2279759,791959,596260,45,266555.95,34,1,249345.43,249367.14,266444.38,254197.69,248115.31
261,23,1471070,2062382,800918,591805,49,248115.31,34,1,266555.95,249345.43,249367.14,266444.38,265321.46
261,24,1596718,2233083,853527,603571,46,265321.46,34,1,248115.31,266555.95,249345.43,249367.14,253832.34
261,25,1483208,2274449,787187,550680,45,253832.34,34,1,265321.46,248115.31,266555.95,249345.43,255257.52
261,26,1447107,2264274,778140,598791,49,255257.52,34,1,253832.34,265321.46,248115.31,266555.95,268289.77
261,27,1624740,2290423,787164,601858,49,268289.77,34,1,255257.52,253832.34,265321.46,248115.31,252341.52
261,28,1591392,2062122,861098,541341,45,252341.52,34,1,268289.77,255257.52,253832.34,265321.46,248315.36
261,29,1443074,2076450,861606,596560,50,248315.36,34,1,252341.52,268289.77,255257.52,253832.34,268782.9
261,30,1620645,2272591,871974,603075,49,268782.9,34,1,248315.36,252341.52,268289.77,255257.52,
262,1,1521066,2036362,890911,622485,47,254514.39,34,1,,,,,271607.93
262,2,1667987,2225329,876406,621477,46,271607.93,34,1,254514.39,,,,250658.38
262,3,1481577,2045008,822193,616631,46,250658.38,34,1,271607.93,254514.39,,,263386.41
262,4,1493709,2279341,889507,628156,42,263386.41,34,1,250658.38,271607.93,254514.39,,268556.33
262,5,1631084,2229386,820066,622560,41,268556.33,34,1,263386.41,250658.38,271607.93,254514.39,262433.02
262,6,1519017,2275390,814138,614965,42,262433.02,34,1,268556.33,263386.41,250658.38,271607.93,266552.13
262,7,1488631,2257057,819315,690027,47,266552.13,34,1,262433.02,268556.33,263386.41,250658.38,272004.92
262,8,1633569,2271828,886229,627272,46,272004.92,34,1,266552.13,262433.02,268556.33,263386.41,251829.4
262,9,1503215,2031340,802606,623975,42,251829.4,34,1,272004.92,266552.13,262433.02,268556.33,258933.84
262,10,1509969,2078051,811399,674642,42,258933.84,34,1,251829.4,272004.92,266552.13,262433.02,255667.58
262,11,1524768,2088472,820762,621245,46,255667.58,34,1,258933.84,251829.4,272004.92,266552.13,274640.63
262,12,1631648,2258975,803086,678998,42,274640.63,34,1,255667.58,258933.84,251829.4,272004.92,270432.84
262,13,1634634,2272938,813281,621858,46,270432.84,34,1,274640.63,255667.58,258933.84,251829.4,262373.23
262,14,1638241,2067577,811710,625377,46,262373.23,34,1,270432.84,274640.63,255667.58,258933.84,260708.85
262,15,1492285,2241202,890952,616900,46,260708.85,34,1,262373.23,270432.84,274640.63,255667.58,255866.38
262,16,1513349,2080761,879233,624571,47,255866.38,34,1,260708.85,262373.23,270432.84,274640.63,262235.67
262,17,1634845,2046278,889122,622054,46,262235.67,34,1,255866.38,260708.85,262373.23,270432.84,273712.25
262,18,1666586,2257798,875600,630915,45,273712.25,34,1,262235.67,255866.38,260708.85,262373.23,260440.86
262,19,1515171,2238555,797878,615678,42,260440.86,34,1,273712.25,262235.67,255866.38,260708.85,266055.32
262,20,1487589,2269384,803322,682475,42,266055.32,34,1,260440.86,273712.25,262235.67,255866.38,267404.26
262,21,1494874,2263047,881042,680961,46,267404.26,34,1,266055.32,260440.86,273712.25,262235.67,268097.6
262,22,1656588,2037597,820664,687929,46,268097.6,34,1,267404.26,266055.32,260440.86,273712.25,260476.14
262,23,1488303,2239527,879043,620129,46,260476.14,34,1,268097.6,267404.26,266055.32,260440.86,269390.31
262,24,1656988,2074722,880516,673856,46,269390.31,34,1,260476.14,268097.6,267404.26,266055.32,266502.26
262,25,1634546,2034294,810886,689402,41,266502.26,34,1,269390.31,260476.14,268097.6,267404.26,265675.3
262,26,1491911,2232316,877407,678827,46,265675.3,34,1,266502.26,269390.31,260476.14,268097.6,252318.96
262,27,1492412,2032176,877427,623136,46,252318.96,34,1,265675.3,266502.26,269390.31,260476.14,268286.02
262,28,1487313,2274987,895859,687937,46,268286.02,34,1,252318.96,265675.3,266502.26,269390.31,265877.15
262,29,1508935,2248790,814691,672632,41,265877.15,34,1,268286.02,252318.96,265675.3,266502.26,277201.67
262,30,1638351,2272164,899330,678920,42,277201.67,34,1,265877.15,268286.02,252318.96,265675.3,
263,1,1423559,1679190,846444,432198,44,215370.41,34,1,,,,,203402.6
263,2,1285598,1692483,843994,392937,45,203402.6,34,1,215370.41,,,,209414.8
263,3,1400483,1543341,919194,432461,40,209414.8,34,1,203402.6,215370.41,,,210608.52
263,4,1386055,1670982,906403,399227,44,210608.52,34,1,209414.8,203402.6,215370.41,,208799.54
263,5,1414484,1541978,840121,430615,45,208799.54,34,1,210608.52,209414.8,203402.6,215370.41,205242.82
263,6,1288858,1693201,908668,398882,41,205242.82,34,1,208799.54,210608.52,209414.8,203402.6,203058.28
263,7,1298383,1678263,821969,390543,40,203058.28,34,1,205242.82,208799.54,210608.52,209414.8,202515.27
263,8,1277008,1683059,833405,395576,41,202515.27,34,1,203058.28,205242.82,208799.54,210608.52,205086.19
263,9,1271515,1654366,915610,426348,40,205086.19,34,1,202515.27,203058.28,205242.82,208799.54,198480.12
263,10,1264371,1522946,837661,433360,40,198480.12,34,1,205086.19,202515.27,203058.28,205242.82,209553.9
263,11,1409750,1524887,918815,435966,40,209553.9,34,1,198480.12,205086.19,202515.27,203058.28,202585.75
263,12,1391185,1521626,821615,391273,41,202585.75,34,1,209553.9,198480.12,205086.19,202515.27,195760.12
263,13,1272615,1533951,825821,394326,44,195760.12,34,1,202585.75,209553.9,198480.12,205086.19,198773.84
263,14,1267278,1516194,847623,435836,44,198773.84,34,1,195760.12,202585.75,209553.9,198480.12,210243.33
263,15,1389656,1694349,831176,395475,41,210243.33,34,1,198773.84,195760.12,202585.75,209553.9,203461.31
263,16,1280500,1681263,912736,389922,45,203461.31,34,1,210243.33,198773.84,195760.12,202585.75,198762.88
263,17,1289045,1547197,925187,391559,44,198762.88,34,1,203461.31,210243.33,198773.84,195760.12,209167.68
263,18,1392891,1651069,844790,398799,44,209167.68,34,1,198762.88,203461.31,210243.33,198773.84,215504.12
263,19,1418240,1681616,901382,426363,45,215504.12,34,1,209167.68,198762.88,203461.31,210243.33,204185.41
263,20,1298397,1689007,828225,396909,41,204185.41,34,1,215504.12,209167.68,198762.88,203461.31,208232.73
263,21,1393488,1540629,911575,427026,41,208232.73,34,1,204185.41,215504.12,209167.68,198762.88,198024.61
263,22,1269367,1518613,833403,427503,40,198024.61,34,1,208232.73,204185.41,215504.12,209167.68,207558.27
263,23,1280777,1679793,911312,436094,44,207558.27,34,1,198024.61,208232.73,204185.41,215504.12,197121.75
263,24,1289377,1528432,830849,399017,45,197121.75,34,1,207558.27,198024.61,208232.73,204185.41,199016.08
263,25,1300208,1547682,904777,389839,44,199016.08,34,1,197121.75,207558.27,198024.61,208232.73,202644.04
263,26,1393279,1518125,839746,388732,41,202644.04,34,1,199016.08,197121.75,207558.27,198024.61,204324.94
263,27,1393060,1549088,824479,395953,45,204324.94,34,1,202644.04,199016.08,197121.75,207558.27,209818.11
263,28,1414701,1524601,925941,434164,45,209818.11,34,1,204324.94,202644.04,199016.08,197121.75,194919.99
263,29,1273001,1518838,823627,392137,45,194919.99,34,1,209818.11,204324.94,202644.04,199016.08,212014.84
263,30,1417181,1670693,908579,392185,45,212014.84,34,1,194919.99,209818.11,204324.94,202644.04,
264,1,1794930,1379171,708392,633859,8,242813.41,34,1,,,,,228704.05
264,2,1638772,1385879,711743,585927,8,228704.05,34,1,242813.41,,,,242642.96
264,3,1804409,1352949,694277,639884,8,242642.96,34,1,228704.05,242813.41,,,237761.74
264,4,1654165,1508400,632540,632943,8,237761.74,34,1,242642.96,228704.05,242813.41,,229451.62
264,5,1645996,1384930,706634,590394,9,229451.62,34,1,237761.74,242642.96,228704.05,242813.41,231218.94
264,6,1622740,1503620,692303,574302,8,231218.94,34,1,229451.62,237761.74,242642.96,228704.05,236273.09
264,7,1614148,1486928,696622,643470,8,236273.09,34,1,231218.94,229451.62,237761.74,242642.96,237325.56
264,8,1615556,1511505,709216,640440,8,237325.56,34,1,236273.09,231218.94,229451.62,237761.74,241382.81
264,9,1786408,1513611,637816,574668,8,241382.81,34,1,237325.56,236273.09,231218.94,229451.62,247659.97
264,10,1796267,1504137,634706,642144,8,247659.97,34,1,241382.81,237325.56,236273.09,231218.94,238245.69
264,11,1645130,1481814,707606,643443,8,238245.69,34,1,247659.97,241382.81,237325.56,236273.09,224264.92
264,12,1607659,1351731,700764,576897,8,224264.92,34,1,238245.69,247659.97,241382.81,237325.56,238468.7
264,13,1654573,1503706,633266,642531,9,238468.7,34,1,224264.92,238245.69,247659.97,241382.81,240736.88
264,14,1770655,1502753,643998,582733,9,240736.88,34,1,238468.7,224264.92,238245.69,247659.97,240804.82
264,15,1775008,1370282,637957,642866,8,240804.82,34,1,240736.88,238468.7,224264.92,238245.69,249162.01
264,16,1797921,1519048,693949,639899,8,249162.01,34,1,240804.82,240736.88,238468.7,224264.92,242811.86
264,17,1801853,1498606,650789,584002,9,242811.86,34,1,249162.01,240804.82,240736.88,238468.7,231041.48
264,18,1626464,1507395,633791,578574,8,231041.48,34,1,242811.86,249162.01,240804.82,240736.88,242589.49
264,19,1801208,1479887,700802,581560,9,242589.49,34,1,231041.48,242811.86,249162.01,240804.82,242294.45
264,20,1788064,1379822,633558,646378,9,242294.45,34,1,242589.49,231041.48,242811.86,249162.01,231118.81
264,21,1616158,1499289,641155,589254,8,231118.81,34,1,242294.45,242589.49,231041.48,242811.86,243343.08
264,22,1798293,1496183,704375,583806,9,243343.08,34,1,231118.81,242294.45,242589.49,231041.48,234073.14
264,23,1642802,1501630,704752,590184,8,234073.14,34,1,243343.08,231118.81,242294.45,242589.49,240550.76
264,24,1771184,1488731,638116,587861,9,240550.76,34,1,234073.14,243343.08,231118.81,242294.45,238406.6
264,25,1809859,1377935,635998,588034,8,238406.6,34,1,240550.76,234073.14,243343.08,231118.81,240763.26
264,26,1785484,1366936,649639,634297,8,240763.26,34,1,238406.6,240550.76,234073.14,243343.08,231212.48
264,27,1619007,1373640,645407,645712,9,231212.48,34,1,240763.26,238406.6,240550.76,234073.14,229038.28
264,28,1609539,1370703,638869,630962,9,229038.28,34,1,231212.48,240763.26,238406.6,240550.76,243060.53
264,29,1796496,1511743,703738,574868,9,243060.53,34,1,229038.28,231212.48,240763.26,238406.6,232511.09
264,30,1651085,1359453,695980,634414,8,232511.09,34,1,243060.53,229038.28,231212.48,240763.26,
265,1,1864069,1963747,833907,570835,33,268115.39,34,1,,,,,276898.14
265,2,1870052,2166478,822433,572036,35,276898.14,34,1,268115.39,,,,258834.81
265,3,1737309,2022585,841708,530341,33,258834.81,34,1,276898.14,268115.39,,,264842.46
265,4,1708486,2181587,919406,529801,36,264842.46,34,1,258834.81,276898.14,268115.39,,260060.94
265,5,1697729,1974433,896315,584751,33,260060.94,34,1,264842.46,258834.81,276898.14,268115.39,259443.77
265,6,1739242,2004559,902385,532995,36,259443.77,34,1,260060.94,264842.46,258834.81,276898.14,270283.46
265,7,1874252,1982099,824145,580829,33,270283.46,34,1,259443.77,260060.94,264842.46,258834.81,273482.09
265,8,1902023,1992459,912302,575461,35,273482.09,34,1,270283.46,259443.77,260060.94,264842.46,267670.17
265,9,1706131,2174776,830998,582123,35,267670.17,34,1,273482.09,270283.46,259443.77,260060.94,269904.03
265,10,1725404,2210279,834844,575881,36,269904.03,34,1,267670.17,273482.09,270283.46,259443.77,280630.24
265,11,1893009,2197892,828800,581195,36,280630.24,34,1,269904.03,267670.17,273482.09,270283.46,254161.97
265,12,1714793,1974044,818327,521473,33,254161.97,34,1,280630.24,269904.03,267670.17,273482.09,277834.09
265,13,1858588,2185983,821299,581822,33,277834.09,34,1,254161.97,280630.24,269904.03,267670.17,274426.36
265,14,1857043,2207717,896270,521405,33,274426.36,34,1,277834.09,254161.97,280630.24,269904.03,272263.55
265,15,1897050,1984116,906288,570490,33,272263.55,34,1,274426.36,277834.09,254161.97,280630.24,267549.79
265,16,1707007,2181287,840560,575396,36,267549.79,34,1,272263.55,274426.36,277834.09,254161.97,279876.14
265,17,1901262,2149680,920607,572518,33,279876.14,34,1,267549.79,272263.55,274426.36,277834.09,257018.45
265,18,1723822,2010334,830803,527557,36,257018.45,34,1,279876.14,267549.79,272263.55,274426.36,263255.54
265,19,1709709,2157912,906505,524653,35,263255.54,34,1,257018.45,279876.14,267549.79,272263.55,265704.27
265,20,1740475,2156470,908384,530021,33,265704.27,34,1,263255.54,257018.45,279876.14,267549.79,267138.0
265,21,1873956,1992673,903118,526866,33,267138.0,34,1,265704.27,263255.54,257018.45,279876.14,269656.29
265,22,1739402,2156554,905602,575082,33,269656.29,34,1,267138.0,265704.27,263255.54,257018.45,280370.06
265,23,1897405,2194868,831917,575984,36,280370.06,34,1,269656.29,267138.0,265704.27,263255.54,262777.47
265,24,1707221,2018023,909756,585392,35,262777.47,34,1,280370.06,269656.29,267138.0,265704.27,273536.03
265,25,1899358,2021933,830807,579172,32,273536.03,34,1,262777.47,280370.06,269656.29,267138.0,258991.97
265,26,1739528,2013024,913130,521897,36,258991.97,34,1,273536.03,262777.47,280370.06,269656.29,271990.55
265,27,1862634,2013751,908001,578150,33,271990.55,34,1,258991.97,273536.03,262777.47,280370.06,260763.0
265,28,1709419,1974353,915738,580630,33,260763.0,34,1,271990.55,258991.97,273536.03,262777.47,273229.41
265,29,1896859,2012600,837508,580669,35,273229.41,34,1,260763.0,271990.55,258991.97,273536.03,271351.38
265,30,1895901,1974176,822839,581021,33,271351.38,34,1,273229.41,260763.0,271990.55,258991.97,
266,1,1578064,1419934,696278,756537,47,241329.38,34,1,,,,,229767.45
266,2,1464682,1441874,710860,697004,43,229767.45,34,1,241329.38,,,,228081.45
266,3,1466885,1428147,647476,694639,46,228081.45,34,1,229767.45,241329.38,,,229657.36
266,4,1465501,1442845,707612,695338,42,229657.36,34,1,228081.45,229767.45,241329.38,,241814.69
266,5,1596885,1411528,644090,761806,43,241814.69,34,1,229657.36,228081.45,229767.45,241329.38,233620.6
266,6,1448157,1442326,638751,764538,46,233620.6,34,1,241814.69,229657.36,228081.45,229767.45,233120.66
266,7,1447844,1430545,704293,752738,42,233120.66,34,1,233620.6,241814.69,229657.36,228081.45,240600.66
266,8,1577942,1537214,707225,692190,43,240600.66,34,1,233120.66,233620.6,241814.69,229657.36,243732.09
266,9,1591434,1440507,693779,764490,46,243732.09,34,1,240600.66,233120.66,233620.6,241814.69,235625.71
266,10,1586360,1415872,696903,689104,43,235625.71,34,1,243732.09,240600.66,233120.66,233620.6,232864.02
266,11,1459871,1431011,646107,751632,47,232864.02,34,1,235625.71,243732.09,240600.66,233120.66,238294.14
266,12,1450728,1551584,636119,764345,47,238294.14,34,1,232864.02,235625.71,243732.09,240600.66,240133.29
266,13,1576420,1549224,691829,685341,43,240133.29,34,1,238294.14,232864.02,235625.71,243732.09,240055.81
266,14,1450979,1563227,693390,767863,46,240055.81,34,1,240133.29,238294.14,232864.02,235625.71,247550.11
266,15,1599925,1547886,701564,749529,46,247550.11,34,1,240055.81,240133.29,238294.14,232864.02,242735.07
266,16,1603271,1416211,704125,754307,43,242735.07,34,1,247550.11,240055.81,240133.29,238294.14,234533.7
266,17,1583989,1428154,634314,684417,42,234533.7,34,1,242735.07,247550.11,240055.81,240133.29,234268.66
266,18,1566761,1445914,637234,685096,42,234268.66,34,1,234533.7,242735.07,247550.11,240055.81,232727.56
266,19,1432564,1438852,703902,755581,43,232727.56,34,1,234268.66,234533.7,242735.07,247550.11,246154.71
266,20,1567506,1563706,699872,750338,42,246154.71,34,1,232727.56,234268.66,234533.7,242735.07,232934.28
266,21,1439477,1572141,646085,701655,46,232934.28,34,1,246154.71,232727.56,234268.66,234533.7,231158.92
266,22,1429463,1438836,637566,752512,46,231158.92,34,1,232934.28,246154.71,232727.56,234268.66,243611.59
266,23,1606098,1423119,706249,758405,43,243611.59,34,1,231158.92,232934.28,246154.71,232727.56,232238.98
266,24,1448264,1548104,709983,687129,42,232238.98,34,1,243611.59,231158.92,232934.28,246154.71,234570.01
266,25,1466760,1445959,646033,758687,43,234570.01,34,1,232238.98,243611.59,231158.92,232934.28,241696.36
266,26,1567868,1576825,701230,694313,42,241696.36,34,1,234570.01,232238.98,243611.59,231158.92,243344.57
266,27,1592918,1435188,692890,761758,43,243344.57,34,1,241696.36,234570.01,232238.98,243611.59,249645.65
266,28,1603850,1551437,707374,767239,46,249645.65,34,1,243344.57,241696.36,234570.01,232238.98,237642.41
266,29,1449136,1540493,634600,763682,46,237642.41,34,1,249645.65,243344.57,241696.36,234570.01,243954.08
266,30,1603627,1443878,691390,757066,42,243954.08,34,1,237642.41,249645.65,243344.57,241696.36,
267,1,2022145,1822049,1052376,296034,18,251245.37,34,1,,,,,239053.74
267,2,1832284,1828370,1026995,299009,17,239053.74,34,1,251245.37,,,,249762.56
267,3,2012588,1694705,1143141,328946,17,249762.56,34,1,239053.74,251245.37,,,236572.5
267,4,1848536,1674022,1052461,326718,18,236572.5,34,1,249762.56,239053.74,251245.37,,244559.91
267,5,2004803,1681034,1048378,300464,17,244559.91,34,1,236572.5,249762.56,239053.74,251245.37,247941.05
267,6,2019587,1691415,1049997,322221,18,247941.05,34,1,244559.91,236572.5,249762.56,239053.74,236751.35
267,7,1857898,1675814,1045894,322340,17,236751.35,34,1,247941.05,244559.91,236572.5,249762.56,246449.68
267,8,2029889,1696656,1034879,298606,18,246449.68,34,1,236751.35,247941.05,244559.91,236572.5,249481.77
267,9,2019759,1690447,1135039,324129,17,249481.77,34,1,246449.68,236751.35,247941.05,244559.91,248633.67
267,10,1996906,1697857,1137078,327344,17,248633.67,34,1,249481.77,246449.68,236751.35,247941.05,236896.41
267,11,1850620,1707899,1146627,295944,17,236896.41,34,1,248633.67,249481.77,246449.68,236751.35,251352.04
267,12,2046595,1691549,1145567,323149,17,251352.04,34,1,236896.41,248633.67,249481.77,246449.68,238502.74
267,13,1864743,1701492,1052496,323734,17,238502.74,34,1,251352.04,236896.41,248633.67,249481.77,253991.0
267,14,2002271,1860939,1038190,325322,18,253991.0,34,1,238502.74,251352.04,236896.41,248633.67,246655.75
267,15,1877995,1868450,1054895,326781,19,246655.75,34,1,253991.0,238502.74,251352.04,236896.41,257763.47
267,16,2033844,1869317,1122244,325255,17,257763.47,34,1,246655.75,253991.0,238502.74,251352.04,247119.89
267,17,2033633,1705886,1049250,296451,16,247119.89,34,1,257763.47,246655.75,253991.0,238502.74,244269.34
267,18,1876373,1841681,1142238,297972,19,244269.34,34,1,247119.89,257763.47,246655.75,253991.0,237310.81
267,19,1849569,1700742,1046078,322940,18,237310.81,34,1,244269.34,247119.89,257763.47,246655.75,253380.83
267,20,2002337,1834721,1052935,327974,18,253380.83,34,1,237310.81,244269.34,247119.89,257763.47,235924.32
267,21,1829127,1699980,1034071,324802,17,235924.32,34,1,253380.83,237310.81,244269.34,247119.89,237001.52
267,22,1826979,1685180,1130152,327636,17,237001.52,34,1,235924.32,253380.83,237310.81,244269.34,256396.7
267,23,2047882,1862512,1137397,300402,17,256396.7,34,1,237001.52,235924.32,253380.83,237310.81,241068.15
267,24,1831534,1865040,1047882,301079,17,241068.15,34,1,256396.7,237001.52,235924.32,253380.83,256610.86
267,25,2022603,1857927,1122955,325704,17,256610.86,34,1,241068.15,256396.7,237001.52,235924.32,238965.93
267,26,1859257,1691275,1132844,322901,18,238965.93,34,1,256610.86,241068.15,256396.7,237001.52,247290.91
267,27,2016479,1708016,1130574,294862,18,247290.91,34,1,238965.93,256610.86,241068.15,256396.7,241468.86
267,28,1829670,1817749,1044554,329390,17,241468.86,34,1,247290.91,238965.93,256610.86,241068.15,235618.23
267,29,1854760,1674998,1136490,295893,18,235618.23,34,1,241468.86,247290.91,238965.93,256610.86,233506.03
267,30,1823549,1662265,1153817,297650,17,233506.03,34,1,235618.23,241468.86,247290.91,238965.93,
268,1,1600454,1792731,791565,282184,52,217153.07,34,1,,,,,216552.93
268,2,1611028,1809114,805446,257806,51,216552.93,34,1,217153.07,,,,206105.7
268,3,1572555,1619351,800495,258481,51,206105.7,34,1,216552.93,217153.07,,,216909.19
268,4,1759179,1616269,727080,258954,48,216909.19,34,1,206105.7,216552.93,217153.07,,226389.01
268,5,1742602,1806182,722113,288859,47,226389.01,34,1,216909.19,206105.7,216552.93,217153.07,221207.64
268,6,1720028,1770370,724874,263728,47,221207.64,34,1,226389.01,216909.19,206105.7,216552.93,215931.03
268,7,1720235,1658719,725932,256632,47,215931.03,34,1,221207.64,226389.01,216909.19,206105.7,210788.15
268,8,1611457,1645659,735167,282155,51,210788.15,34,1,215931.03,221207.64,226389.01,216909.19,221366.78
268,9,1758559,1631607,806027,287322,51,221366.78,34,1,210788.15,215931.03,221207.64,226389.01,208191.95
268,10,1601427,1640105,727936,264469,51,208191.95,34,1,221366.78,210788.15,215931.03,221207.64,217985.06
268,11,1592250,1807362,803410,288366,51,217985.06,34,1,208191.95,221366.78,210788.15,215931.03,216669.71
268,12,1741609,1634188,729251,260221,51,216669.71,34,1,217985.06,208191.95,221366.78,210788.15,226360.02
268,13,1737308,1812787,730509,287745,51,226360.02,34,1,216669.71,217985.06,208191.95,221366.78,223074.33
268,14,1741662,1789450,731203,258879,47,223074.33,34,1,226360.02,216669.71,217985.06,208191.95,223474.34
268,15,1752689,1771479,733936,263221,47,223474.34,34,1,223074.33,226360.02,216669.71,217985.06,218304.55
268,16,1723244,1619854,785476,287949,47,218304.55,34,1,223474.34,223074.33,226360.02,216669.71,218171.59
268,17,1724095,1641368,718622,288072,51,218171.59,34,1,218304.55,223474.34,223074.33,226360.02,220259.48
268,18,1748881,1651163,728729,287031,47,220259.48,34,1,218171.59,218304.55,223474.34,223074.33,207429.74
268,19,1587365,1643404,727750,264633,48,207429.74,34,1,220259.48,218171.59,218304.55,223474.34,218723.05
268,20,1736499,1614192,787036,285396,52,218723.05,34,1,207429.74,220259.48,218171.59,218304.55,221440.82
268,21,1716189,1784574,738718,259965,47,221440.82,34,1,218723.05,207429.74,220259.48,218171.59,226610.64
268,22,1739395,1795594,793240,285557,52,226610.64,34,1,221440.82,218723.05,207429.74,220259.48,209422.16
268,23,1590892,1629777,739545,288360,46,209422.16,34,1,226610.64,221440.82,218723.05,207429.74,225916.49
268,24,1726476,1794646,793472,287544,51,225916.49,34,1,209422.16,226610.64,221440.82,218723.05,218850.17
268,25,1736359,1632828,729551,288748,51,218850.17,34,1,225916.49,209422.16,226610.64,221440.82,218006.84
268,26,1734966,1638401,803084,264409,52,218006.84,34,1,218850.17,225916.49,209422.16,226610.64,211632.5
268,27,1567457,1787896,731746,257840,46,211632.5,34,1,218006.84,218850.17,225916.49,209422.16,220630.07
268,28,1744250,1647239,795132,284183,47,220630.07,34,1,211632.5,218006.84,218850.17,225916.49,208826.51
268,29,1582085,1647296,719879,283548,47,208826.51,34,1,220630.07,211632.5,218006.84,218850.17,207295.19
268,30,1594850,1610870,792694,260998,52,207295.19,34,1,208826.51,220630.07,211632.5,218006.84,
269,1,1230608,1322532,771603,542427,39,196663.48,34,1,,,,,200636.4
269,2,1252738,1443729,848521,500369,42,200636.4,34,1,196663.48,,,,191922.8
269,3,1144937,1449776,767585,493186,39,191922.8,34,1,200636.4,196663.48,,,197727.6
269,4,1237711,1332851,778651,543049,42,197727.6,34,1,191922.8,200636.4,196663.48,,199949.86
269,5,1245367,1456666,846104,492502,39,199949.86,34,1,197727.6,191922.8,200636.4,196663.48,185171.35
269,6,1129166,1309931,766930,494602,39,185171.35,34,1,199949.86,197727.6,191922.8,200636.4,193001.6
269,7,1125378,1457178,835608,503371,42,193001.6,34,1,185171.35,199949.86,197727.6,191922.8,196725.8
269,8,1134308,1447816,845029,540869,43,196725.8,34,1,193001.6,185171.35,199949.86,197727.6,194236.3
269,9,1235186,1329599,847135,495173,43,194236.3,34,1,196725.8,193001.6,185171.35,199949.86,197268.6
269,10,1135414,1452191,838489,545257,43,197268.6,34,1,194236.3,196725.8,193001.6,185171.35,193628.96
269,11,1144706,1430062,846222,507074,39,193628.96,34,1,197268.6,194236.3,196725.8,193001.6,199555.97
269,12,1245876,1451314,834762,492317,39,199555.97,34,1,193628.96,197268.6,194236.3,196725.8,204731.26
269,13,1239580,1454840,854314,549024,43,204731.26,34,1,199555.97,193628.96,197268.6,194236.3,196743.36
269,14,1245761,1295141,775116,544474,42,196743.36,34,1,204731.26,199555.97,193628.96,197268.6,194078.6
269,15,1249421,1295814,841384,499902,43,194078.6,34,1,196743.36,204731.26,199555.97,193628.96,192435.66
269,16,1143566,1333421,761706,554860,43,192435.66,34,1,194078.6,196743.36,204731.26,199555.97,191428.92
269,17,1147687,1426413,771318,495877,43,191428.92,34,1,192435.66,194078.6,196743.36,204731.26,193700.08
269,18,1250669,1310148,761163,502787,43,193700.08,34,1,191428.92,192435.66,194078.6,196743.36,191830.93
269,19,1145097,1332780,781600,543726,42,191830.93,34,1,193700.08,191428.92,192435.66,194078.6,192191.77
269,20,1127965,1428469,857368,501877,39,192191.77,34,1,191830.93,193700.08,191428.92,192435.66,191533.85
269,21,1151394,1308659,765768,549977,39,191533.85,34,1,192191.77,191830.93,193700.08,191428.92,203267.74
269,22,1251618,1452112,762864,542084,39,203267.74,34,1,191533.85,192191.77,191830.93,193700.08,186292.01
269,23,1127771,1298231,848730,498539,42,186292.01,34,1,203267.74,191533.85,192191.77,191830.93,195055.02
269,24,1256236,1312362,836458,499058,43,195055.02,34,1,186292.01,203267.74,191533.85,192191.77,204453.18
269,25,1258211,1425498,847984,547310,39,204453.18,34,1,195055.02,186292.01,203267.74,191533.85,195010.33
269,26,1128043,1436701,771250,544957,39,195010.33,34,1,204453.18,195055.02,186292.01,203267.74,190548.78
269,27,1129803,1427516,768594,498957,43,190548.78,34,1,195010.33,204453.18,195055.02,186292.01,195277.48
269,28,1256510,1328765,844898,492191,39,195277.48,34,1,190548.78,195010.33,204453.18,195055.02,198100.29
269,29,1147744,1433715,844604,553072,39,198100.29,34,1,195277.48,190548.78,195010.33,204453.18,204806.26
269,30,1256313,1428942,857828,549193,43,204806.26,34,1,198100.29,195277.48,190548.78,195010.33,
270,1,1077617,1903608,747268,526776,30,209225.41,34,1,,,,,224229.49
270,2,1157793,2111121,763617,536347,32,224229.49,34,1,209225.41,,,,220990.15
270,3,1070437,2071558,768275,580709,29,220990.15,34,1,224229.49,209225.41,,,217670.91
270,4,1176246,1903456,839472,532796,30,217670.91,34,1,220990.15,224229.49,209225.41,,216843.28
270,5,1177270,1898158,830569,526959,32,216843.28,34,1,217670.91,220990.15,224229.49,209225.41,224180.05
270,6,1087974,2111424,756718,587097,33,224180.05,34,1,216843.28,217670.91,220990.15,224229.49,225639.72
270,7,1158673,2113176,820294,540070,30,225639.72,34,1,224180.05,216843.28,217670.91,220990.15,221732.26
270,8,1175574,1926314,760382,582136,29,221732.26,34,1,225639.72,224180.05,216843.28,217670.91,221835.31
270,9,1176726,1910025,826591,577928,32,221835.31,34,1,221732.26,225639.72,224180.05,216843.28,223403.12
270,10,1174361,2057491,832035,527666,30,223403.12,34,1,221835.31,221732.26,225639.72,224180.05,210712.01
270,11,1084769,1880980,820917,535179,33,210712.01,34,1,223403.12,221835.31,221732.26,225639.72,216110.98
270,12,1070123,1929940,828047,581581,30,216110.98,34,1,210712.01,223403.12,221835.31,221732.26,220095.56
270,13,1083008,2109907,831730,532405,33,220095.56,34,1,216110.98,210712.01,223403.12,221835.31,210089.61
270,14,1060873,1923572,825759,524831,30,210089.61,34,1,220095.56,216110.98,210712.01,223403.12,230419.05
270,15,1178070,2096303,832938,584636,33,230419.05,34,1,210089.61,220095.56,216110.98,210712.01,229509.45
270,16,1165489,2088828,827801,587994,33,229509.45,34,1,230419.05,210089.61,220095.56,216110.98,228900.94
270,17,1186312,2097911,756904,574995,32,228900.94,34,1,229509.45,230419.05,210089.61,220095.56,228435.96
270,18,1187541,2069774,758490,581708,33,228435.96,34,1,228900.94,229509.45,230419.05,210089.61,210492.45
270,19,1088679,1894927,747151,536920,30,210492.45,34,1,228435.96,228900.94,229509.45,230419.05,217448.19
270,20,1173690,1918090,765684,538831,30,217448.19,34,1,210492.45,228435.96,228900.94,229509.45,208915.16
270,21,1057746,1891909,757368,541196,33,208915.16,34,1,217448.19,210492.45,228435.96,228900.94,228732.7
270,22,1172742,2089771,757166,586607,33,228732.7,34,1,208915.16,217448.19,210492.45,228435.96,217801.77
270,23,1086969,2081507,767032,529082,33,217801.77,34,1,228732.7,208915.16,217448.19,210492.45,221149.38
270,24,1162107,1897951,841196,583764,32,221149.38,34,1,217801.77,228732.7,208915.16,217448.19,223896.19
270,25,1168493,2109474,766501,525201,30,223896.19,34,1,221149.38,217801.77,228732.7,208915.16,217156.1
270,26,1087648,1925601,831592,581940,29,217156.1,34,1,223896.19,221149.38,217801.77,228732.7,217021.59
270,27,1174668,1924851,756258,531978,33,217021.59,34,1,217156.1,223896.19,221149.38,217801.77,232227.93
270,28,1189223,2111764,822699,591377,33,232227.93,34,1,217021.59,217156.1,223896.19,221149.38,210647.73
270,29,1088820,1891403,759088,537998,30,210647.73,34,1,232227.93,217021.59,217156.1,223896.19,219300.4
270,30,1190061,1929542,821100,532192,30,219300.4,34,1,210647.73,232227.93,217021.59,217156.1,
271,1,1588768,2080518,707753,779799,6,271919.99,34,1,,,,,265837.04
271,2,1564725,1856962,706527,833482,5,265837.04,34,1,271919.99,,,,265986.78
271,3,1470552,2030261,638557,834887,6,265986.78,34,1,265837.04,271919.99,,,266857.32
271,4,1462586,2042505,705555,832378,5,266857.32,34,1,265986.78,265837.04,271919.99,,267865.52
271,5,1456698,2047018,702346,846281,6,267865.52,34,1,266857.32,265986.78,265837.04,271919.99,260067.78
271,6,1463107,1870160,644935,847658,5,260067.78,34,1,267865.52,266857.32,265986.78,265837.04,262195.43
271,7,1591921,1888639,642763,770494,6,262195.43,34,1,260067.78,267865.52,266857.32,265986.78,268810.13
271,8,1463135,2083141,645037,845831,6,268810.13,34,1,262195.43,260067.78,267865.52,266857.32,276860.36
271,9,1597581,2044582,705829,845254,6,276860.36,34,1,268810.13,262195.43,260067.78,267865.52,269119.23
271,10,1569222,2043550,703640,780679,5,269119.23,34,1,276860.36,268810.13,262195.43,260067.78,267966.86
271,11,1468826,2058145,650357,843007,6,267966.86,34,1,269119.23,276860.36,268810.13,262195.43,257872.43
271,12,1432724,1868482,638195,847158,6,257872.43,34,1,267966.86,269119.23,276860.36,268810.13,269443.43
271,13,1588867,1900369,637265,848624,5,269443.43,34,1,257872.43,267966.86,269119.23,276860.36,262794.38
271,14,1467680,2076515,701467,768644,6,262794.38,34,1,269443.43,257872.43,267966.86,269119.23,260875.79
271,15,1456902,2051866,709802,765023,6,260875.79,34,1,262794.38,269443.43,257872.43,267966.86,260486.36
271,16,1460531,1899591,643379,840792,5,260486.36,34,1,260875.79,262794.38,269443.43,257872.43,276046.29
271,17,1580759,2072956,646169,846041,6,276046.29,34,1,260486.36,260875.79,262794.38,269443.43,266286.72
271,18,1437991,2060380,698909,836653,6,266286.72,34,1,276046.29,260486.36,260875.79,262794.38,263355.34
271,19,1471592,1905971,710862,849394,6,263355.34,34,1,266286.72,276046.29,260486.36,260875.79,275979.01
271,20,1586767,2057068,635974,850200,6,275979.01,34,1,263355.34,266286.72,276046.29,260486.36,261535.99
271,21,1472959,1868811,712734,845123,5,261535.99,34,1,275979.01,263355.34,266286.72,276046.29,268168.01
271,22,1600628,2036400,646278,761328,6,268168.01,34,1,261535.99,275979.01,263355.34,266286.72,266670.23
271,23,1438342,2068434,701031,836533,6,266670.23,34,1,268168.01,261535.99,275979.01,263355.34,251900.25
271,24,1457399,1861405,648066,764682,6,251900.25,34,1,266670.23,268168.01,261535.99,275979.01,269271.59
271,25,1608110,1864447,712386,835845,5,269271.59,34,1,251900.25,266670.23,268168.01,261535.99,267892.91
271,26,1579164,2051711,642081,767374,5,267892.91,34,1,269271.59,251900.25,266670.23,268168.01,269991.82
271,27,1599799,2068359,651466,766387,6,269991.82,34,1,267892.91,269271.59,251900.25,266670.23,260923.15
271,28,1463432,1858573,708833,850632,5,260923.15,34,1,269991.82,267892.91,269271.59,251900.25,258064.24
271,29,1439198,1865482,699073,834926,5,258064.24,34,1,260923.15,269991.82,267892.91,269271.59,262463.84
271,30,1585968,1859548,706484,779618,6,262463.84,34,1,258064.24,260923.15,269991.82,267892.91,
272,1,2039389,1787981,726026,686576,1,280792.52,34,1,,,,,281639.6
272,2,1877716,1920783,707144,754054,1,281639.6,34,1,280792.52,,,,285710.21
272,3,2054833,1757488,723446,744610,1,285710.21,34,1,281639.6,280792.52,,,294419.49
272,4,2040739,1951916,774675,751848,1,294419.49,34,1,285710.21,281639.6,280792.52,,280971.01
272,5,1877989,1931424,722442,738723,1,280971.01,34,1,294419.49,285710.21,281639.6,280792.52,289391.5
272,6,2019288,1909138,719115,741471,1,289391.5,34,1,280971.01,294419.49,285710.21,281639.6,279487.61
272,7,2048684,1743351,785802,675217,1,279487.61,34,1,289391.5,280971.01,294419.49,285710.21,289754.29
272,8,2040929,1963339,793934,691176,1,289754.29,34,1,279487.61,289391.5,280971.01,294419.49,273990.91
272,9,1865503,1772787,707685,746524,1,273990.91,34,1,289754.29,279487.61,289391.5,280971.01,269636.68
272,10,1872128,1784440,711806,687328,1,269636.68,34,1,273990.91,289754.29,279487.61,289391.5,285540.62
272,11,2025429,1762181,785908,750302,1,285540.62,34,1,269636.68,273990.91,289754.29,279487.61,293837.53
272,12,2054093,1945970,728107,747042,1,293837.53,34,1,285540.62,269636.68,273990.91,289754.29,280226.72
272,13,1866372,1926168,714411,742720,1,280226.72,34,1,293837.53,285540.62,269636.68,273990.91,273103.55
272,14,1839955,1929790,706565,682474,1,273103.55,34,1,280226.72,293837.53,285540.62,269636.68,283792.34
272,15,2005364,1759643,786739,746363,1,283792.34,34,1,273103.55,280226.72,293837.53,285540.62,270186.86
272,16,1872999,1761786,785554,689860,1,270186.86,34,1,283792.34,273103.55,280226.72,293837.53,277689.81
272,17,1869941,1962408,776448,683917,1,277689.81,34,1,270186.86,283792.34,273103.55,280226.72,295734.13
272,18,2054302,1952021,780524,755562,1,295734.13,34,1,277689.81,270186.86,283792.34,273103.55,268485.94
272,19,1861449,1762396,718932,691163,1,268485.94,34,1,295734.13,277689.81,270186.86,283792.34,280539.2
272,20,1833876,1945004,782391,748418,1,280539.2,34,1,268485.94,295734.13,277689.81,270186.86,278131.49
272,21,2007644,1778672,716274,685979,1,278131.49,34,1,280539.2,268485.94,295734.13,277689.81,274383.39
272,22,1860165,1760123,787826,745974,1,274383.39,34,1,278131.49,280539.2,268485.94,295734.13,267360.62
272,23,1856006,1777260,719316,675637,1,267360.62,34,1,274383.39,278131.49,280539.2,268485.94,274598.2
272,24,1862966,1779329,792488,736590,1,274598.2,34,1,267360.62,274383.39,278131.49,280539.2,267086.18
272,25,1859250,1771034,727431,671669,1,267086.18,34,1,274598.2,267360.62,274383.39,278131.49,266790.48
272,26,1844820,1767121,778276,671307,1,266790.48,34,1,267086.18,274598.2,267360.62,274383.39,295235.7
272,27,2049792,1950390,778471,754407,1,295235.7,34,1,266790.48,267086.18,274598.2,267360.62,269797.63
272,28,1879906,1792116,711505,680019,1,269797.63,34,1,295235.7,266790.48,267086.18,274598.2,285023.51
272,29,2001013,1792813,785770,747943,1,285023.51,34,1,269797.63,295235.7,266790.48,267086.18,275675.5
272,30,1864995,1773435,795688,749226,1,275675.5,34,1,285023.51,269797.63,295235.7,266790.48,
273,1,1640139,1700455,1017973,601219,27,248359.01,34,1,,,,,236038.85
273,2,1508914,1580643,1105165,598567,29,236038.85,34,1,248359.01,,,,238893.19
273,3,1477944,1694855,1113456,598026,27,238893.19,34,1,236038.85,248359.01,,,242168.59
273,4,1638889,1560716,1002325,601099,30,242168.59,34,1,238893.19,236038.85,248359.01,,236177.77
273,5,1523147,1573984,1117150,590782,27,236177.77,34,1,242168.59,238893.19,236038.85,248359.01,247130.42
273,6,1621133,1694780,1097813,589333,27,247130.42,34,1,236177.77,242168.59,238893.19,236038.85,239973.14
273,7,1522107,1547936,1103663,648147,27,239973.14,34,1,247130.42,236177.77,242168.59,238893.19,252807.27
273,8,1662604,1689975,1001271,642295,30,252807.27,34,1,239973.14,247130.42,236177.77,242168.59,252977.78
273,9,1626846,1697392,1103150,647881,27,252977.78,34,1,252807.27,239973.14,247130.42,236177.77,247277.55
273,10,1619752,1698185,1023935,603842,30,247277.55,34,1,252977.78,252807.27,239973.14,247130.42,245921.63
273,11,1516796,1692009,1096894,652371,29,245921.63,34,1,247277.55,252977.78,252807.27,239973.14,235165.73
273,12,1481044,1539553,1019827,643523,27,235165.73,34,1,245921.63,247277.55,252977.78,252807.27,240239.74
273,13,1509742,1555284,1102870,656725,30,240239.74,34,1,235165.73,245921.63,247277.55,252977.78,241845.69
273,14,1635697,1562649,1006597,598142,27,241845.69,34,1,240239.74,235165.73,245921.63,247277.55,239897.31
273,15,1495225,1707477,1094067,594423,27,239897.31,34,1,241845.69,240239.74,235165.73,245921.63,235084.42
273,16,1492759,1585585,1103176,597667,29,235084.42,34,1,239897.31,241845.69,240239.74,235165.73,249903.41
273,17,1656603,1549403,1105995,660481,29,249903.41,34,1,235084.42,239897.31,241845.69,240239.74,235501.49
273,18,1479374,1541682,1013461,648620,27,235501.49,34,1,249903.41,235084.42,239897.31,241845.69,238055.03
273,19,1510973,1556243,996837,650501,29,238055.03,34,1,235501.49,249903.41,235084.42,239897.31,242873.3
273,20,1642704,1540343,1109268,596124,27,242873.3,34,1,238055.03,235501.49,249903.41,235084.42,247958.0
273,21,1650689,1582930,1012755,644616,29,247958.0,34,1,242873.3,238055.03,235501.49,249903.41,240500.09
273,22,1508174,1584815,1115220,644800,29,240500.09,34,1,247958.0,242873.3,238055.03,235501.49,247924.43
273,23,1636756,1727613,996968,590072,27,247924.43,34,1,240500.09,247958.0,242873.3,238055.03,246890.77
273,24,1635266,1557671,998289,658213,29,246890.77,34,1,247924.43,240500.09,247958.0,242873.3,233481.65
273,25,1504246,1540650,1114556,590396,27,233481.65,34,1,246890.77,247924.43,240500.09,247958.0,233450.61
273,26,1483328,1556124,1110775,598603,27,233450.61,34,1,233481.65,246890.77,247924.43,240500.09,252826.18
273,27,1632049,1689473,1089513,648617,27,252826.18,34,1,233450.61,233481.65,246890.77,247924.43,247367.52
273,28,1635420,1587422,1018326,645948,27,247367.52,34,1,252826.18,233450.61,233481.65,246890.77,245472.74
273,29,1498123,1697803,1097058,658099,29,245472.74,34,1,247367.52,252826.18,233450.61,233481.65,248457.96
273,30,1660655,1561017,1000578,655374,29,248457.96,34,1,245472.74,247367.52,252826.18,233450.61,
274,1,1698218,1965985,972400,859976,29,285810.8,34,1,,,,,286171.2
274,2,1697145,1961067,964825,868404,29,286171.2,34,1,285810.8,,,,259090.94
274,3,1532543,1797427,871342,779330,29,259090.94,34,1,286171.2,285810.8,,,267433.94
274,4,1516421,1948149,970456,795496,28,267433.94,34,1,259090.94,286171.2,285810.8,,266609.85
274,5,1519231,1974844,877321,788942,28,266609.85,34,1,267433.94,259090.94,286171.2,285810.8,271642.05
274,6,1666991,1807913,964745,799980,29,271642.05,34,1,266609.85,267433.94,259090.94,286171.2,269689.26
274,7,1681805,1789424,945707,779720,29,269689.26,34,1,271642.05,266609.85,267433.94,259090.94,259384.03
274,8,1549968,1757585,882649,786463,29,259384.03,34,1,269689.26,271642.05,266609.85,267433.94,274291.08
274,9,1552969,1971553,873590,852071,28,274291.08,34,1,259384.03,269689.26,271642.05,266609.85,278568.99
274,10,1704361,1806107,873436,867415,26,278568.99,34,1,274291.08,259384.03,269689.26,271642.05,272470.49
274,11,1692216,1808401,951219,793279,26,272470.49,34,1,278568.99,274291.08,259384.03,269689.26,275832.72
274,12,1675009,1773191,962792,857140,26,275832.72,34,1,272470.49,278568.99,274291.08,259384.03,274997.88
274,13,1666588,1955057,869179,786694,29,274997.88,34,1,275832.72,272470.49,278568.99,274291.08,261883.03
274,14,1552433,1799941,870577,794972,26,261883.03,34,1,274997.88,275832.72,272470.49,278568.99,284347.58
274,15,1699010,1947260,866804,871115,26,284347.58,34,1,261883.03,274997.88,275832.72,272470.49,274618.6
274,16,1539479,1963228,962248,853096,28,274618.6,34,1,284347.58,261883.03,274997.88,275832.72,269831.84
274,17,1563911,1804449,864637,873851,29,269831.84,34,1,274618.6,284347.58,261883.03,274997.88,267196.06
274,18,1543772,1922135,958954,787355,28,267196.06,34,1,269831.84,274618.6,284347.58,261883.03,259941.84
274,19,1539922,1764594,882390,796667,29,259941.84,34,1,267196.06,269831.84,274618.6,284347.58,267282.03
274,20,1517822,1938380,960393,799166,29,267282.03,34,1,259941.84,267196.06,269831.84,274618.6,266405.66
274,21,1662574,1766395,874460,780795,29,266405.66,34,1,267282.03,259941.84,267196.06,269831.84,277064.12
274,22,1670168,1967624,958838,784864,28,277064.12,34,1,266405.66,267282.03,259941.84,267196.06,258611.18
274,23,1527022,1761315,871206,794744,28,258611.18,34,1,277064.12,266405.66,267282.03,259941.84,266778.33
274,24,1518156,1974912,886685,789843,29,266778.33,34,1,258611.18,277064.12,266405.66,267282.03,277616.67
274,25,1697661,1949793,864184,796753,26,277616.67,34,1,266778.33,258611.18,277064.12,266405.66,274261.5
274,26,1532921,1943509,950240,865182,26,274261.5,34,1,277616.67,266778.33,258611.18,277064.12,269473.47
274,27,1551979,1977086,970933,779056,26,269473.47,34,1,274261.5,277616.67,266778.33,258611.18,269443.07
274,28,1543598,1972362,965516,787920,26,269443.07,34,1,269473.47,274261.5,277616.67,266778.33,259861.17
274,29,1539219,1776154,865863,793932,29,259861.17,34,1,269443.07,269473.47,274261.5,277616.67,260181.74
274,30,1533111,1792497,961638,776846,26,260181.74,34,1,259861.17,269443.07,269473.47,274261.5,
275,1,1615774,1843044,995613,407852,40,234935.77,34,1,,,,,241578.47
275,2,1608528,2022295,970349,408232,40,241578.47,34,1,234935.77,,,,237406.6
275,3,1631073,1873880,981441,412543,40,237406.6,34,1,241578.47,234935.77,,,250823.16
275,4,1790504,1844743,1088395,440723,45,250823.16,34,1,237406.6,241578.47,234935.77,,253400.93
275,5,1782820,2029236,970035,410885,45,253400.93,34,1,250823.16,237406.6,241578.47,234935.77,241230.89
275,6,1622055,1859565,1090193,448241,40,241230.89,34,1,253400.93,250823.16,237406.6,241578.47,247342.89
275,7,1780145,1845163,1070401,412666,43,247342.89,34,1,241230.89,253400.93,250823.16,237406.6,243976.08
275,8,1754511,1841786,973155,413049,44,243976.08,34,1,247342.89,241230.89,253400.93,250823.16,246196.18
275,9,1607535,2028025,996871,452658,40,246196.18,34,1,243976.08,247342.89,241230.89,253400.93,253529.15
275,10,1775471,2047238,968114,409601,40,253529.15,34,1,246196.18,243976.08,247342.89,241230.89,246528.32
275,11,1631870,2060495,1075298,409501,41,246528.32,34,1,253529.15,246196.18,243976.08,247342.89,257250.37
275,12,1790708,2030580,995209,442689,44,257250.37,34,1,246528.32,253529.15,246196.18,243976.08,251667.82
275,13,1756717,2018049,993915,411263,44,251667.82,34,1,257250.37,246528.32,253529.15,246196.18,244242.76
275,14,1630280,2034224,996278,411879,44,244242.76,34,1,251667.82,257250.37,246528.32,253529.15,248795.66
275,15,1764899,1858696,995926,447040,40,248795.66,34,1,244242.76,251667.82,257250.37,246528.32,239542.91
275,16,1603276,1890214,971707,450412,41,239542.91,34,1,248795.66,244242.76,251667.82,257250.37,250885.78
275,17,1642979,2053678,1080822,451988,40,250885.78,34,1,239542.91,248795.66,244242.76,251667.82,239267.11
275,18,1632216,1845210,993193,443499,40,239267.11,34,1,250885.78,239542.91,248795.66,244242.76,247925.03
275,19,1794844,1883203,985628,406375,44,247925.03,34,1,239267.11,250885.78,239542.91,248795.66,249475.79
275,20,1632429,2042136,1074821,450375,44,249475.79,34,1,247925.03,239267.11,250885.78,239542.91,244681.89
275,21,1629726,2047350,994144,411451,44,244681.89,34,1,249475.79,247925.03,239267.11,250885.78,238294.91
275,22,1617025,1885430,1065766,411759,44,238294.91,34,1,244681.89,249475.79,247925.03,239267.11,243620.88
275,23,1611629,2048150,994399,412280,41,243620.88,34,1,238294.91,244681.89,249475.79,247925.03,256874.64
275,24,1780789,2073042,1086797,409272,45,256874.64,34,1,243620.88,238294.91,244681.89,249475.79,246262.75
275,25,1611935,2074988,1078275,413625,40,246262.75,34,1,256874.64,243620.88,238294.91,244681.89,252447.39
275,26,1757424,2039812,969203,413821,40,252447.39,34,1,246262.75,256874.64,243620.88,238294.91,249765.37
275,27,1798031,1874241,1072264,412852,44,249765.37,34,1,252447.39,246262.75,256874.64,243620.88,247997.97
275,28,1788375,1897816,988442,404552,40,247997.97,34,1,249765.37,252447.39,246262.75,256874.64,237775.71
275,29,1631283,1847854,1077529,411033,40,237775.71,34,1,247997.97,249765.37,252447.39,246262.75,238165.74
275,30,1638478,1898883,976983,404861,40,238165.74,34,1,237775.71,247997.97,249765.37,252447.39,
276,1,1769514,1927003,724625,762606,30,275948.08,34,1,,,,,280824.63
276,2,1753744,2077594,668804,768383,31,280824.63,34,1,275948.08,,,,279381.08
276,3,1607795,2062543,725418,853935,30,279381.08,34,1,280824.63,275948.08,,,273420.29
276,4,1634892,1910208,734665,837294,28,273420.29,34,1,279381.08,280824.63,275948.08,,271504.27
276,5,1594316,1931393,669688,847233,31,271504.27,34,1,273420.29,279381.08,280824.63,275948.08,277988.26
276,6,1609195,2059948,665131,849676,31,277988.26,34,1,271504.27,273420.29,279381.08,280824.63,281331.04
276,7,1747927,2078291,723075,767967,28,281331.04,34,1,277988.26,271504.27,273420.29,279381.08,271845.02
276,8,1611013,2098548,669656,761537,28,271845.02,34,1,281331.04,277988.26,271504.27,273420.29,272408.8
276,9,1626212,1883736,730544,845339,28,272408.8,34,1,271845.02,281331.04,277988.26,271504.27,282548.67
276,10,1762111,2058568,734053,778415,28,282548.67,34,1,272408.8,271845.02,281331.04,277988.26,279733.15
276,11,1611998,2088140,740765,840155,30,279733.15,34,1,282548.67,272408.8,271845.02,281331.04,265046.57
276,12,1606136,1883478,732052,777978,28,265046.57,34,1,279733.15,282548.67,272408.8,271845.02,272583.25
276,13,1624761,1887910,736466,845302,28,272583.25,34,1,265046.57,279733.15,282548.67,272408.8,269192.75
276,14,1585743,1904259,663399,841492,28,269192.75,34,1,272583.25,265046.57,279733.15,282548.67,278962.28
276,15,1602875,2109536,671076,840949,31,278962.28,34,1,269192.75,272583.25,265046.57,279733.15,277045.32
276,16,1596540,2065832,728818,833979,31,277045.32,34,1,278962.28,269192.75,272583.25,265046.57,273289.49
276,17,1626921,2081572,724327,764019,31,273289.49,34,1,277045.32,278962.28,269192.75,272583.25,288161.43
276,18,1749028,2085779,666269,849794,31,288161.43,34,1,273289.49,277045.32,278962.28,269192.75,273195.85
276,19,1602803,2071997,738008,782260,31,273195.85,34,1,288161.43,273289.49,277045.32,278962.28,283297.56
276,20,1753421,2100520,723150,775502,31,283297.56,34,1,273195.85,288161.43,273289.49,277045.32,285216.28
276,21,1773486,2108378,738215,775971,28,285216.28,34,1,283297.56,273195.85,288161.43,273289.49,289802.79
276,22,1777482,2064418,733746,845144,31,289802.79,34,1,285216.28,283297.56,273195.85,288161.43,276511.93
276,23,1587394,2069817,670894,843354,28,276511.93,34,1,289802.79,285216.28,283297.56,273195.85,270492.94
276,24,1601761,2056007,728874,762119,28,270492.94,34,1,276511.93,289802.79,285216.28,283297.56,281479.13
276,25,1747079,2084184,735132,765285,31,281479.13,34,1,270492.94,276511.93,289802.79,285216.28,290646.64
276,26,1775909,2104210,675959,847723,29,290646.64,34,1,281479.13,270492.94,276511.93,289802.79,269272.36
276,27,1586013,2074153,659245,764185,28,269272.36,34,1,290646.64,281479.13,270492.94,276511.93,277193.11
276,28,1590679,2056471,660595,856610,28,277193.11,34,1,269272.36,290646.64,281479.13,270492.94,281061.75
276,29,1755857,2052564,660948,782528,31,281061.75,34,1,277193.11,269272.36,290646.64,281479.13,280813.77
276,30,1744023,1914202,732578,839367,28,280813.77,34,1,281061.75,277193.11,269272.36,290646.64,
277,1,1408478,1803926,967597,449482,8,223153.52,34,1,,,,,214472.51
277,2,1425348,1692557,891159,406655,9,214472.51,34,1,223153.52,,,,214828.85
277,3,1442415,1652571,966318,403175,8,214828.85,34,1,214472.51,223153.52,,,230609.96
277,4,1553965,1850974,963385,406551,9,230609.96,34,1,214828.85,214472.51,223153.52,,231523.68
277,5,1557226,1821089,892406,441132,8,231523.68,34,1,230609.96,214828.85,214472.51,223153.52,227876.3
277,6,1581886,1665071,903695,453227,8,227876.3,34,1,231523.68,230609.96,214828.85,214472.51,217769.32
277,7,1428007,1691942,888398,442090,8,217769.32,34,1,227876.3,231523.68,230609.96,214828.85,225192.24
277,8,1549359,1661422,881781,452530,8,225192.24,34,1,217769.32,227876.3,231523.68,230609.96,224722.89
277,9,1542363,1671877,899908,444202,9,224722.89,34,1,225192.24,217769.32,227876.3,231523.68,222618.12
277,10,1427152,1810977,881608,442530,8,222618.12,34,1,224722.89,225192.24,217769.32,227876.3,216594.6
277,11,1441101,1681566,979755,407809,8,216594.6,34,1,222618.12,224722.89,225192.24,217769.32,225911.65
277,12,1542136,1674120,970165,443701,8,225911.65,34,1,216594.6,222618.12,224722.89,225192.24,235376.77
277,13,1557266,1855440,975058,452838,8,235376.77,34,1,225911.65,216594.6,222618.12,224722.89,221846.12
277,14,1431762,1807162,988962,412855,8,221846.12,34,1,235376.77,225911.65,216594.6,222618.12,225026.89
277,15,1556824,1646739,900928,448647,8,225026.89,34,1,221846.12,235376.77,225911.65,216594.6,231877.09
277,16,1542441,1835434,901452,447379,8,231877.09,34,1,225026.89,221846.12,235376.77,225911.65,218048.51
277,17,1444631,1648951,903343,450441,8,218048.51,34,1,231877.09,225026.89,221846.12,235376.77,231664.37
277,18,1550370,1810864,897653,451403,8,231664.37,34,1,218048.51,231877.09,225026.89,221846.12,224605.32
277,19,1428461,1818206,969007,444341,8,224605.32,34,1,231664.37,218048.51,231877.09,225026.89,214857.34
277,20,1418255,1658446,984984,414730,8,214857.34,34,1,224605.32,231664.37,218048.51,231877.09,225983.62
277,21,1446106,1817601,970473,446955,8,225983.62,34,1,214857.34,224605.32,231664.37,218048.51,225063.92
277,22,1553974,1655437,895644,448036,9,225063.92,34,1,225983.62,214857.34,224605.32,231664.37,218764.97
277,23,1420634,1694003,963948,443702,8,218764.97,34,1,225063.92,225983.62,214857.34,224605.32,225554.86
277,24,1423853,1846852,986722,441674,8,225554.86,34,1,218764.97,225063.92,225983.62,214857.34,217512.85
277,25,1443904,1693543,963448,413397,8,217512.85,34,1,225554.86,218764.97,225063.92,225983.62,221479.01
277,26,1442258,1815244,907038,412428,8,221479.01,34,1,217512.85,225554.86,218764.97,225063.92,233523.27
277,27,1576232,1820889,897834,448747,8,233523.27,34,1,221479.01,217512.85,225554.86,218764.97,214505.93
277,28,1422496,1668078,985518,403223,8,214505.93,34,1,233523.27,221479.01,217512.85,225554.86,234167.76
277,29,1545811,1838706,989119,452859,8,234167.76,34,1,214505.93,233523.27,221479.01,217512.85,233506.75
277,30,1581078,1821038,894934,445539,9,233506.75,34,1,234167.76,214505.93,233523.27,221479.01,
278,1,1700773,1875012,960348,245564,46,226566.94,34,1,,,,,237394.42
278,2,1864815,1872755,978152,245511,52,237394.42,34,1,226566.94,,,,239552.75
278,3,1911900,1870945,1050467,223259,51,239552.75,34,1,237394.42,226566.94,,,226924.3
278,4,1726643,1890594,974896,221051,51,226924.3,34,1,239552.75,237394.42,226566.94,,228322.64
278,5,1726890,1923289,975726,221072,51,228322.64,34,1,226924.3,239552.75,237394.42,226566.94,235004.0
278,6,1718396,2053850,952325,245008,51,235004.0,34,1,228322.64,226924.3,239552.75,237394.42,249109.0
278,7,1881103,2097205,1060643,244622,51,249109.0,34,1,235004.0,228322.64,226924.3,239552.75,239425.41
278,8,1894920,1874603,979113,245363,51,239425.41,34,1,249109.0,235004.0,228322.64,226924.3,251239.91
278,9,1908318,2103511,1059923,245903,47,251239.91,34,1,239425.41,249109.0,235004.0,228322.64,234711.93
278,10,1743639,2045370,965923,225078,51,234711.93,34,1,251239.91,239425.41,249109.0,235004.0,247332.15
278,11,1914546,2055694,1050952,221891,51,247332.15,34,1,234711.93,251239.91,239425.41,249109.0,234479.0
278,12,1715480,2045418,962059,243422,47,234479.0,34,1,247332.15,234711.93,251239.91,239425.41,245427.58
278,13,1889403,2073518,973783,224649,51,245427.58,34,1,234479.0,247332.15,234711.93,251239.91,246856.4
278,14,1902177,2059807,951849,241665,51,246856.4,34,1,245427.58,234479.0,247332.15,234711.93,245997.9
278,15,1870309,2052303,1052504,240186,47,245997.9,34,1,246856.4,245427.58,234479.0,247332.15,240287.25
278,16,1887444,1879978,1072547,240769,51,240287.25,34,1,245997.9,246856.4,245427.58,234479.0,245413.97
278,17,1874519,2062313,1060574,224574,47,245413.97,34,1,240287.25,245997.9,246856.4,245427.58,229031.33
278,18,1724180,1898070,972618,243140,47,229031.33,34,1,245413.97,240287.25,245997.9,246856.4,229193.94
278,19,1735965,1899009,1050038,221919,51,229193.94,34,1,229031.33,245413.97,240287.25,245997.9,236402.64
278,20,1710335,2063872,1062328,241611,52,236402.64,34,1,229193.94,229031.33,245413.97,240287.25,231706.45
278,21,1741991,1903554,1048978,243534,51,231706.45,34,1,236402.64,229193.94,229031.33,245413.97,238676.88
278,22,1864791,1876908,1052258,244316,51,238676.88,34,1,231706.45,236402.64,229193.94,229031.33,241018.98
278,23,1909624,1903628,978038,239205,52,241018.98,34,1,238676.88,231706.45,236402.64,229193.94,239328.43
278,24,1914255,1889770,976149,223899,52,239328.43,34,1,241018.98,238676.88,231706.45,236402.64,248423.57
278,25,1901859,2094943,1068647,221698,47,248423.57,34,1,239328.43,241018.98,238676.88,231706.45,236488.07
278,26,1875320,1887023,966501,223422,51,236488.07,34,1,248423.57,239328.43,241018.98,238676.88,237490.16
278,27,1752580,2055316,959820,245960,51,237490.16,34,1,236488.07,248423.57,239328.43,241018.98,233398.53
278,28,1702193,2047479,1062747,221676,51,233398.53,34,1,237490.16,236488.07,248423.57,239328.43,239592.1
278,29,1876662,1917981,960484,243628,47,239592.1,34,1,233398.53,237490.16,236488.07,248423.57,239604.7
278,30,1893714,1895920,975241,239041,52,239604.7,34,1,239592.1,233398.53,237490.16,236488.07,
279,1,1559978,1812806,1016413,800878,35,265841.14,34,1,,,,,255409.71
279,2,1433108,1615972,1008302,869112,39,255409.71,34,1,265841.14,,,,264461.32
279,3,1578252,1770218,1002373,794743,36,264461.32,34,1,255409.71,265841.14,,,249715.42
279,4,1407561,1638771,1003427,814659,35,249715.42,34,1,264461.32,255409.71,265841.14,,262976.0
279,5,1434205,1797147,1001178,869542,36,262976.0,34,1,249715.42,264461.32,255409.71,265841.14,248733.15
279,6,1417667,1652293,995441,791686,39,248733.15,34,1,262976.0,249715.42,264461.32,255409.71,264827.47
279,7,1559529,1763319,1009386,814181,35,264827.47,34,1,248733.15,262976.0,249715.42,264461.32,255226.67
279,8,1434195,1636862,919629,872782,39,255226.67,34,1,264827.47,248733.15,262976.0,249715.42,264614.67
279,9,1581044,1774206,923033,807047,39,264614.67,34,1,255226.67,264827.47,248733.15,262976.0,256844.5
279,10,1447721,1650432,914078,875725,36,256844.5,34,1,264614.67,255226.67,264827.47,248733.15,253648.4
279,11,1408337,1807951,905895,797065,38,253648.4,34,1,256844.5,264614.67,255226.67,264827.47,262370.44
279,12,1542207,1633465,911896,877351,35,262370.44,34,1,253648.4,256844.5,264614.67,255226.67,254565.67
279,13,1442987,1777784,915528,794559,38,254565.67,34,1,262370.44,253648.4,256844.5,264614.67,249976.82
279,14,1432405,1649765,991220,796830,35,249976.82,34,1,254565.67,262370.44,253648.4,256844.5,264214.99
279,15,1552959,1773636,997457,809504,35,264214.99,34,1,249976.82,254565.67,262370.44,253648.4,255671.9
279,16,1446936,1637322,909993,870110,35,255671.9,34,1,264214.99,249976.82,254565.67,262370.44,250799.16
279,17,1428997,1651352,1003469,805424,39,250799.16,34,1,255671.9,264214.99,249976.82,254565.67,271691.09
279,18,1575280,1789554,904901,885851,36,271691.09,34,1,250799.16,255671.9,264214.99,249976.82,249546.53
279,19,1415817,1643100,1018432,802105,39,249546.53,34,1,271691.09,250799.16,255671.9,264214.99,269843.92
279,20,1547968,1774706,1011653,872418,39,269843.92,34,1,249546.53,271691.09,250799.16,255671.9,258753.95
279,21,1440021,1658286,1003209,882541,38,258753.95,34,1,269843.92,249546.53,271691.09,250799.16,257966.2
279,22,1552267,1617296,999467,812816,35,257966.2,34,1,258753.95,269843.92,249546.53,271691.09,265321.49
279,23,1568267,1646987,910730,885286,36,265321.49,34,1,257966.2,258753.95,269843.92,249546.53,259053.84
279,24,1570250,1632977,1017949,801309,38,259053.84,34,1,265321.49,257966.2,258753.95,269843.92,257349.45
279,25,1441110,1767482,1007007,814874,39,257349.45,34,1,259053.84,265321.49,257966.2,258753.95,248625.16
279,26,1421240,1623005,997337,801151,39,248625.16,34,1,257349.45,259053.84,265321.49,257966.2,264279.85
279,27,1566254,1783789,1011093,793470,39,264279.85,34,1,248625.16,257349.45,259053.84,265321.49,274299.22
279,28,1573255,1809555,1011129,887592,35,274299.22,34,1,264279.85,248625.16,257349.45,259053.84,261650.2
279,29,1562210,1770933,911207,791391,35,261650.2,34,1,274299.22,264279.85,248625.16,257349.45,270082.85
279,30,1546387,1788885,910294,888108,39,270082.85,34,1,261650.2,274299.22,264279.85,248625.16,
280,1,1508077,1581875,861190,522896,25,225200.37,34,1,,,,,234622.85
280,2,1637629,1585990,939244,518122,27,234622.85,34,1,225200.37,,,,224758.64
280,3,1503624,1598058,863441,513284,27,224758.64,34,1,234622.85,225200.37,,,239910.5
280,4,1655469,1591338,926402,563793,27,239910.5,34,1,224758.64,234622.85,225200.37,,227481.71
280,5,1637373,1450682,854777,517242,26,227481.71,34,1,239910.5,224758.64,234622.85,225200.37,227774.5
280,6,1625514,1441534,921085,521164,27,227774.5,34,1,227481.71,239910.5,224758.64,234622.85,233892.99
280,7,1648209,1572378,860855,523024,27,233892.99,34,1,227774.5,227481.71,239910.5,224758.64,223830.12
280,8,1481245,1585471,857575,525981,24,223830.12,34,1,233892.99,227774.5,227481.71,239910.5,234405.19
280,9,1651180,1468183,922442,563644,24,234405.19,34,1,223830.12,233892.99,227774.5,227481.71,227994.63
280,10,1472910,1579073,936993,566638,24,227994.63,34,1,234405.19,223830.12,233892.99,227774.5,234785.97
280,11,1656413,1576132,921412,514250,27,234785.97,34,1,227994.63,234405.19,223830.12,233892.99,217879.23
280,12,1483158,1453393,849104,521388,24,217879.23,34,1,234785.97,227994.63,234405.19,223830.12,228863.53
280,13,1493359,1565301,925504,570052,25,228863.53,34,1,217879.23,234785.97,227994.63,234405.19,223856.12
280,14,1494721,1449216,933252,565948,24,223856.12,34,1,228863.53,217879.23,234785.97,227994.63,224806.64
280,15,1501522,1599379,863357,514734,24,224806.64,34,1,223856.12,228863.53,217879.23,234785.97,229006.96
280,16,1493675,1575544,943928,563306,27,229006.96,34,1,224806.64,223856.12,228863.53,217879.23,234377.49
280,17,1620477,1602789,931650,521328,26,234377.49,34,1,229006.96,224806.64,223856.12,228863.53,236822.13
280,18,1616600,1597262,854402,567868,24,236822.13,34,1,234377.49,229006.96,224806.64,223856.12,223954.0
280,19,1490069,1597726,861386,514633,27,223954.0,34,1,236822.13,234377.49,229006.96,224806.64,227289.14
280,20,1487838,1584904,847301,561729,27,227289.14,34,1,223954.0,236822.13,234377.49,229006.96,228223.5
280,21,1480292,1592403,861504,571452,24,228223.5,34,1,227289.14,223954.0,236822.13,234377.49,218591.7
280,22,1492426,1441338,858703,526465,24,218591.7,34,1,228223.5,227289.14,223954.0,236822.13,230867.29
280,23,1627522,1451924,851678,561851,27,230867.29,34,1,218591.7,228223.5,227289.14,223954.0,237049.3
280,24,1622876,1585344,848146,572537,27,237049.3,34,1,230867.29,218591.7,228223.5,227289.14,229624.86
280,25,1646317,1444840,935287,522612,24,229624.86,34,1,237049.3,230867.29,218591.7,228223.5,229234.19
280,26,1619961,1469966,938071,525069,24,229234.19,34,1,229624.86,237049.3,230867.29,218591.7,227948.97
280,27,1513420,1604784,933598,525712,27,227948.97,34,1,229234.19,229624.86,237049.3,230867.29,226511.17
280,28,1512881,1570287,928225,527128,26,226511.17,34,1,227948.97,229234.19,229624.86,237049.3,228191.31
280,29,1640537,1457816,857070,519110,27,228191.31,34,1,226511.17,227948.97,229234.19,229624.86,224278.87
280,30,1496858,1590433,842193,520239,24,224278.87,34,1,228191.31,226511.17,227948.97,229234.19,
281,1,1533992,1834062,659849,583732,30,239599.69,34,1,,,,,242387.75
281,2,1657005,1686940,732173,581246,29,242387.75,34,1,239599.69,,,,235615.57
281,3,1538536,1856593,661354,525574,27,235615.57,34,1,242387.75,239599.69,,,243977.18
281,4,1644794,1844827,725109,535750,27,243977.18,34,1,235615.57,242387.75,239599.69,,249529.14
281,5,1681370,1812516,733617,584446,30,249529.14,34,1,243977.18,235615.57,242387.75,239599.69,236443.25
281,6,1654898,1684691,673612,528563,29,236443.25,34,1,249529.14,243977.18,235615.57,242387.75,237932.17
281,7,1687870,1653158,669827,536681,29,237932.17,34,1,236443.25,249529.14,243977.18,235615.57,238763.25
281,8,1522866,1848281,663156,575264,27,238763.25,34,1,237932.17,236443.25,249529.14,243977.18,243083.21
281,9,1655595,1704650,727431,582626,29,243083.21,34,1,238763.25,237932.17,236443.25,249529.14,241793.58
281,10,1653807,1691585,732105,574814,30,241793.58,34,1,243083.21,238763.25,237932.17,236443.25,225864.78
281,11,1513242,1671850,663403,520896,27,225864.78,34,1,241793.58,243083.21,238763.25,237932.17,235138.64
281,12,1656842,1658559,678646,523898,27,235138.64,34,1,225864.78,241793.58,243083.21,238763.25,236012.23
281,13,1644454,1689362,660807,531462,27,236012.23,34,1,235138.64,225864.78,241793.58,243083.21,232387.98
281,14,1542451,1660277,666675,577002,27,232387.98,34,1,236012.23,235138.64,225864.78,241793.58,232933.3
281,15,1504796,1846612,675640,522105,27,232933.3,34,1,232387.98,236012.23,235138.64,225864.78,231375.2
281,16,1526822,1656626,663217,579324,30,231375.2,34,1,232933.3,232387.98,236012.23,235138.64,227810.91
281,17,1531971,1661015,675573,531818,27,227810.91,34,1,231375.2,232933.3,232387.98,236012.23,240994.61
281,18,1653543,1672822,738901,573607,27,240994.61,34,1,227810.91,231375.2,232933.3,232387.98,231409.89
281,19,1499786,1679283,674437,586593,30,231409.89,34,1,240994.61,227810.91,231375.2,232933.3,234627.6
281,20,1506614,1856101,734541,524447,29,234627.6,34,1,231409.89,240994.61,227810.91,231375.2,234225.14
281,21,1532800,1669031,739421,586991,27,234225.14,34,1,234627.6,231409.89,240994.61,227810.91,241315.26
281,22,1544105,1850010,726471,575953,27,241315.26,34,1,234225.14,234627.6,231409.89,240994.61,238547.04
281,23,1514165,1838068,677433,581252,27,238547.04,34,1,241315.26,234225.14,234627.6,231409.89,235441.62
281,24,1523045,1860318,669065,531643,30,235441.62,34,1,238547.04,241315.26,234225.14,234627.6,232104.63
281,25,1543464,1664644,663645,571660,27,232104.63,34,1,235441.62,238547.04,241315.26,234225.14,239017.43
281,26,1521805,1813095,724323,584001,30,239017.43,34,1,232104.63,235441.62,238547.04,241315.26,241781.67
281,27,1675631,1662448,724839,573828,29,241781.67,34,1,239017.43,232104.63,235441.62,238547.04,234115.07
281,28,1509002,1845897,659936,535380,27,234115.07,34,1,241781.67,239017.43,232104.63,235441.62,234145.55
281,29,1528804,1814206,664864,535277,27,234145.55,34,1,234115.07,241781.67,239017.43,232104.63,227546.2
281,30,1520047,1671470,669424,533725,29,227546.2,34,1,234145.55,234115.07,241781.67,239017.43,
282,1,1322685,1831786,816626,228403,2,196336.56,34,1,,,,,200462.1
282,2,1317291,1851080,905630,252856,3,200462.1,34,1,196336.56,,,,199770.8
282,3,1213639,2039871,814638,248765,3,199770.8,34,1,200462.1,196336.56,,,207769.93
282,4,1319139,2029324,909260,249276,2,207769.93,34,1,199770.8,200462.1,196336.56,,205597.44
282,5,1339447,2011371,831965,233001,3,205597.44,34,1,207769.93,199770.8,200462.1,196336.56,206877.54
282,6,1335449,2020899,902145,232859,3,206877.54,34,1,205597.44,207769.93,199770.8,200462.1,198036.89
282,7,1201170,2004142,823256,253493,2,198036.89,34,1,206877.54,205597.44,207769.93,199770.8,199536.98
282,8,1323115,1828930,909907,247901,2,199536.98,34,1,198036.89,206877.54,205597.44,207769.93,201766.71
282,9,1328834,1858570,912704,254264,3,201766.71,34,1,199536.98,198036.89,206877.54,205597.44,201491.04
282,10,1334591,1849257,901303,253466,2,201491.04,34,1,201766.71,199536.98,198036.89,206877.54,191520.27
282,11,1195306,1865946,833038,247724,3,191520.27,34,1,201491.04,201766.71,199536.98,198036.89,198939.6
282,12,1319640,1857298,908469,230887,2,198939.6,34,1,191520.27,201491.04,201766.71,199536.98,205262.05
282,13,1307008,2018053,825506,250679,2,205262.05,34,1,198939.6,191520.27,201491.04,201766.71,206956.65
282,14,1316565,2039958,823043,252894,3,206956.65,34,1,205262.05,198939.6,191520.27,201491.04,189968.12
282,15,1218215,1843137,812413,228380,3,189968.12,34,1,206956.65,205262.05,198939.6,191520.27,196464.05
282,16,1307524,1826370,905225,227072,3,196464.05,34,1,189968.12,206956.65,205262.05,198939.6,205600.92
282,17,1323605,2044515,836385,228258,2,205600.92,34,1,196464.05,189968.12,206956.65,205262.05,205917.33
282,18,1314950,2044055,893130,227855,3,205917.33,34,1,205600.92,196464.05,189968.12,206956.65,200031.54
282,19,1327517,1878108,911009,227224,2,200031.54,34,1,205917.33,205600.92,196464.05,189968.12,197706.89
282,20,1208571,2044554,815408,227211,3,197706.89,34,1,200031.54,205917.33,205600.92,196464.05,201468.45
282,21,1216683,2032463,893219,254512,2,201468.45,34,1,197706.89,200031.54,205917.33,205600.92,204444.36
282,22,1324621,2024951,820837,226605,3,204444.36,34,1,201468.45,197706.89,200031.54,205917.33,199360.1
282,23,1333266,1843062,909548,232157,3,199360.1,34,1,204444.36,201468.45,197706.89,200031.54,196142.44
282,24,1318797,1828550,815099,230822,3,196142.44,34,1,199360.1,204444.36,201468.45,197706.89,207125.44
282,25,1307916,2020350,911953,253865,2,207125.44,34,1,196142.44,199360.1,204444.36,201468.45,199695.23
282,26,1327282,1824465,905729,249492,2,199695.23,34,1,207125.44,196142.44,199360.1,204444.36,200205.44
282,27,1220546,2032926,834904,248145,3,200205.44,34,1,199695.23,207125.44,196142.44,199360.1,207389.75
282,28,1328076,2040181,819246,250013,2,207389.75,34,1,200205.44,199695.23,207125.44,196142.44,192442.24
282,29,1214493,1828845,893251,250378,3,192442.24,34,1,207389.75,200205.44,199695.23,207125.44,191489.76
282,30,1190799,1879840,895606,232779,3,191489.76,34,1,192442.24,207389.75,200205.44,199695.23,
283,1,1188913,1466146,900609,382734,31,187682.56,34,1,,,,,182727.11
283,2,1074732,1476177,982241,390323,31,182727.11,34,1,187682.56,,,,198958.6
283,3,1198121,1609235,980845,420191,34,198958.6,34,1,182727.11,187682.56,,,191932.22
283,4,1179217,1492222,903273,424252,31,191932.22,34,1,198958.6,182727.11,187682.56,,197670.58
283,5,1188251,1627555,881904,422547,34,197670.58,34,1,191932.22,198958.6,182727.11,187682.56,186407.42
283,6,1066862,1623058,885461,386341,34,186407.42,34,1,197670.58,191932.22,198958.6,182727.11,187298.23
283,7,1094069,1597845,901150,385491,34,187298.23,34,1,186407.42,197670.58,191932.22,198958.6,196507.2
283,8,1194050,1623278,978093,389931,31,196507.2,34,1,187298.23,186407.42,197670.58,191932.22,190396.17
283,9,1073178,1625196,900954,422215,34,190396.17,34,1,196507.2,187298.23,186407.42,197670.58,192958.03
283,10,1171398,1495823,985078,424661,34,192958.03,34,1,190396.17,196507.2,187298.23,186407.42,200053.23
283,11,1196397,1634762,968787,423933,34,200053.23,34,1,192958.03,190396.17,196507.2,187298.23,188221.18
283,12,1081087,1607555,968777,388231,31,188221.18,34,1,200053.23,192958.03,190396.17,196507.2,191130.42
283,13,1090606,1595885,966893,419397,34,191130.42,34,1,188221.18,200053.23,192958.03,190396.17,186438.05
283,14,1076207,1604866,897270,386248,31,186438.05,34,1,191130.42,188221.18,200053.23,192958.03,183441.5
283,15,1087513,1488866,980355,383520,31,183441.5,34,1,186438.05,191130.42,188221.18,200053.23,188962.33
283,16,1084073,1609797,982435,390770,34,188962.33,34,1,183441.5,186438.05,191130.42,188221.18,197186.62
283,17,1195697,1604798,887432,421370,34,197186.62,34,1,188962.33,183441.5,186438.05,191130.42,198654.57
283,18,1178953,1625222,983353,422729,34,198654.57,34,1,197186.62,188962.33,183441.5,186438.05,186332.37
283,19,1081559,1467701,973961,430831,31,186332.37,34,1,198654.57,197186.62,188962.33,183441.5,185694.63
283,20,1066564,1601892,891171,387422,34,185694.63,34,1,186332.37,198654.57,197186.62,188962.33,190257.24
283,21,1066079,1606494,963321,423081,31,190257.24,34,1,185694.63,186332.37,198654.57,197186.62,197838.95
283,22,1186718,1613093,897788,429328,31,197838.95,34,1,190257.24,185694.63,186332.37,198654.57,188699.0
283,23,1071892,1617737,975422,394207,31,188699.0,34,1,197838.95,190257.24,185694.63,186332.37,192569.93
283,24,1193737,1495658,891211,421493,31,192569.93,34,1,188699.0,197838.95,190257.24,185694.63,197551.45
283,25,1199180,1608902,890677,420418,34,197551.45,34,1,192569.93,188699.0,197838.95,190257.24,199207.05
283,26,1190302,1620733,985146,422452,34,199207.05,34,1,197551.45,192569.93,188699.0,197838.95,186470.0
283,27,1084835,1498933,889136,430988,31,186470.0,34,1,199207.05,197551.45,192569.93,188699.0,182624.61
283,28,1086002,1471358,966513,386187,31,182624.61,34,1,186470.0,199207.05,197551.45,192569.93,194574.06
283,29,1185333,1628308,900971,386488,31,194574.06,34,1,182624.61,186470.0,199207.05,197551.45,190657.75
283,30,1173747,1484884,877667,422121,31,190657.75,34,1,194574.06,182624.61,186470.0,199207.05,
284,1,2035068,1935580,805552,723741,32,291345.5,34,1,,,,,278260.84
284,2,2037849,1772955,823379,648788,32,278260.84,34,1,291345.5,,,,270009.72
284,3,1829935,1774774,753854,718569,29,270009.72,34,1,278260.84,291345.5,,,277417.58
284,4,1849794,1921278,810258,708244,29,277417.58,34,1,270009.72,278260.84,291345.5,,278404.04
284,5,2037462,1773441,803053,654134,32,278404.04,34,1,277417.58,270009.72,278260.84,291345.5,284171.68
284,6,2037652,1783447,739721,724858,32,284171.68,34,1,278404.04,277417.58,270009.72,278260.84,291005.45
284,7,2021592,1937671,820605,725947,29,291005.45,34,1,284171.68,278404.04,277417.58,270009.72,267374.46
284,8,1860602,1784266,740244,665386,30,267374.46,34,1,291005.45,284171.68,278404.04,277417.58,286489.81
284,9,1999922,1916439,749179,714308,33,286489.81,34,1,267374.46,291005.45,284171.68,278404.04,273279.35
284,10,1861877,1938543,810148,645686,32,273279.35,34,1,286489.81,267374.46,291005.45,284171.68,272564.22
284,11,1819923,1951959,813448,661093,30,272564.22,34,1,273279.35,286489.81,267374.46,291005.45,273212.43
284,12,1860896,1910415,821677,656586,32,273212.43,34,1,272564.22,273279.35,286489.81,267374.46,277582.36
284,13,2036812,1766987,749966,658163,29,277582.36,34,1,273212.43,272564.22,273279.35,286489.81,262895.49
284,14,1819536,1743752,802987,652576,33,262895.49,34,1,277582.36,273212.43,272564.22,273279.35,282091.38
284,15,2010736,1756426,821464,718765,29,282091.38,34,1,262895.49,277582.36,273212.43,272564.22,291210.98
284,16,2036270,1926058,815993,723900,29,291210.98,34,1,282091.38,262895.49,277582.36,273212.43,288761.72
284,17,2010152,1940410,811128,709744,32,288761.72,34,1,291210.98,282091.38,262895.49,277582.36,276287.18
284,18,1837405,1931071,740753,712745,29,276287.18,34,1,288761.72,291210.98,282091.38,262895.49,279476.74
284,19,1989192,1754926,800886,709704,29,279476.74,34,1,276287.18,288761.72,291210.98,282091.38,280018.78
284,20,1991004,1907672,741643,654406,30,280018.78,34,1,279476.74,276287.18,288761.72,291210.98,288256.34
284,21,2018078,1908818,806408,713948,32,288256.34,34,1,280018.78,279476.74,276287.18,288761.72,281727.85
284,22,1996890,1926095,813525,647483,30,281727.85,34,1,288256.34,280018.78,279476.74,276287.18,288411.91
284,23,2001849,1941107,749691,722712,30,288411.91,34,1,281727.85,288256.34,280018.78,279476.74,268706.0
284,24,1840826,1753415,749347,707006,30,268706.0,34,1,288411.91,281727.85,288256.34,280018.78,275763.49
284,25,2018437,1738383,800591,655227,33,275763.49,34,1,268706.0,288411.91,281727.85,288256.34,287788.33
284,26,1994810,1935165,812915,712082,33,287788.33,34,1,275763.49,268706.0,288411.91,281727.85,287862.57
284,27,2027740,1904715,748752,715048,33,287862.57,34,1,287788.33,275763.49,268706.0,288411.91,272203.42
284,28,1857570,1902434,803779,654753,30,272203.42,34,1,287862.57,287788.33,275763.49,268706.0,273221.79
284,29,1848207,1932526,808633,657941,30,273221.79,34,1,272203.42,287862.57,287788.33,275763.49,289640.65
284,30,2021652,1925358,806282,719089,29,289640.65,34,1,273221.79,272203.42,287862.57,287788.33,
285,1,1871657,1968346,875195,622917,36,274175.61,34,1,,,,,264022.94
285,2,1733816,2011262,950000,575885,35,264022.94,34,1,274175.61,,,,283305.18
285,3,1848560,2174212,957584,630308,33,283305.18,34,1,264022.94,274175.61,,,263012.82
285,4,1686341,1979875,874274,627163,33,263012.82,34,1,283305.18,264022.94,274175.61,,278819.96
285,5,1893369,2153439,933025,562475,32,278819.96,34,1,263012.82,283305.18,264022.94,274175.61,263005.38
285,6,1716835,1955030,875218,616505,35,263005.38,34,1,278819.96,263012.82,283305.18,264022.94,283846.97
285,7,1888334,2152609,936255,621626,36,283846.97,34,1,263005.38,278819.96,263012.82,283305.18,269605.24
285,8,1721040,2162869,940303,578458,35,269605.24,34,1,283846.97,263005.38,278819.96,263012.82,276306.73
285,9,1879766,1966528,944476,628938,32,276306.73,34,1,269605.24,283846.97,263005.38,278819.96,258932.71
285,10,1719486,1969297,867623,564214,33,258932.71,34,1,276306.73,269605.24,283846.97,263005.38,274334.41
285,11,1857505,1995466,855009,625962,33,274334.41,34,1,258932.71,276306.73,269605.24,283846.97,260808.59
285,12,1721330,1968967,933207,571884,35,260808.59,34,1,274334.41,258932.71,276306.73,269605.24,275212.15
285,13,1724675,2197306,945211,621162,33,275212.15,34,1,260808.59,274334.41,258932.71,276306.73,261409.22
285,14,1736615,1959129,934013,571974,33,261409.22,34,1,275212.15,260808.59,274334.41,258932.71,274314.43
285,15,1716690,2192868,948785,618354,32,274314.43,34,1,261409.22,275212.15,260808.59,274334.41,268317.9
285,16,1728564,2010441,946904,628233,32,268317.9,34,1,274314.43,261409.22,275212.15,260808.59,281672.51
285,17,1881563,2139010,856460,623235,33,281672.51,34,1,268317.9,274314.43,261409.22,275212.15,267921.16
285,18,1738416,2164452,852737,562524,35,267921.16,34,1,281672.51,268317.9,274314.43,261409.22,281610.75
285,19,1866622,2136159,869991,632144,33,281610.75,34,1,267921.16,281672.51,268317.9,274314.43,276081.25
285,20,1889046,2002812,863931,617626,36,276081.25,34,1,281610.75,267921.16,281672.51,268317.9,268224.38
285,21,1706461,2151006,942997,578633,35,268224.38,34,1,276081.25,281610.75,267921.16,281672.51,274864.64
285,22,1732360,2188650,943793,616056,33,274864.64,34,1,268224.38,276081.25,281610.75,267921.16,264714.36
285,23,1721783,1960561,944599,616687,35,264714.36,34,1,274864.64,268224.38,276081.25,281610.75,272513.06
285,24,1691379,2152514,957676,633653,35,272513.06,34,1,264714.36,274864.64,268224.38,276081.25,282068.07
285,25,1855441,2171411,935111,617041,32,282068.07,34,1,272513.06,264714.36,274864.64,268224.38,283468.13
285,26,1857203,2180248,951347,624239,35,283468.13,34,1,282068.07,272513.06,264714.36,274864.64,280622.12
285,27,1880729,2188901,950557,571909,32,280622.12,34,1,283468.13,282068.07,272513.06,264714.36,260534.98
285,28,1724482,1958696,936370,570769,35,260534.98,34,1,280622.12,283468.13,282068.07,272513.06,266623.71
285,29,1702962,2176837,862556,566089,35,266623.71,34,1,260534.98,280622.12,283468.13,282068.07,270177.41
285,30,1692227,2170207,857370,617227,36,270177.41,34,1,266623.71,260534.98,280622.12,283468.13,
286,1,1918599,2012775,739785,230315,9,241439.81,34,1,,,,,233755.18
286,2,1743688,2071026,812196,230619,10,233755.18,34,1,241439.81,,,,253480.64
286,3,1914774,2241723,811729,247336,9,253480.64,34,1,233755.18,241439.81,,,243205.64
286,4,1918309,2033549,802953,228959,9,243205.64,34,1,253480.64,233755.18,241439.81,,249781.79
286,5,1887875,2223230,726082,249839,10,249781.79,34,1,243205.64,253480.64,233755.18,241439.81,245558.77
286,6,1922755,2069047,737405,247350,9,245558.77,34,1,249781.79,243205.64,253480.64,233755.18,252966.8
286,7,1932400,2223510,733842,251609,10,252966.8,34,1,245558.77,249781.79,243205.64,253480.64,246249.54
286,8,1939887,2029254,799620,249799,10,246249.54,34,1,252966.8,245558.77,249781.79,243205.64,251077.15
286,9,1897515,2265360,791631,225797,9,251077.15,34,1,246249.54,252966.8,245558.77,249781.79,232515.29
286,10,1734335,2064233,793072,230228,10,232515.29,34,1,251077.15,246249.54,252966.8,245558.77,235908.1
286,11,1763543,2053475,812115,248371,10,235908.1,34,1,232515.29,251077.15,246249.54,252966.8,244154.12
286,12,1925476,2044304,802879,229353,9,244154.12,34,1,235908.1,232515.29,251077.15,246249.54,250450.95
286,13,1921732,2222775,743502,229961,9,250450.95,34,1,244154.12,235908.1,232515.29,251077.15,238938.51
286,14,1727053,2254428,743614,227539,9,238938.51,34,1,250450.95,244154.12,235908.1,232515.29,232038.5
286,15,1734051,2034575,730974,250213,10,232038.5,34,1,238938.51,250450.95,244154.12,235908.1,241932.9
286,16,1896938,2039861,812196,225596,9,241932.9,34,1,232038.5,238938.51,250450.95,244154.12,234379.32
286,17,1754649,2026071,795949,253463,9,234379.32,34,1,241932.9,232038.5,238938.51,250450.95,254227.49
286,18,1918975,2248897,800376,251342,9,254227.49,34,1,234379.32,241932.9,232038.5,238938.51,240214.88
286,19,1727363,2209356,797141,252603,10,240214.88,34,1,254227.49,234379.32,241932.9,232038.5,244076.07
286,20,1921331,2027315,729529,252713,9,244076.07,34,1,240214.88,254227.49,234379.32,241932.9,252176.81
286,21,1938017,2203478,724010,249890,10,252176.81,34,1,244076.07,240214.88,254227.49,234379.32,232130.77
286,22,1736399,2029049,728502,252562,9,232130.77,34,1,252176.81,244076.07,240214.88,254227.49,252884.51
286,23,1925123,2263419,791435,226930,9,252884.51,34,1,232130.77,252176.81,244076.07,240214.88,229015.47
286,24,1724162,2026853,737584,226176,9,229015.47,34,1,252884.51,232130.77,252176.81,244076.07,243171.97
286,25,1902659,2043259,726525,249264,10,243171.97,34,1,229015.47,252884.51,232130.77,252176.81,242799.0
286,26,1888830,2064810,809883,229884,9,242799.0,34,1,243171.97,229015.47,252884.51,232130.77,231073.47
286,27,1729695,2035663,809750,227780,9,231073.47,34,1,242799.0,243171.97,229015.47,252884.51,233856.96
286,28,1762765,2046654,801035,231368,10,233856.96,34,1,231073.47,242799.0,243171.97,229015.47,235408.61
286,29,1765253,2062675,740593,250378,9,235408.61,34,1,233856.96,231073.47,242799.0,243171.97,232668.53
286,30,1754445,2060381,731323,230515,10,232668.53,34,1,235408.61,233856.96,231073.47,242799.0,
287,1,1268024,1949471,758647,392713,9,211579.02,34,1,,,,,203944.5
287,2,1274369,1763053,704582,399766,9,203944.5,34,1,211579.02,,,,220528.12
287,3,1384196,1958047,769444,402502,9,220528.12,34,1,203944.5,211579.02,,,203229.57
287,4,1282278,1792136,762832,362053,10,203229.57,34,1,220528.12,203944.5,211579.02,,203923.62
287,5,1280735,1761566,706492,395300,9,203923.62,34,1,203229.57,220528.12,203944.5,211579.02,216609.77
287,6,1382600,1959501,762131,360860,9,216609.77,34,1,203923.62,203229.57,220528.12,203944.5,201084.94
287,7,1286936,1766001,700098,358475,10,201084.94,34,1,216609.77,203923.62,203229.57,220528.12,201339.77
287,8,1287253,1762748,707932,361154,9,201339.77,34,1,201084.94,216609.77,203923.62,203229.57,217629.36
287,9,1371993,1944904,691622,399409,9,217629.36,34,1,201339.77,201084.94,216609.77,203923.62,212931.89
287,10,1370204,1800899,762973,402353,9,212931.89,34,1,217629.36,201339.77,201084.94,216609.77,213583.23
287,11,1282387,1956715,761945,400654,9,213583.23,34,1,212931.89,217629.36,201339.77,201084.94,205290.42
287,12,1263107,1807629,704574,402122,10,205290.42,34,1,213583.23,212931.89,217629.36,201339.77,205957.3
287,13,1254105,1925856,693480,363206,10,205957.3,34,1,205290.42,213583.23,212931.89,217629.36,206340.2
287,14,1250521,1931322,695034,367212,9,206340.2,34,1,205957.3,205290.42,213583.23,212931.89,218159.32
287,15,1372401,1958377,694918,398146,9,218159.32,34,1,206340.2,205957.3,205290.42,213583.23,212095.45
287,16,1384723,1766270,770064,397402,9,212095.45,34,1,218159.32,206340.2,205957.3,205290.42,213284.27
287,17,1394388,1795145,705170,402081,10,213284.27,34,1,212095.45,218159.32,206340.2,205957.3,212578.92
287,18,1287189,1942862,704393,402979,9,212578.92,34,1,213284.27,212095.45,218159.32,206340.2,210837.09
287,19,1279759,1970997,770475,363916,10,210837.09,34,1,212578.92,213284.27,212095.45,218159.32,199432.75
287,20,1255124,1757577,700683,366818,10,199432.75,34,1,210837.09,212578.92,213284.27,212095.45,201891.93
287,21,1251344,1803616,762346,364223,9,201891.93,34,1,199432.75,210837.09,212578.92,213284.27,215750.03
287,22,1402254,1811105,776147,403432,10,215750.03,34,1,201891.93,199432.75,210837.09,212578.92,212080.02
287,23,1405723,1803834,770653,364616,10,212080.02,34,1,215750.03,201891.93,199432.75,210837.09,211659.37
287,24,1369760,1776998,764913,399286,10,211659.37,34,1,212080.02,215750.03,201891.93,199432.75,212308.99
287,25,1260709,1966294,763915,397305,10,212308.99,34,1,211659.37,212080.02,215750.03,201891.93,201828.47
287,26,1275779,1770593,776999,358593,9,201828.47,34,1,212308.99,211659.37,212080.02,215750.03,215450.67
287,27,1395191,1924090,698490,366972,10,215450.67,34,1,201828.47,212308.99,211659.37,212080.02,212298.49
287,28,1408240,1767544,708167,393442,10,212298.49,34,1,215450.67,201828.47,212308.99,211659.37,203516.97
287,29,1251639,1799750,695201,396062,9,203516.97,34,1,212298.49,215450.67,201828.47,212308.99,203837.34
287,30,1270397,1774690,693761,398011,9,203837.34,34,1,203516.97,212298.49,215450.67,201828.47,
288,1,1554866,1724783,1123970,718294,15,256148.09,34,1,,,,,263131.57
288,2,1559692,1734212,1133346,786181,15,263131.57,34,1,256148.09,,,,262120.14
288,3,1672459,1734434,1048583,709262,16,262120.14,34,1,263131.57,256148.09,,,271848.07
288,4,1665177,1908406,1119194,728848,16,271848.07,34,1,262120.14,263131.57,256148.09,,268920.93
288,5,1669242,1904751,1041706,709290,15,268920.93,34,1,271848.07,262120.14,263131.57,256148.09,262237.62
288,6,1560153,1869397,1119950,715714,16,262237.62,34,1,268920.93,271848.07,262120.14,263131.57,268087.88
288,7,1673029,1737572,1030263,776910,16,268087.88,34,1,262237.62,268920.93,271848.07,262120.14,278048.63
288,8,1681233,1878442,1128838,798195,15,278048.63,34,1,268087.88,262237.62,268920.93,271848.07,254017.99
288,9,1557364,1719992,1044815,709528,16,254017.99,34,1,278048.63,268087.88,262237.62,268920.93,264367.2
288,10,1555188,1886575,1143011,730731,15,264367.2,34,1,254017.99,278048.63,268087.88,262237.62,269075.79
288,11,1664843,1705981,1131316,789972,15,269075.79,34,1,264367.2,254017.99,278048.63,268087.88,259717.48
288,12,1522258,1713901,1143734,782750,16,259717.48,34,1,269075.79,264367.2,254017.99,278048.63,257042.51
288,13,1556252,1715942,1131670,729910,15,257042.51,34,1,259717.48,269075.79,264367.2,254017.99,264447.65
288,14,1559256,1905768,1143231,719761,16,264447.65,34,1,257042.51,259717.48,269075.79,264367.2,258906.79
288,15,1529796,1705703,1032112,792492,15,258906.79,34,1,264447.65,257042.51,259717.48,269075.79,253880.13
288,16,1542343,1718171,1021269,723932,16,253880.13,34,1,258906.79,264447.65,257042.51,259717.48,270317.53
288,17,1703563,1702909,1128823,777788,16,270317.53,34,1,253880.13,258906.79,264447.65,257042.51,253959.35
288,18,1556817,1699012,1035277,720736,15,253959.35,34,1,270317.53,253880.13,258906.79,264447.65,275669.47
288,19,1689136,1870323,1047231,784772,16,275669.47,34,1,253959.35,270317.53,253880.13,258906.79,275907.53
288,20,1667505,1856339,1116820,796757,15,275907.53,34,1,275669.47,253959.35,270317.53,253880.13,260453.07
288,21,1551066,1719521,1025120,789218,16,260453.07,34,1,275907.53,275669.47,253959.35,270317.53,254498.51
288,22,1542301,1714135,1047534,727902,16,254498.51,34,1,260453.07,275907.53,275669.47,253959.35,263130.89
288,23,1554060,1904057,1129672,712161,15,263130.89,34,1,254498.51,260453.07,275907.53,275669.47,261620.88
288,24,1660202,1713619,1030855,725416,16,261620.88,34,1,263130.89,254498.51,260453.07,275907.53,263053.53
288,25,1668771,1697949,1142245,722101,16,263053.53,34,1,261620.88,263130.89,254498.51,260453.07,260886.53
288,26,1663882,1709845,1034278,715755,15,260886.53,34,1,263053.53,261620.88,263130.89,254498.51,251619.64
288,27,1515335,1719797,1032060,715558,16,251619.64,34,1,260886.53,263053.53,261620.88,263130.89,265338.9
288,28,1517869,1871324,1134474,776953,16,265338.9,34,1,251619.64,260886.53,263053.53,261620.88,265140.41
288,29,1522863,1855681,1132123,778845,14,265140.41,34,1,265338.9,251619.64,260886.53,263053.53,258415.52
288,30,1559098,1743471,1136705,729409,16,258415.52,34,1,265140.41,265338.9,251619.64,260886.53,
289,1,1293715,1382732,727579,266562,39,177668.25,34,1,,,,,184396.17
289,2,1394385,1393903,727079,263715,43,184396.17,34,1,177668.25,,,,178984.17
289,3,1387985,1271948,719992,266133,39,178984.17,34,1,184396.17,177668.25,,,168306.47
289,4,1261931,1269442,716591,240112,43,168306.47,34,1,178984.17,184396.17,177668.25,,179077.84
289,5,1411119,1274001,651893,262001,43,179077.84,34,1,168306.47,178984.17,184396.17,177668.25,175921.4
289,6,1380012,1266610,725387,239388,43,175921.4,34,1,179077.84,168306.47,178984.17,184396.17,183575.3
289,7,1399569,1393384,655401,264199,39,183575.3,34,1,175921.4,179077.84,168306.47,178984.17,170399.13
289,8,1282148,1285283,726008,239731,39,170399.13,34,1,183575.3,175921.4,179077.84,168306.47,169939.67
289,9,1262925,1276378,662745,264113,39,169939.67,34,1,170399.13,183575.3,175921.4,179077.84,174173.64
289,10,1278728,1405910,651613,241683,43,174173.64,34,1,169939.67,170399.13,183575.3,175921.4,175915.39
289,11,1397057,1261698,659265,241406,39,175915.39,34,1,174173.64,169939.67,170399.13,183575.3,177892.78
289,12,1401174,1283253,718189,239640,39,177892.78,34,1,175915.39,174173.64,169939.67,170399.13,176381.9
289,13,1379150,1253377,653814,264295,43,176381.9,34,1,177892.78,175915.39,174173.64,169939.67,175318.54
289,14,1385836,1257606,666203,243485,39,175318.54,34,1,176381.9,177892.78,175915.39,174173.64,185670.52
289,15,1414079,1390732,731458,264366,40,185670.52,34,1,175318.54,176381.9,177892.78,175915.39,175580.88
289,16,1268397,1373496,714390,268298,40,175580.88,34,1,185670.52,175318.54,176381.9,177892.78,169189.89
289,17,1271046,1274961,723448,239548,43,169189.89,34,1,175580.88,185670.52,175318.54,176381.9,169570.25
289,18,1294169,1262769,661215,244142,43,169570.25,34,1,169189.89,175580.88,185670.52,175318.54,172873.6
289,19,1270475,1384986,660236,241332,39,172873.6,34,1,169570.25,169189.89,175580.88,185670.52,183850.7
289,20,1380821,1398945,717050,266912,39,183850.7,34,1,172873.6,169570.25,169189.89,175580.88,180827.64
289,21,1391396,1374432,666356,246389,43,180827.64,34,1,183850.7,172873.6,169570.25,169189.89,181325.32
289,22,1380493,1394331,714105,241821,39,181325.32,34,1,180827.64,183850.7,172873.6,169570.25,175738.91
289,23,1291366,1385807,725420,245820,43,175738.91,34,1,181325.32,180827.64,183850.7,172873.6,170040.56
289,24,1269312,1288855,715163,245302,39,170040.56,34,1,175738.91,181325.32,180827.64,183850.7,181857.34
289,25,1383446,1401276,712164,242731,40,181857.34,34,1,170040.56,175738.91,181325.32,180827.64,169053.12
289,26,1281310,1279111,664748,239431,43,169053.12,34,1,181857.34,170040.56,175738.91,181325.32,176554.67
289,27,1271955,1384803,731272,268221,39,176554.67,34,1,169053.12,181857.34,170040.56,175738.91,169881.23
289,28,1277824,1259047,655476,262115,39,169881.23,34,1,176554.67,169053.12,181857.34,170040.56,170065.19
289,29,1272989,1288634,732036,239959,39,170065.19,34,1,169881.23,176554.67,169053.12,181857.34,182559.92
289,30,1394421,1401613,728484,239502,40,182559.92,34,1,170065.19,169881.23,176554.67,169053.12,
290,1,1122939,1976903,835305,315717,23,197639.48,34,1,,,,,209931.85
290,2,1228021,2160546,837782,290913,24,209931.85,34,1,197639.48,,,,204239.72
290,3,1236611,1986404,899738,291053,22,204239.72,34,1,209931.85,197639.48,,,201314.77
290,4,1246028,1945631,826594,284085,22,201314.77,34,1,204239.72,209931.85,197639.48,,204475.82
290,5,1241071,1986655,900283,290247,24,204475.82,34,1,201314.77,204239.72,209931.85,197639.48,202928.67
290,6,1240189,1967605,901155,282397,24,202928.67,34,1,204475.82,201314.77,204239.72,209931.85,211051.15
290,7,1241860,2144886,896504,289932,24,211051.15,34,1,202928.67,204475.82,201314.77,204239.72,202747.23
290,8,1215423,1955304,826789,317444,24,202747.23,34,1,211051.15,202928.67,204475.82,201314.77,205120.64
290,9,1237857,1984968,831282,313070,22,205120.64,34,1,202747.23,211051.15,202928.67,204475.82,201165.51
290,10,1119764,2130548,830362,286776,24,201165.51,34,1,205120.64,202747.23,211051.15,202928.67,204841.12
290,11,1219514,1981254,912309,310103,24,204841.12,34,1,201165.51,205120.64,202747.23,211051.15,208466.82
290,12,1216193,2125961,897736,288272,24,208466.82,34,1,204841.12,201165.51,205120.64,202747.23,205656.18
290,13,1226803,1984050,898456,315135,21,205656.18,34,1,208466.82,204841.12,201165.51,205120.64,199114.26
290,14,1131379,1979124,893930,314286,24,199114.26,34,1,205656.18,208466.82,204841.12,201165.51,213430.03
290,15,1238207,2144588,916463,315438,22,213430.03,34,1,199114.26,205656.18,208466.82,204841.12,204101.48
290,16,1122063,2162726,894559,291063,22,204101.48,34,1,213430.03,199114.26,205656.18,208466.82,212742.67
290,17,1243603,2123238,906045,315731,24,212742.67,34,1,204101.48,213430.03,199114.26,205656.18,202112.96
290,18,1139400,2135879,818468,282868,22,202112.96,34,1,212742.67,204101.48,213430.03,199114.26,201717.6
290,19,1227406,1941889,913992,287739,22,201717.6,34,1,202112.96,212742.67,204101.48,213430.03,203107.45
290,20,1216362,1974635,818125,313382,24,203107.45,34,1,201717.6,202112.96,212742.67,204101.48,194230.02
290,21,1113988,1968442,835148,288297,22,194230.02,34,1,203107.45,201717.6,202112.96,212742.67,195109.41
290,22,1126730,1978869,819249,286952,24,195109.41,34,1,194230.02,203107.45,201717.6,202112.96,196512.42
290,23,1134427,1985627,837555,290510,22,196512.42,34,1,195109.41,194230.02,203107.45,201717.6,196452.81
290,24,1125213,1944642,823187,318089,22,196452.81,34,1,196512.42,195109.41,194230.02,203107.45,202941.35
290,25,1120898,2142745,903419,286682,23,202941.35,34,1,196452.81,196512.42,195109.41,194230.02,201184.32
290,26,1236630,1958186,830280,282899,24,201184.32,34,1,202941.35,196452.81,196512.42,195109.41,203293.59
290,27,1216152,1956740,896520,309604,22,203293.59,34,1,201184.32,202941.35,196452.81,196512.42,210916.86
290,28,1232908,2143810,918787,291318,21,210916.86,34,1,203293.59,201184.32,202941.35,196452.81,198579.55
290,29,1135715,1946870,905804,318031,21,198579.55,34,1,210916.86,203293.59,201184.32,202941.35,203472.11
290,30,1112016,2136896,828929,315240,24,203472.11,34,1,198579.55,210916.86,203293.59,201184.32,
291,1,1723742,1959851,1126895,621967,34,268284.63,34,1,,,,,264302.7
291,2,1584701,2020161,1021953,668918,38,264302.7,34,1,268284.63,,,,265707.46
291,3,1592789,1975074,1116391,682367,37,265707.46,34,1,264302.7,268284.63,,,274355.56
291,4,1615487,2179846,1122618,665891,37,274355.56,34,1,265707.46,264302.7,268284.63,,268243.71
291,5,1748840,1961443,1038146,618909,38,268243.71,34,1,274355.56,265707.46,264302.7,268284.63,263910.7
291,6,1589191,1965669,1130443,666828,37,263910.7,34,1,268243.71,274355.56,265707.46,264302.7,273502.22
291,7,1736466,1962022,1048652,683933,34,273502.22,34,1,263910.7,268243.71,274355.56,265707.46,281183.91
291,8,1735029,2155117,1114261,668676,34,281183.91,34,1,273502.22,263910.7,268243.71,274355.56,273542.6
291,9,1595609,2180281,1138314,668105,34,273542.6,34,1,281183.91,273502.22,263910.7,268243.71,275148.22
291,10,1617357,2193572,1042969,681493,37,275148.22,34,1,273542.6,281183.91,273502.22,263910.7,279939.65
291,11,1728694,2152672,1032989,675381,34,279939.65,34,1,275148.22,273542.6,281183.91,273502.22,260490.99
291,12,1609970,1975132,1120445,611414,34,260490.99,34,1,279939.65,275148.22,273542.6,281183.91,278012.91
291,13,1750621,2194925,1044093,616641,38,278012.91,34,1,260490.99,279939.65,275148.22,273542.6,273955.12
291,14,1611426,2160036,1128001,672575,34,273955.12,34,1,278012.91,260490.99,279939.65,275148.22,272103.46
291,15,1721743,1989432,1033986,668973,34,272103.46,34,1,273955.12,278012.91,260490.99,279939.65,274247.25
291,16,1743156,1970924,1131322,668188,35,274247.25,34,1,272103.46,273955.12,278012.91,260490.99,277666.85
291,17,1769048,2172193,1036187,611543,34,277666.85,34,1,274247.25,272103.46,273955.12,278012.91,265568.59
291,18,1578204,1985515,1133459,683359,37,265568.59,34,1,277666.85,274247.25,272103.46,273955.12,267249.81
291,19,1597576,2191975,1025498,612055,37,267249.81,34,1,265568.59,277666.85,274247.25,272103.46,267385.21
291,20,1585716,2187460,1033176,622778,34,267385.21,34,1,267249.81,265568.59,277666.85,274247.25,260404.11
291,21,1618257,1965440,1130246,607195,38,260404.11,34,1,267385.21,267249.81,265568.59,277666.85,278898.7
291,22,1741917,2205541,1128366,612441,34,278898.7,34,1,260404.11,267385.21,267249.81,265568.59,270203.72
291,23,1752011,2018485,1024597,614397,34,270203.72,34,1,278898.7,260404.11,267385.21,267249.81,266711.84
291,24,1592612,2016486,1143765,669445,37,266711.84,34,1,270203.72,278898.7,260404.11,267385.21,284335.1
291,25,1769324,2172850,1117295,670195,34,284335.1,34,1,266711.84,270203.72,278898.7,260404.11,282985.0
291,26,1758266,2181488,1021605,676608,37,282985.0,34,1,284335.1,266711.84,270203.72,278898.7,265389.43
291,27,1601165,2017037,1021114,670737,37,265389.43,34,1,282985.0,284335.1,266711.84,270203.72,280615.3
291,28,1769523,2199273,1122557,615598,34,280615.3,34,1,265389.43,282985.0,284335.1,266711.84,261270.07
291,29,1610665,1997206,1122129,609010,37,261270.07,34,1,280615.3,265389.43,282985.0,284335.1,262590.7
291,30,1610493,1997301,1114917,625052,34,262590.7,34,1,261270.07,280615.3,265389.43,282985.0,
292,1,1269824,1354047,890628,537068,13,201993.26,34,1,,,,,204330.78
292,2,1254848,1486720,979768,496001,14,204330.78,34,1,201993.26,,,,192768.25
292,3,1160566,1377978,979461,486020,13,192768.25,34,1,204330.78,201993.26,,,207127.27
292,4,1242683,1497038,908458,543971,13,207127.27,34,1,192768.25,204330.78,201993.26,,193627.98
292,5,1137995,1347817,904004,539512,13,193627.98,34,1,207127.27,192768.25,204330.78,201993.26,202214.97
292,6,1240114,1489913,893467,497382,14,202214.97,34,1,193627.98,207127.27,192768.25,204330.78,201196.27
292,7,1244517,1375811,913548,532152,14,201196.27,34,1,202214.97,193627.98,207127.27,192768.25,202168.82
292,8,1249543,1469478,899856,498401,14,202168.82,34,1,201196.27,202214.97,193627.98,207127.27,196508.81
292,9,1127552,1498509,981927,494905,13,196508.81,34,1,202168.82,201196.27,202214.97,193627.98,202664.44
292,10,1266503,1372632,911344,534506,13,202664.44,34,1,196508.81,202168.82,201196.27,202214.97,195865.12
292,11,1136539,1493908,976830,484370,13,195865.12,34,1,202664.44,196508.81,202168.82,201196.27,208120.12
292,12,1250832,1501500,996540,530998,13,208120.12,34,1,195865.12,202664.44,196508.81,202168.82,195850.39
292,13,1151400,1493196,890443,489603,13,195850.39,34,1,208120.12,195865.12,202664.44,196508.81,191425.22
292,14,1153433,1375135,906126,490941,13,191425.22,34,1,195850.39,208120.12,195865.12,202664.44,195944.28
292,15,1244721,1337756,903617,493221,13,195944.28,34,1,191425.22,195850.39,208120.12,195865.12,197809.88
292,16,1147332,1497453,974370,496982,13,197809.88,34,1,195944.28,191425.22,195850.39,208120.12,201606.05
292,17,1268911,1352647,892895,533665,14,201606.05,34,1,197809.88,195944.28,191425.22,195850.39,191039.08
292,18,1128495,1368499,979389,494303,14,191039.08,34,1,201606.05,197809.88,195944.28,191425.22,199052.77
292,19,1135913,1472944,898217,544214,13,199052.77,34,1,191039.08,201606.05,197809.88,195944.28,197211.53
292,20,1242851,1362255,974296,484375,14,197211.53,34,1,199052.77,191039.08,201606.05,197809.88,196259.18
292,21,1140243,1479362,976888,492808,14,196259.18,34,1,197211.53,199052.77,191039.08,201606.05,198684.53
292,22,1265330,1348396,981630,489640,13,198684.53,34,1,196259.18,197211.53,199052.77,191039.08,188995.07
292,23,1131082,1373358,890808,483674,14,188995.07,34,1,198684.53,196259.18,197211.53,199052.77,203792.17
292,24,1250016,1490876,988647,489958,13,203792.17,34,1,188995.07,198684.53,196259.18,197211.53,198166.37
292,25,1153857,1501441,973789,494501,14,198166.37,34,1,203792.17,188995.07,198684.53,196259.18,200003.95
292,26,1242026,1343680,892316,539486,14,200003.95,34,1,198166.37,203792.17,188995.07,198684.53,193218.15
292,27,1141725,1340965,894758,537147,14,193218.15,34,1,200003.95,198166.37,203792.17,188995.07,190808.71
292,28,1161518,1351682,904359,489486,14,190808.71,34,1,193218.15,200003.95,198166.37,203792.17,199161.62
292,29,1249934,1370430,983457,495448,14,199161.62,34,1,190808.71,193218.15,200003.95,198166.37,196410.45
292,30,1249678,1348287,899422,490709,14,196410.45,34,1,199161.62,190808.71,193218.15,200003.95,
293,1,1699912,1759202,713500,287155,30,221360.58,34,1,,,,,242800.42
293,2,1901695,1954373,725743,287154,31,242800.42,34,1,221360.58,,,,240957.88
293,3,1875488,1958098,705856,287458,31,240957.88,34,1,242800.42,221360.58,,,223575.82
293,4,1711123,1782734,714973,292484,30,223575.82,34,1,240957.88,242800.42,221360.58,,233204.76
293,5,1725750,1936160,726087,315595,30,233204.76,34,1,223575.82,240957.88,242800.42,221360.58,231241.91
293,6,1706101,1982341,718358,287951,33,231241.91,34,1,233204.76,223575.82,240957.88,242800.42,240289.38
293,7,1911122,1809611,722277,320270,31,240289.38,34,1,231241.91,233204.76,223575.82,240957.88,244184.47
293,8,1883783,1959578,716820,314589,31,244184.47,34,1,240289.38,231241.91,233204.76,223575.82,230215.33
293,9,1711911,1970175,662236,288262,33,230215.33,34,1,244184.47,240289.38,231241.91,233204.76,233224.57
293,10,1730290,1949370,663370,317857,33,233224.57,34,1,230215.33,244184.47,240289.38,231241.91,226549.9
293,11,1727790,1776765,710123,317128,34,226549.9,34,1,233224.57,230215.33,244184.47,240289.38,225104.58
293,12,1740177,1766947,715821,295711,34,225104.58,34,1,226549.9,233224.57,230215.33,244184.47,230955.45
293,13,1727611,1931470,706859,294994,31,230955.45,34,1,225104.58,226549.9,233224.57,230215.33,222890.19
293,14,1723187,1760507,708454,287698,33,222890.19,34,1,230955.45,225104.58,226549.9,233224.57,230409.45
293,15,1725764,1934433,708213,288643,34,230409.45,34,1,222890.19,230955.45,225104.58,226549.9,233824.89
293,16,1720231,1977963,657541,319556,30,233824.89,34,1,230409.45,222890.19,230955.45,225104.58,226549.1
293,17,1719511,1802513,658527,320540,34,226549.1,34,1,233824.89,230409.45,222890.19,230955.45,235814.72
293,18,1866125,1805464,645501,318914,30,235814.72,34,1,226549.1,233824.89,230409.45,222890.19,233031.34
293,19,1731485,1975209,724541,291731,30,233031.34,34,1,235814.72,226549.1,233824.89,230409.45,244193.32
293,20,1883179,1974639,657065,319030,33,244193.32,34,1,233031.34,235814.72,226549.1,233824.89,241236.1
293,21,1866381,1961073,711625,294654,34,241236.1,34,1,244193.32,233031.34,235814.72,226549.1,236348.99
293,22,1906503,1785151,721029,291463,31,236348.99,34,1,241236.1,244193.32,233031.34,235814.72,238038.36
293,23,1908917,1771127,708851,317177,34,238038.36,34,1,236348.99,241236.1,244193.32,233031.34,234922.65
293,24,1745588,1979293,645015,315166,33,234922.65,34,1,238038.36,236348.99,241236.1,244193.32,231009.66
293,25,1729791,1931963,706775,293811,34,231009.66,34,1,234922.65,238038.36,236348.99,241236.1,235946.16
293,26,1864694,1788413,713254,316949,33,235946.16,34,1,231009.66,234922.65,238038.36,236348.99,236163.27
293,27,1880423,1789622,656540,317828,34,236163.27,34,1,235946.16,231009.66,234922.65,238038.36,241177.41
293,28,1891674,1942273,650149,295745,34,241177.41,34,1,236163.27,235946.16,231009.66,234922.65,228482.63
293,29,1730342,1805505,714986,322520,31,228482.63,34,1,241177.41,236163.27,235946.16,231009.66,237362.87
293,30,1881162,1779001,722312,323536,31,237362.87,34,1,228482.63,241177.41,236163.27,235946.16,
294,1,1104084,1938070,1082228,528110,9,218006.13,34,1,,,,,224222.43
294,2,1111163,2117369,1006872,522575,9,224222.43,34,1,218006.13,,,,234571.4
294,3,1219553,2066029,1091808,567737,10,234571.4,34,1,224222.43,218006.13,,,235528.31
294,4,1219816,2093315,1090943,565668,10,235528.31,34,1,234571.4,224222.43,218006.13,,214281.0
294,5,1096359,1894242,1003709,526986,9,214281.0,34,1,235528.31,234571.4,224222.43,218006.13,222595.07
294,6,1098507,2101141,1007243,521080,10,222595.07,34,1,214281.0,235528.31,234571.4,224222.43,235347.01
294,7,1213312,2107163,1006779,577257,9,235347.01,34,1,222595.07,214281.0,235528.31,234571.4,224330.63
294,8,1191512,1894793,1003598,569794,9,224330.63,34,1,235347.01,222595.07,214281.0,235528.31,228918.21
294,9,1201606,2106479,1004954,515034,10,228918.21,34,1,224330.63,235347.01,222595.07,214281.0,228938.66
294,10,1210818,1932909,1089635,573660,10,228938.66,34,1,228918.21,224330.63,235347.01,222595.07,225113.49
294,11,1100159,2108679,1096869,527987,9,225113.49,34,1,228938.66,228918.21,224330.63,235347.01,220736.56
294,12,1195945,1887489,1082274,515799,9,220736.56,34,1,225113.49,228938.66,228918.21,224330.63,214740.66
294,13,1104231,1890501,1010857,526856,9,214740.66,34,1,220736.56,225113.49,228938.66,228918.21,234892.1
294,14,1215695,2116130,992994,568855,10,234892.1,34,1,214740.66,220736.56,225113.49,228938.66,229636.22
294,15,1101012,2114613,1100523,574107,9,229636.22,34,1,234892.1,214740.66,220736.56,225113.49,227507.19
294,16,1107306,2099676,1009785,569439,10,227507.19,34,1,229636.22,234892.1,214740.66,220736.56,219149.93
294,17,1086457,1891377,1080700,575385,9,219149.93,34,1,227507.19,229636.22,234892.1,214740.66,225962.21
294,18,1089269,2076693,1006978,576437,10,225962.21,34,1,219149.93,227507.19,229636.22,234892.1,232334.56
294,19,1200667,2096986,984819,561663,9,232334.56,34,1,225962.21,219149.93,227507.19,229636.22,229692.4
294,20,1200974,2102492,1011884,524659,9,229692.4,34,1,232334.56,225962.21,219149.93,227507.19,227041.35
294,21,1219392,1911505,1002461,572272,10,227041.35,34,1,229692.4,232334.56,225962.21,219149.93,223690.48
294,22,1202484,1916655,1107598,525716,10,223690.48,34,1,227041.35,229692.4,232334.56,225962.21,233838.5
294,23,1211989,2082806,987673,576253,10,233838.5,34,1,223690.48,227041.35,229692.4,232334.56,221846.58
294,24,1191158,1915364,1107759,513981,9,221846.58,34,1,233838.5,223690.48,227041.35,229692.4,221581.41
294,25,1194862,1907960,1096059,513942,10,221581.41,34,1,221846.58,233838.5,223690.48,227041.35,227702.1
294,26,1203191,2075702,1009806,513792,10,227702.1,34,1,221581.41,221846.58,233838.5,223690.48,234737.16
294,27,1197592,2098483,1080705,572341,9,234737.16,34,1,227702.1,221581.41,221846.58,233838.5,219229.62
294,28,1090110,1910648,1013786,576908,9,219229.62,34,1,234737.16,227702.1,221581.41,221846.58,235311.21
294,29,1219641,2067553,1109190,572002,10,235311.21,34,1,219229.62,234737.16,227702.1,221581.41,220954.55
294,30,1089839,2072927,985723,526122,9,220954.55,34,1,235311.21,219229.62,234737.16,227702.1,
295,1,1192997,2075532,825123,622863,18,233835.51,34,1,,,,,231521.43
295,2,1072360,2209929,807383,624848,17,231521.43,34,1,233835.51,,,,236022.99
295,3,1178573,2260823,822584,572060,17,236022.99,34,1,231521.43,233835.51,,,218646.58
295,4,1081222,2015227,802788,566807,17,218646.58,34,1,236022.99,231521.43,233835.51,,229215.46
295,5,1098916,2231473,811842,569392,17,229215.46,34,1,218646.58,236022.99,231521.43,233835.51,233765.44
295,6,1181102,2075590,801754,634870,17,233765.44,34,1,229215.46,218646.58,236022.99,231521.43,226832.43
295,7,1192638,2014632,808520,576723,19,226832.43,34,1,233765.44,229215.46,218646.58,236022.99,234907.04
295,8,1192879,2220177,814748,569673,17,234907.04,34,1,226832.43,233765.44,229215.46,218646.58,232460.35
295,9,1085547,2210024,809723,625309,18,232460.35,34,1,234907.04,226832.43,233765.44,229215.46,226035.01
295,10,1090648,2040685,808359,629139,19,226035.01,34,1,232460.35,234907.04,226832.43,233765.44,230462.88
295,11,1099724,2215453,884049,576905,18,230462.88,34,1,226035.01,232460.35,234907.04,226832.43,231464.92
295,12,1102544,2257579,884658,566351,18,231464.92,34,1,230462.88,226035.01,232460.35,234907.04,240643.57
295,13,1181026,2249207,822392,626950,18,240643.57,34,1,231464.92,230462.88,226035.01,232460.35,228735.11
295,14,1180872,2060919,888496,570244,18,228735.11,34,1,240643.57,231464.92,230462.88,226035.01,240187.37
295,15,1182075,2224536,885049,621153,17,240187.37,34,1,228735.11,240643.57,231464.92,230462.88,233035.28
295,16,1080412,2208649,811507,635687,18,233035.28,34,1,240187.37,228735.11,240643.57,231464.92,228979.65
295,17,1089376,2241369,803344,570596,17,228979.65,34,1,233035.28,240187.37,228735.11,240643.57,237275.79
295,18,1204584,2226886,822798,582947,18,237275.79,34,1,228979.65,233035.28,240187.37,228735.11,234453.49
295,19,1096697,2208186,879655,627501,17,234453.49,34,1,237275.79,228979.65,233035.28,240187.37,225418.64
295,20,1070049,2054377,811029,630279,17,225418.64,34,1,234453.49,237275.79,228979.65,233035.28,233376.67
295,21,1188248,2038231,888526,626920,19,233376.67,34,1,225418.64,234453.49,237275.79,228979.65,229819.95
295,22,1202842,2054285,825452,581051,17,229819.95,34,1,233376.67,225418.64,234453.49,237275.79,240607.37
295,23,1193564,2216827,890806,620075,18,240607.37,34,1,229819.95,233376.67,225418.64,234453.49,236006.84
295,24,1183060,2248360,815919,575648,17,236006.84,34,1,240607.37,229819.95,233376.67,225418.64,232984.88
295,25,1091599,2218908,803575,623778,18,232984.88,34,1,236006.84,240607.37,229819.95,233376.67,233003.78
295,26,1176371,2058802,888385,621812,19,233003.78,34,1,232984.88,236006.84,240607.37,229819.95,229221.36
295,27,1076899,2257902,802320,574767,17,229221.36,34,1,233003.78,232984.88,236006.84,240607.37,231879.56
295,28,1101716,2251511,885248,574249,18,231879.56,34,1,229221.36,233003.78,232984.88,236006.84,229133.62
295,29,1171725,2062927,880509,581761,19,229133.62,34,1,231879.56,229221.36,233003.78,232984.88,222451.74
295,30,1085681,2032641,884740,582784,17,222451.74,34,1,229133.62,231879.56,229221.36,233003.78,
296,1,1717013,1937953,756267,489579,20,248898.96,34,1,,,,,247180.61
296,2,1573963,2099493,771081,495764,18,247180.61,34,1,248898.96,,,,237296.58
296,3,1561786,1901896,751096,490153,20,237296.58,34,1,247180.61,248898.96,,,244041.61
296,4,1575269,2108285,836484,444021,18,244041.61,34,1,237296.58,247180.61,248898.96,,241030.14
296,5,1689840,1889082,757964,444204,18,241030.14,34,1,244041.61,237296.58,247180.61,248898.96,236433.51
296,6,1570788,1946278,771546,449812,20,236433.51,34,1,241030.14,244041.61,237296.58,247180.61,241686.6
296,7,1544798,2094097,826382,448227,18,241686.6,34,1,236433.51,241030.14,244041.61,237296.58,243607.01
296,8,1549543,2077921,763598,485054,18,243607.01,34,1,241686.6,236433.51,241030.14,244041.61,247449.71
296,9,1582689,2085981,836854,486747,20,247449.71,34,1,243607.01,241686.6,236433.51,241030.14,255684.88
296,10,1700245,2106783,769591,496190,18,255684.88,34,1,247449.71,243607.01,241686.6,236433.51,244801.25
296,11,1712701,1930630,769590,448207,20,244801.25,34,1,255684.88,247449.71,243607.01,241686.6,254801.48
296,12,1711724,2072476,768445,494253,20,254801.48,34,1,244801.25,255684.88,247449.71,243607.01,245900.25
296,13,1542452,2127130,770647,491481,20,245900.25,34,1,254801.48,244801.25,255684.88,247449.71,246474.84
296,14,1694240,1916605,752201,489707,18,246474.84,34,1,245900.25,254801.48,244801.25,255684.88,232778.56
296,15,1540848,1898176,772313,452964,18,232778.56,34,1,246474.84,245900.25,254801.48,244801.25,234357.42
296,16,1559968,1931921,751350,444905,20,234357.42,34,1,232778.56,246474.84,245900.25,254801.48,257610.33
296,17,1706692,2122815,828946,494655,18,257610.33,34,1,234357.42,232778.56,246474.84,245900.25,244521.71
296,18,1695959,1936561,834563,442550,18,244521.71,34,1,257610.33,234357.42,232778.56,246474.84,247665.43
296,19,1563343,2122751,838475,485704,20,247665.43,34,1,244521.71,257610.33,234357.42,232778.56,254897.33
296,20,1709457,2078426,763375,495114,18,254897.33,34,1,247665.43,244521.71,257610.33,234357.42,250645.63
296,21,1689285,2083381,834698,447167,20,250645.63,34,1,254897.33,247665.43,244521.71,257610.33,236715.89
296,22,1569216,1945232,827240,444408,18,236715.89,34,1,250645.63,254897.33,247665.43,244521.71,239318.81
296,23,1556384,1925706,835191,490095,18,239318.81,34,1,236715.89,250645.63,254897.33,247665.43,242753.21
296,24,1571331,2092426,769398,452143,20,242753.21,34,1,239318.81,236715.89,250645.63,254897.33,243185.93
296,25,1702479,1908522,772940,447280,20,243185.93,34,1,242753.21,239318.81,236715.89,250645.63,250043.95
296,26,1734367,1896222,839774,493926,18,250043.95,34,1,243185.93,242753.21,239318.81,236715.89,245134.39
296,27,1707313,1922180,840452,446773,20,245134.39,34,1,250043.95,243185.93,242753.21,239318.81,245072.42
296,28,1698221,1928984,832617,450895,20,245072.42,34,1,245134.39,250043.95,243185.93,242753.21,237641.36
296,29,1557714,1923351,766854,484085,20,237641.36,34,1,245072.42,245134.39,250043.95,243185.93,251945.75
296,30,1708169,2102294,766145,451740,20,251945.75,34,1,237641.36,245072.42,245134.39,250043.95,
297,1,1236062,1941456,1054980,797538,36,250555.96,34,1,,,,,236955.51
297,2,1140868,1747408,1162870,785436,34,236955.51,34,1,250555.96,,,,246120.29
297,3,1254579,1778841,1056287,810185,36,246120.29,34,1,236955.51,250555.96,,,242239.02
297,4,1138161,1916029,1056247,787237,37,242239.02,34,1,246120.29,236955.51,250555.96,,244112.95
297,5,1134045,1741287,1135646,877506,33,244112.95,34,1,242239.02,246120.29,236955.51,250555.96,234483.92
297,6,1139064,1731259,1056153,786262,37,234483.92,34,1,244112.95,242239.02,246120.29,236955.51,251231.84
297,7,1233344,1744458,1164984,878250,36,251231.84,34,1,234483.92,244112.95,242239.02,246120.29,250762.06
297,8,1252686,1915108,1045144,801880,37,250762.06,34,1,251231.84,234483.92,244112.95,242239.02,250102.76
297,9,1146009,1897424,1061508,876463,33,250102.76,34,1,250762.06,251231.84,234483.92,244112.95,251893.59
297,10,1147075,1898252,1134542,881857,33,251893.59,34,1,250102.76,250762.06,251231.84,234483.92,251227.03
297,11,1134019,1924809,1138894,870745,34,251227.03,34,1,251893.59,250102.76,250762.06,251231.84,242572.97
297,12,1136059,1763167,1054667,863598,36,242572.97,34,1,251227.03,251893.59,250102.76,250762.06,258835.55
297,13,1234128,1934611,1157653,875196,33,258835.55,34,1,242572.97,251227.03,251893.59,250102.76,256933.58
297,14,1234722,1895753,1149958,873089,37,256933.58,34,1,258835.55,242572.97,251227.03,251893.59,243897.77
297,15,1253154,1755036,1047656,799173,36,243897.77,34,1,256933.58,258835.55,242572.97,251227.03,250613.4
297,16,1224596,1777093,1163851,862763,33,250613.4,34,1,243897.77,256933.58,258835.55,242572.97,235404.93
297,17,1119819,1771757,1055334,791685,36,235404.93,34,1,250613.4,243897.77,256933.58,258835.55,249661.97
297,18,1243126,1736392,1043776,879650,33,249661.97,34,1,235404.93,250613.4,243897.77,256933.58,250889.74
297,19,1226624,1908270,1163722,803583,36,250889.74,34,1,249661.97,235404.93,250613.4,243897.77,242808.47
297,20,1116947,1913764,1161074,790741,36,242808.47,34,1,250889.74,249661.97,235404.93,250613.4,244849.59
297,21,1145965,1768187,1158441,860478,36,244849.59,34,1,242808.47,250889.74,249661.97,235404.93,251440.95
297,22,1128686,1938829,1057807,885230,36,251440.95,34,1,244849.59,242808.47,250889.74,249661.97,250936.91
297,23,1129680,1937310,1064004,878505,33,250936.91,34,1,251440.95,244849.59,242808.47,250889.74,259844.93
297,24,1249300,1929102,1152602,878958,33,259844.93,34,1,250936.91,251440.95,244849.59,242808.47,250401.86
297,25,1224515,1917708,1139421,799748,33,250401.86,34,1,259844.93,250936.91,251440.95,244849.59,253496.05
297,26,1241266,1944531,1162905,805298,37,253496.05,34,1,250401.86,259844.93,250936.91,251440.95,246630.99
297,27,1249583,1767329,1143839,808815,36,246630.99,34,1,253496.05,250401.86,259844.93,250936.91,251025.57
297,28,1238471,1933599,1035834,808150,33,251025.57,34,1,246630.99,253496.05,250401.86,259844.93,249961.0
297,29,1253827,1908540,1057898,792897,37,249961.0,34,1,251025.57,246630.99,253496.05,250401.86,252101.56
297,30,1242237,1762440,1150333,875836,37,252101.56,34,1,249961.0,251025.57,246630.99,253496.05,
298,1,1705519,1936127,769825,631037,46,261060.89,34,1,,,,,257662.16
298,2,1579238,2149949,776338,583811,47,257662.16,34,1,261060.89,,,,251974.53
298,3,1581994,1978590,854294,583990,43,251974.53,34,1,257662.16,261060.89,,,254737.1
298,4,1568411,1967964,782081,642476,42,254737.1,34,1,251974.53,257662.16,261060.89,,248659.94
298,5,1578578,1957862,767110,575189,46,248659.94,34,1,254737.1,251974.53,257662.16,261060.89,262820.26
298,6,1718711,1953119,767490,633613,46,262820.26,34,1,248659.94,254737.1,251974.53,257662.16,270301.26
298,7,1692894,2155382,837738,628557,47,270301.26,34,1,262820.26,248659.94,254737.1,251974.53,254335.45
298,8,1554483,2107859,779786,583603,43,254335.45,34,1,270301.26,262820.26,248659.94,254737.1,259778.57
298,9,1691231,1923063,771573,632830,42,259778.57,34,1,254335.45,270301.26,262820.26,248659.94,247181.09
298,10,1543018,1953985,769391,585731,46,247181.09,34,1,259778.57,254335.45,270301.26,262820.26,263234.66
298,11,1717794,1933124,850103,633076,46,263234.66,34,1,247181.09,259778.57,254335.45,270301.26,251423.64
298,12,1571377,1979407,848418,586201,46,251423.64,34,1,263234.66,247181.09,259778.57,254335.45,246978.59
298,13,1544926,1925790,847241,580991,47,246978.59,34,1,251423.64,263234.66,247181.09,259778.57,252146.83
298,14,1570722,1924465,779219,632777,43,252146.83,34,1,246978.59,251423.64,263234.66,247181.09,264805.84
298,15,1730690,2108949,772193,573933,43,264805.84,34,1,252146.83,246978.59,251423.64,263234.66,271962.56
298,16,1722528,2154575,844642,624801,42,271962.56,34,1,264805.84,252146.83,246978.59,251423.64,248316.35
298,17,1542136,1966360,857999,577063,47,248316.35,34,1,271962.56,264805.84,252146.83,246978.59,257080.44
298,18,1702401,1972332,781755,570188,43,257080.44,34,1,248316.35,271962.56,264805.84,252146.83,257738.35
298,19,1568813,2141844,842447,583856,46,257738.35,34,1,257080.44,248316.35,271962.56,264805.84,264544.72
298,20,1701671,2108323,841237,579599,43,264544.72,34,1,257738.35,257080.44,248316.35,271962.56,255693.73
298,21,1579182,2112592,779584,578756,42,255693.73,34,1,264544.72,257738.35,257080.44,248316.35,272149.71
298,22,1712226,2146902,836003,639407,46,272149.71,34,1,255693.73,264544.72,257738.35,257080.44,265257.83
298,23,1730710,2126135,774338,570569,46,265257.83,34,1,272149.71,255693.73,264544.72,257738.35,246084.9
298,24,1550290,1931935,771454,578193,47,246084.9,34,1,265257.83,272149.71,255693.73,264544.72,271943.98
298,25,1720225,2149186,844934,628695,42,271943.98,34,1,246084.9,265257.83,272149.71,255693.73,259194.67
298,26,1724241,1956247,849324,573074,42,259194.67,34,1,271943.98,246084.9,265257.83,272149.71,252211.61
298,27,1582878,1922192,767720,627904,46,252211.61,34,1,259194.67,271943.98,246084.9,265257.83,247814.49
298,28,1561397,1921864,857738,578329,46,247814.49,34,1,252211.61,259194.67,271943.98,246084.9,272364.0
298,29,1716219,2143405,841411,639547,47,272364.0,34,1,247814.49,252211.61,259194.67,271943.98,261701.47
298,30,1567694,2142818,845900,627524,46,261701.47,34,1,272364.0,247814.49,252211.61,259194.67,
299,1,1275220,1451331,843111,709917,16,221217.37,34,1,,,,,218140.06
299,2,1287545,1485431,838484,651974,15,218140.06,34,1,221217.37,,,,227706.64
299,3,1277610,1615182,824361,707621,16,227706.64,34,1,218140.06,221217.37,,,227404.52
299,4,1257537,1594725,831846,726818,15,227404.52,34,1,227706.64,218140.06,221217.37,,231638.71
299,5,1411194,1483012,848622,712053,15,231638.71,34,1,227404.52,227706.64,218140.06,221217.37,226496.55
299,6,1256357,1594683,842633,715650,16,226496.55,34,1,231638.71,227404.52,227706.64,218140.06,224577.34
299,7,1390000,1454807,827705,665874,15,224577.34,34,1,226496.55,231638.71,227404.52,227706.64,231133.83
299,8,1388956,1632673,824462,657467,16,231133.83,34,1,224577.34,226496.55,231638.71,227404.52,232969.97
299,9,1414463,1622606,913918,647853,16,232969.97,34,1,231133.83,224577.34,226496.55,231638.71,226550.94
299,10,1410726,1472732,846662,661094,17,226550.94,34,1,232969.97,231133.83,224577.34,226496.55,223365.54
299,11,1292861,1477743,827425,711675,15,223365.54,34,1,226550.94,232969.97,231133.83,224577.34,237104.37
299,12,1399099,1629954,847038,713524,17,237104.37,34,1,223365.54,226550.94,232969.97,231133.83,236508.59
299,13,1396026,1601395,830748,725337,15,236508.59,34,1,237104.37,223365.54,226550.94,232969.97,215673.83
299,14,1255878,1468516,835207,655825,16,215673.83,34,1,236508.59,237104.37,223365.54,226550.94,227387.95
299,15,1409784,1465984,925342,659840,15,227387.95,34,1,215673.83,236508.59,237104.37,223365.54,224502.16
299,16,1399143,1452044,830934,659161,15,224502.16,34,1,227387.95,215673.83,236508.59,237104.37,230716.92
299,17,1399844,1603449,835912,656479,15,230716.92,34,1,224502.16,227387.95,215673.83,236508.59,220666.84
299,18,1258861,1453406,837384,715654,15,220666.84,34,1,230716.92,224502.16,227387.95,215673.83,223965.18
299,19,1293961,1461211,823832,725849,17,223965.18,34,1,220666.84,230716.92,224502.16,227387.95,229338.49
299,20,1376572,1484736,843972,711479,16,229338.49,34,1,223965.18,220666.84,230716.92,224502.16,224475.67
299,21,1265922,1612326,917134,664609,15,224475.67,34,1,229338.49,223965.18,220666.84,230716.92,235435.43
299,22,1383048,1594844,843963,723393,15,235435.43,34,1,224475.67,229338.49,223965.18,220666.84,223346.42
299,23,1279059,1612190,829742,658639,15,223346.42,34,1,235435.43,224475.67,229338.49,223965.18,232639.27
299,24,1410827,1477748,846260,726282,15,232639.27,34,1,223346.42,235435.43,224475.67,229338.49,238177.24
299,25,1400289,1605074,928121,721320,15,238177.24,34,1,232639.27,223346.42,235435.43,224475.67,229700.63
299,26,1278056,1627847,829694,722569,15,229700.63,34,1,238177.24,232639.27,223346.42,235435.43,232856.02
299,27,1408860,1464604,926097,721637,16,232856.02,34,1,229700.63,238177.24,232639.27,223346.42,225441.52
299,28,1410843,1451228,906466,647777,15,225441.52,34,1,232856.02,229700.63,238177.24,232639.27,229696.19
299,29,1277451,1629491,905243,708418,17,229696.19,34,1,225441.52,232856.02,229700.63,238177.24,224411.17
299,30,1294533,1469602,913920,710074,15,224411.17,34,1,229696.19,225441.52,232856.02,229700.63,
300,1,1549222,1844274,796696,402267,36,226898.97,34,1,,,,,236300.93
300,2,1711297,1822531,740929,410269,39,236300.93,34,1,226898.97,,,,225784.71
300,3,1545460,1835305,728118,409273,37,225784.71,34,1,236300.93,226898.97,,,239620.41
300,4,1689746,1865262,725495,445571,40,239620.41,34,1,225784.71,236300.93,226898.97,,241353.49
300,5,1710571,1855889,806897,439326,40,241353.49,34,1,239620.41,225784.71,236300.93,226898.97,239236.86
300,6,1691688,1847890,732176,446757,40,239236.86,34,1,241353.49,239620.41,225784.71,236300.93,226866.83
300,7,1553381,1861878,732964,402375,39,226866.83,34,1,239236.86,241353.49,239620.41,225784.71,231428.4
300,8,1547946,1864362,805592,442471,39,231428.4,34,1,226866.83,239236.86,241353.49,239620.41,234966.69
300,9,1536308,2033093,802271,412464,37,234966.69,34,1,231428.4,226866.83,239236.86,241353.49,244380.94
300,10,1679486,2003497,719717,442713,36,244380.94,34,1,234966.69,231428.4,226866.83,239236.86,240944.28
300,11,1691463,1875776,789869,442408,40,240944.28,34,1,244380.94,234966.69,231428.4,226866.83,239431.64
300,12,1573599,2044052,719177,445239,36,239431.64,34,1,240944.28,244380.94,234966.69,231428.4,236719.87
300,13,1680362,1867839,795916,406127,36,236719.87,34,1,239431.64,240944.28,244380.94,234966.69,236615.31
300,14,1576166,2028689,801333,404305,40,236615.31,34,1,236719.87,239431.64,240944.28,244380.94,243098.2
300,15,1700891,1997731,789781,403000,40,243098.2,34,1,236615.31,236719.87,239431.64,240944.28,231279.72
300,16,1545817,1856777,805299,445922,39,231279.72,34,1,243098.2,236615.31,236719.87,239431.64,233174.85
300,17,1567617,1873504,795422,445318,36,233174.85,34,1,231279.72,243098.2,236615.31,236719.87,242696.94
300,18,1676313,2022744,787930,404959,40,242696.94,34,1,233174.85,231279.72,243098.2,236615.31,234764.1
300,19,1543352,2040250,801714,401940,36,234764.1,34,1,242696.94,233174.85,231279.72,243098.2,242924.25
300,20,1690259,2006896,793412,403808,36,242924.25,34,1,234764.1,242696.94,233174.85,231279.72,243693.03
300,21,1701119,2001389,804473,405058,40,243693.03,34,1,242924.25,234764.1,242696.94,233174.85,235217.9
300,22,1570642,2019206,724660,411153,40,235217.9,34,1,243693.03,242924.25,234764.1,242696.94,238141.73
300,23,1683712,1830594,736451,447586,39,238141.73,34,1,235217.9,243693.03,242924.25,234764.1,244372.36
300,24,1695130,2040423,735635,411350,40,244372.36,34,1,238141.73,235217.9,243693.03,242924.25,234042.62
300,25,1551884,1998949,803530,406616,40,234042.62,34,1,244372.36,238141.73,235217.9,243693.03,234884.07
300,26,1552503,2029220,806100,401001,40,234884.07,34,1,234042.62,244372.36,238141.73,235217.9,242840.61
300,27,1693667,2005971,731887,412070,40,242840.61,34,1,234884.07,234042.62,244372.36,238141.73,238468.91
300,28,1697920,1819794,733252,446590,40,238468.91,34,1,242840.61,234884.07,234042.62,244372.36,242802.67
300,29,1676890,2041309,733051,407115,40,242802.67,34,1,238468.91,242840.61,234884.07,234042.62,226759.23
300,30,1567715,1819780,728024,411298,36,226759.23,34,1,242802.67,238468.91,242840.61,234884.07,
